LOCATION,DATE,T_MAX,T_MIN,T_MEAN,WEEKDAY,IS_HOLIDAY,HOLIDAY_NAME,TOTAL_DEMAND,DEMAND_LAG1,DEMAND_LAG7
Bankstown,2010-01-01,28.8,22.1,25.09,5,1,New Year's Day,374464.94,,
Bankstown,2010-01-02,29.4,21.6,24.77,6,0,,384838.07,374464.94,
Bankstown,2010-01-03,21.5,17.9,19.43,7,0,,355195.18,384838.07,
Bankstown,2010-01-04,23.9,17.9,20.63,1,0,,395602.57,355195.18,
Bankstown,2010-01-05,27.7,15.4,22.66,2,0,,423735.03,395602.57,
Bankstown,2010-01-06,25.6,20.3,22.68,3,0,,433042.65,423735.03,
Bankstown,2010-01-07,23.6,20.5,21.88,4,0,,411208.68,433042.65,
Bankstown,2010-01-08,26.3,19.7,22.88,5,0,,428486.93,411208.68,374464.94
Bankstown,2010-01-09,36.3,18.3,27.42,6,0,,443638.09,428486.93,384838.07
Bankstown,2010-01-10,29.5,22.1,25.3,7,0,,436849.95,443638.09,355195.18
Bankstown,2010-01-11,26.4,21.7,23.7,1,0,,460042.56,436849.95,395602.57
Bankstown,2010-01-12,32.0,23.1,26.94,2,0,,515344.46,460042.56,423735.03
Bankstown,2010-01-13,27.1,19.0,23.47,3,0,,469035.36,515344.46,433042.65
Bankstown,2010-01-14,22.3,19.3,20.29,4,0,,422902.33,469035.36,411208.68
Bankstown,2010-01-15,25.0,19.7,22.05,5,0,,431459.14,422902.33,428486.93
Bankstown,2010-01-16,27.2,20.9,23.51,6,0,,401807.19,431459.14,443638.09
Bankstown,2010-01-17,26.6,17.3,21.99,7,0,,379940.96,401807.19,436849.95
Bankstown,2010-01-18,24.8,14.7,20.79,1,0,,409269.07,379940.96,460042.56
Bankstown,2010-01-19,25.3,14.5,19.55,2,0,,409301.24,409269.07,515344.46
Bankstown,2010-01-20,31.2,12.0,21.93,3,0,,430673.45,409301.24,469035.36
Bankstown,2010-01-21,31.0,17.4,23.66,4,0,,477981.66,430673.45,422902.33
Bankstown,2010-01-22,36.2,21.2,27.57,5,0,,515780.37,477981.66,431459.14
Bankstown,2010-01-23,41.1,21.2,28.21,6,0,,459807.02,515780.37,401807.19
Bankstown,2010-01-24,23.0,17.7,20.75,7,0,,387132.89,459807.02,379940.96
Bankstown,2010-01-25,27.7,19.2,23.47,1,0,,446616.84,387132.89,409269.07
Bankstown,2010-01-26,32.1,23.1,26.36,2,1,Australia Day,446158.6,446616.84,409301.24
Bankstown,2010-01-27,26.6,21.9,23.68,3,0,,459424.42,446158.6,430673.45
Bankstown,2010-01-28,27.1,20.5,23.16,4,0,,454777.78,459424.42,477981.66
Bankstown,2010-01-29,27.4,18.0,22.72,5,0,,451053.64,454777.78,515780.37
Bankstown,2010-01-30,26.8,20.5,23.29,6,0,,402708.56,451053.64,459807.02
Bankstown,2010-01-31,28.5,20.6,24.4,7,0,,405149.68,402708.56,387132.89
Bankstown,2010-02-01,29.2,19.6,24.27,1,0,,459123.53,405149.68,446616.84
Bankstown,2010-02-02,26.9,21.1,23.34,2,0,,438766.99,459123.53,446158.6
Bankstown,2010-02-03,28.0,21.3,23.63,3,0,,450692.37,438766.99,459424.42
Bankstown,2010-02-04,27.8,22.3,24.61,4,0,,457173.49,450692.37,454777.78
Bankstown,2010-02-05,28.4,21.2,24.53,5,0,,461532.69,457173.49,451053.64
Bankstown,2010-02-06,23.2,20.3,21.58,6,0,,396063.39,461532.69,402708.56
Bankstown,2010-02-07,25.4,20.1,22.33,7,0,,389075.07,396063.39,405149.68
Bankstown,2010-02-08,27.6,21.5,23.67,1,0,,456712.88,389075.07,459123.53
Bankstown,2010-02-09,28.5,21.5,24.47,2,0,,471293.44,456712.88,438766.99
Bankstown,2010-02-10,29.8,19.0,23.71,3,0,,481374.55,471293.44,450692.37
Bankstown,2010-02-11,30.3,19.4,24.91,4,0,,488352.24,481374.55,457173.49
Bankstown,2010-02-12,36.8,21.5,26.64,5,0,,493638.81,488352.24,461532.69
Bankstown,2010-02-13,26.2,21.4,22.94,6,0,,415736.28,493638.81,396063.39
Bankstown,2010-02-14,27.3,20.4,22.93,7,0,,404801.96,415736.28,389075.07
Bankstown,2010-02-15,32.8,20.1,23.76,1,0,,465283.65,404801.96,456712.88
Bankstown,2010-02-16,25.1,20.0,22.41,2,0,,432507.78,465283.65,471293.44
Bankstown,2010-02-17,24.5,17.4,21.41,3,0,,431481.17,432507.78,481374.55
Bankstown,2010-02-18,24.2,16.6,20.97,4,0,,425062.91,431481.17,488352.24
Bankstown,2010-02-19,25.2,16.8,21.1,5,0,,425385.37,425062.91,493638.81
Bankstown,2010-02-20,27.5,16.2,22.34,6,0,,406467.71,425385.37,415736.28
Bankstown,2010-02-21,32.9,18.3,25.52,7,0,,423069.77,406467.71,404801.96
Bankstown,2010-02-22,35.4,19.7,27.94,1,0,,502056.01,423069.77,465283.65
Bankstown,2010-02-23,28.3,21.1,23.63,2,0,,458876.76,502056.01,432507.78
Bankstown,2010-02-24,23.9,20.0,21.68,3,0,,426309.42,458876.76,431481.17
Bankstown,2010-02-25,25.1,14.6,20.34,4,0,,428259.21,426309.42,425062.91
Bankstown,2010-02-26,25.9,15.5,20.53,5,0,,426900.66,428259.21,425385.37
Bankstown,2010-02-27,29.1,15.2,22.12,6,0,,410506.19,426900.66,406467.71
Bankstown,2010-02-28,27.2,19.0,22.23,7,0,,394711.74,410506.19,423069.77
Bankstown,2010-03-01,20.5,16.7,18.59,1,0,,410918.35,394711.74,502056.01
Bankstown,2010-03-02,21.1,18.0,19.63,2,0,,409301.57,410918.35,458876.76
Bankstown,2010-03-03,23.0,14.9,19.37,3,0,,416317.9,409301.57,426309.42
Bankstown,2010-03-04,25.7,14.0,20.79,4,0,,425295.96,416317.9,428259.21
Bankstown,2010-03-05,25.0,20.9,22.29,5,0,,428912.82,425295.96,426900.66
Bankstown,2010-03-06,28.4,20.6,23.6,6,0,,411225.94,428912.82,410506.19
Bankstown,2010-03-07,26.9,21.2,24.29,7,0,,390677.31,411225.94,394711.74
Bankstown,2010-03-08,30.1,20.9,25.6,1,0,,445518.45,390677.31,410918.35
Bankstown,2010-03-09,29.2,17.8,23.9,2,0,,431406.09,445518.45,409301.57
Bankstown,2010-03-10,20.8,18.5,19.84,3,0,,415143.88,431406.09,416317.9
Bankstown,2010-03-11,22.4,17.5,20.07,4,0,,408345.4,415143.88,425295.96
Bankstown,2010-03-12,22.7,18.1,20.61,5,0,,406133.21,408345.4,428912.82
Bankstown,2010-03-13,23.2,14.4,18.68,6,0,,374122.15,406133.21,411225.94
Bankstown,2010-03-14,23.2,14.9,19.69,7,0,,364334.37,374122.15,390677.31
Bankstown,2010-03-15,25.8,15.5,20.71,1,0,,417399.93,364334.37,445518.45
Bankstown,2010-03-16,27.4,13.9,19.56,2,0,,424310.65,417399.93,431406.09
Bankstown,2010-03-17,26.9,12.2,18.92,3,0,,426102.33,424310.65,415143.88
Bankstown,2010-03-18,27.9,13.8,20.15,4,0,,429004.38,426102.33,408345.4
Bankstown,2010-03-19,30.7,14.3,20.73,5,0,,435891.6,429004.38,406133.21
Bankstown,2010-03-20,30.4,16.8,23.68,6,0,,408233.19,435891.6,374122.15
Bankstown,2010-03-21,34.7,16.7,25.35,7,0,,400682.48,408233.19,364334.37
Bankstown,2010-03-22,23.7,19.7,21.36,1,0,,429092.77,400682.48,417399.93
Bankstown,2010-03-23,29.2,15.8,21.84,2,0,,438302.26,429092.77,424310.65
Bankstown,2010-03-24,25.2,17.3,20.9,3,0,,430214.92,438302.26,426102.33
Bankstown,2010-03-25,26.5,16.3,22.04,4,0,,436647.26,430214.92,429004.38
Bankstown,2010-03-26,34.3,17.5,24.0,5,0,,452065.86,436647.26,435891.6
Bankstown,2010-03-27,26.5,21.7,23.76,6,0,,409802.8,452065.86,408233.19
Bankstown,2010-03-28,28.0,18.4,22.9,7,0,,399821.88,409802.8,400682.48
Bankstown,2010-03-29,27.4,21.1,23.32,1,0,,439968.98,399821.88,429092.77
Bankstown,2010-03-30,21.6,19.2,20.23,2,0,,431124.75,439968.98,438302.26
Bankstown,2010-03-31,22.2,17.3,19.3,3,0,,417797.86,431124.75,430214.92
Bankstown,2010-04-01,24.5,14.2,19.19,4,0,,408841.92,417797.86,436647.26
Bankstown,2010-04-02,22.7,16.4,19.56,5,1,Good Friday,355244.72,408841.92,452065.86
Bankstown,2010-04-03,22.3,14.3,17.38,6,1,Easter Saturday,359225.81,355244.72,409802.8
Bankstown,2010-04-04,20.7,14.2,17.03,7,0,,346132.95,359225.81,399821.88
Bankstown,2010-04-05,20.8,13.7,17.09,1,1,Easter Monday,357999.91,346132.95,439968.98
Bankstown,2010-04-06,23.5,14.9,19.41,2,0,,401697.56,357999.91,431124.75
Bankstown,2010-04-07,24.5,17.8,20.37,3,0,,410194.69,401697.56,417797.86
Bankstown,2010-04-08,27.5,16.6,21.79,4,0,,413431.49,410194.69,408841.92
Bankstown,2010-04-09,23.2,14.7,18.67,5,0,,405199.41,413431.49,355244.72
Bankstown,2010-04-10,27.3,14.7,19.95,6,0,,374223.39,405199.41,359225.81
Bankstown,2010-04-11,27.5,15.6,21.33,7,0,,360465.48,374223.39,346132.95
Bankstown,2010-04-12,23.2,13.4,17.52,1,0,,398690.26,360465.48,357999.91
Bankstown,2010-04-13,20.6,10.0,15.36,2,0,,409336.07,398690.26,401697.56
Bankstown,2010-04-14,24.8,9.3,16.52,3,0,,410723.3,409336.07,410194.69
Bankstown,2010-04-15,23.4,11.5,17.68,4,0,,412467.85,410723.3,413431.49
Bankstown,2010-04-16,21.4,14.0,17.61,5,0,,408926.93,412467.85,405199.41
Bankstown,2010-04-17,24.0,13.2,17.9,6,0,,378598.53,408926.93,374223.39
Bankstown,2010-04-18,24.7,14.0,18.53,7,0,,367242.32,378598.53,360465.48
Bankstown,2010-04-19,25.4,14.1,18.1,1,0,,416593.48,367242.32,398690.26
Bankstown,2010-04-20,25.6,13.9,18.48,2,0,,419638.35,416593.48,409336.07
Bankstown,2010-04-21,25.6,13.5,17.87,3,0,,416615.49,419638.35,410723.3
Bankstown,2010-04-22,28.3,13.2,18.7,4,0,,419082.14,416615.49,412467.85
Bankstown,2010-04-23,29.9,14.3,20.59,5,0,,415237.78,419082.14,408926.93
Bankstown,2010-04-24,28.1,16.3,21.58,6,0,,375583.13,415237.78,378598.53
Bankstown,2010-04-25,21.7,14.5,18.11,7,1,ANZAC Day,357208.96,375583.13,367242.32
Bankstown,2010-04-26,20.7,10.2,14.83,1,1,ANZAC Day (observed),361679.85,357208.96,416593.48
Bankstown,2010-04-27,19.6,8.1,13.79,2,0,,409513.94,361679.85,419638.35
Bankstown,2010-04-28,24.2,7.6,15.78,3,0,,411076.21,409513.94,416615.49
Bankstown,2010-04-29,24.6,8.1,16.14,4,0,,414176.57,411076.21,419082.14
Bankstown,2010-04-30,19.7,9.0,14.57,5,0,,420551.22,414176.57,415237.78
Bankstown,2010-05-01,21.6,11.8,15.78,6,0,,383277.7,420551.22,375583.13
Bankstown,2010-05-02,25.9,10.4,16.18,7,0,,369278.13,383277.7,357208.96
Bankstown,2010-05-03,22.9,11.2,15.9,1,0,,415113.86,369278.13,361679.85
Bankstown,2010-05-04,25.0,12.3,17.08,2,0,,418582.13,415113.86,409513.94
Bankstown,2010-05-05,20.4,11.0,15.15,3,0,,415120.09,418582.13,411076.21
Bankstown,2010-05-06,20.8,7.4,14.02,4,0,,422420.49,415120.09,414176.57
Bankstown,2010-05-07,22.4,6.8,14.08,5,0,,422341.76,422420.49,420551.22
Bankstown,2010-05-08,23.1,9.0,14.89,6,0,,390516.07,422341.76,383277.7
Bankstown,2010-05-09,24.4,10.1,16.0,7,0,,371043.78,390516.07,369278.13
Bankstown,2010-05-10,24.2,9.1,15.68,1,0,,413912.5,371043.78,415113.86
Bankstown,2010-05-11,25.9,8.0,15.55,2,0,,419854.09,413912.5,418582.13
Bankstown,2010-05-12,17.8,8.4,13.07,3,0,,432496.5,419854.09,415120.09
Bankstown,2010-05-13,20.6,5.7,13.32,4,0,,438251.58,432496.5,422420.49
Bankstown,2010-05-14,19.5,8.1,14.13,5,0,,435858.55,438251.58,422341.76
Bankstown,2010-05-15,20.4,8.0,14.12,6,0,,406317.25,435858.55,390516.07
Bankstown,2010-05-16,21.1,7.6,13.89,7,0,,394571.8,406317.25,371043.78
Bankstown,2010-05-17,18.2,11.2,13.79,1,0,,441518.82,394571.8,413912.5
Bankstown,2010-05-18,16.2,12.0,13.49,2,0,,451106.53,441518.82,419854.09
Bankstown,2010-05-19,18.7,11.1,13.37,3,0,,445179.14,451106.53,432496.5
Bankstown,2010-05-20,19.2,8.3,12.39,4,0,,444364.9,445179.14,438251.58
Bankstown,2010-05-21,19.0,10.0,14.49,5,0,,440915.98,444364.9,435858.55
Bankstown,2010-05-22,17.4,10.0,13.11,6,0,,417591.58,440915.98,406317.25
Bankstown,2010-05-23,15.1,8.6,11.43,7,0,,414580.3,417591.58,394571.8
Bankstown,2010-05-24,18.5,7.5,12.46,1,0,,448115.36,414580.3,441518.82
Bankstown,2010-05-25,16.2,11.5,14.16,2,0,,450198.46,448115.36,451106.53
Bankstown,2010-05-26,17.8,11.1,14.83,3,0,,453226.11,450198.46,445179.14
Bankstown,2010-05-27,18.3,11.5,15.82,4,0,,445150.78,453226.11,444364.9
Bankstown,2010-05-28,21.0,9.0,13.78,5,0,,439364.65,445150.78,440915.98
Bankstown,2010-05-29,16.6,12.1,14.89,6,0,,418494.56,439364.65,417591.58
Bankstown,2010-05-30,18.8,8.6,13.99,7,0,,402277.73,418494.56,414580.3
Bankstown,2010-05-31,18.9,11.1,15.44,1,0,,443135.39,402277.73,448115.36
Bankstown,2010-06-01,18.4,9.5,13.21,2,0,,448830.47,443135.39,450198.46
Bankstown,2010-06-02,18.6,8.6,13.7,3,0,,447732.92,448830.47,453226.11
Bankstown,2010-06-03,17.9,13.8,15.64,4,0,,447550.78,447732.92,445150.78
Bankstown,2010-06-04,18.3,13.9,16.19,5,0,,449732.86,447550.78,439364.65
Bankstown,2010-06-05,19.0,11.6,14.57,6,0,,418426.5,449732.86,418494.56
Bankstown,2010-06-06,17.7,8.6,12.69,7,0,,414995.48,418426.5,402277.73
Bankstown,2010-06-07,15.3,6.4,11.38,1,0,,460985.38,414995.48,443135.39
Bankstown,2010-06-08,17.8,7.3,11.34,2,0,,466213.22,460985.38,448830.47
Bankstown,2010-06-09,16.6,4.6,9.46,3,0,,471720.18,466213.22,447732.92
Bankstown,2010-06-10,16.0,5.5,11.45,4,0,,475191.33,471720.18,447550.78
Bankstown,2010-06-11,17.0,3.6,9.58,5,0,,479572.64,475191.33,449732.86
Bankstown,2010-06-12,15.5,5.0,10.32,6,0,,449101.32,479572.64,418426.5
Bankstown,2010-06-13,16.5,5.2,9.41,7,0,,434452.27,449101.32,414995.48
Bankstown,2010-06-14,18.0,3.0,7.74,1,1,Queen's Birthday,441780.67,434452.27,460985.38
Bankstown,2010-06-15,19.0,4.1,9.69,2,0,,478967.98,441780.67,466213.22
Bankstown,2010-06-16,19.6,5.0,11.25,3,0,,468546.51,478967.98,471720.18
Bankstown,2010-06-17,17.4,12.7,15.15,4,0,,470365.55,468546.51,475191.33
Bankstown,2010-06-18,17.3,5.1,11.28,5,0,,464538.67,470365.55,479572.64
Bankstown,2010-06-19,19.3,3.1,11.66,6,0,,436158.77,464538.67,449101.32
Bankstown,2010-06-20,18.8,4.6,10.78,7,0,,422157.78,436158.77,434452.27
Bankstown,2010-06-21,16.8,4.9,10.38,1,0,,470512.14,422157.78,441780.67
Bankstown,2010-06-22,17.0,10.6,13.39,2,0,,471896.41,470512.14,478967.98
Bankstown,2010-06-23,15.4,8.4,12.77,3,0,,468169.4,471896.41,468546.51
Bankstown,2010-06-24,18.0,9.7,12.82,4,0,,460321.29,468169.4,470365.55
Bankstown,2010-06-25,18.4,9.5,13.27,5,0,,451673.72,460321.29,464538.67
Bankstown,2010-06-26,19.0,9.1,14.22,6,0,,424848.7,451673.72,436158.77
Bankstown,2010-06-27,14.8,3.9,9.12,7,0,,438807.16,424848.7,422157.78
Bankstown,2010-06-28,15.4,2.7,7.4,1,0,,489608.85,438807.16,470512.14
Bankstown,2010-06-29,13.9,-0.3,4.94,2,0,,507854.2,489608.85,471896.41
Bankstown,2010-06-30,15.7,-0.5,6.68,3,0,,510489.32,507854.2,468169.4
Bankstown,2010-07-01,16.9,1.6,8.06,4,0,,503563.47,510489.32,460321.29
Bankstown,2010-07-02,12.1,3.2,8.5,5,0,,514509.12,503563.47,451673.72
Bankstown,2010-07-03,15.1,6.3,9.99,6,0,,463880.21,514509.12,424848.7
Bankstown,2010-07-04,16.9,6.5,11.32,7,0,,444069.68,463880.21,438807.16
Bankstown,2010-07-05,14.2,7.4,10.42,1,0,,487307.46,444069.68,489608.85
Bankstown,2010-07-06,16.8,8.3,11.89,2,0,,482096.72,487307.46,507854.2
Bankstown,2010-07-07,16.0,8.2,11.8,3,0,,488463.05,482096.72,510489.32
Bankstown,2010-07-08,15.2,6.3,11.45,4,0,,487287.61,488463.05,503563.47
Bankstown,2010-07-09,16.6,6.7,11.48,5,0,,474290.29,487287.61,514509.12
Bankstown,2010-07-10,17.3,4.6,11.0,6,0,,437416.31,474290.29,463880.21
Bankstown,2010-07-11,20.0,9.5,13.73,7,0,,413084.17,437416.31,444069.68
Bankstown,2010-07-12,16.9,6.3,10.88,1,0,,459561.97,413084.17,487307.46
Bankstown,2010-07-13,16.5,8.0,13.58,2,0,,456243.06,459561.97,482096.72
Bankstown,2010-07-14,18.3,12.2,15.55,3,0,,445971.93,456243.06,488463.05
Bankstown,2010-07-15,17.0,9.3,12.69,4,0,,462808.5,445971.93,487287.61
Bankstown,2010-07-16,16.1,5.1,9.76,5,0,,474114.08,462808.5,474290.29
Bankstown,2010-07-17,18.3,5.0,9.92,6,0,,440482.82,474114.08,437416.31
Bankstown,2010-07-18,19.0,2.8,9.37,7,0,,423680.75,440482.82,413084.17
Bankstown,2010-07-19,15.5,5.0,9.46,1,0,,480790.01,423680.75,459561.97
Bankstown,2010-07-20,16.2,5.7,10.41,2,0,,486064.39,480790.01,456243.06
Bankstown,2010-07-21,15.0,4.0,8.89,3,0,,494654.81,486064.39,445971.93
Bankstown,2010-07-22,14.8,5.1,9.64,4,0,,497251.77,494654.81,462808.5
Bankstown,2010-07-23,17.8,6.1,11.77,5,0,,478403.95,497251.77,474114.08
Bankstown,2010-07-24,17.1,7.8,11.52,6,0,,440787.09,478403.95,440482.82
Bankstown,2010-07-25,16.5,8.7,12.04,7,0,,426401.71,440787.09,423680.75
Bankstown,2010-07-26,15.9,8.1,11.39,1,0,,470677.15,426401.71,480790.01
Bankstown,2010-07-27,16.9,5.5,10.17,2,0,,475305.96,470677.15,486064.39
Bankstown,2010-07-28,14.7,9.8,12.43,3,0,,480707.04,475305.96,494654.81
Bankstown,2010-07-29,16.2,10.5,13.22,4,0,,467977.24,480707.04,497251.77
Bankstown,2010-07-30,20.9,11.5,15.7,5,0,,448068.53,467977.24,478403.95
Bankstown,2010-07-31,20.6,10.7,15.27,6,0,,410653.12,448068.53,440787.09
Bankstown,2010-08-01,20.3,4.8,12.62,7,0,,405388.18,410653.12,426401.71
Bankstown,2010-08-02,14.9,4.9,11.01,1,1,Bank Holiday,474212.91,405388.18,470677.15
Bankstown,2010-08-03,16.9,9.4,13.72,2,0,,477643.69,474212.91,475305.96
Bankstown,2010-08-04,18.1,6.5,11.32,3,0,,463918.62,477643.69,480707.04
Bankstown,2010-08-05,14.4,3.1,8.92,4,0,,471673.17,463918.62,467977.24
Bankstown,2010-08-06,15.9,3.9,10.08,5,0,,476312.64,471673.17,448068.53
Bankstown,2010-08-07,15.3,5.3,10.08,6,0,,445965.86,476312.64,410653.12
Bankstown,2010-08-08,17.4,4.0,9.27,7,0,,430551.67,445965.86,405388.18
Bankstown,2010-08-09,18.1,3.3,8.85,1,0,,466960.62,430551.67,474212.91
Bankstown,2010-08-10,13.7,6.7,10.6,2,0,,478203.53,466960.62,477643.69
Bankstown,2010-08-11,17.5,8.8,13.16,3,0,,460679.78,478203.53,463918.62
Bankstown,2010-08-12,16.4,10.3,13.81,4,0,,469950.85,460679.78,471673.17
Bankstown,2010-08-13,17.6,5.7,11.95,5,0,,457377.08,469950.85,476312.64
Bankstown,2010-08-14,20.6,4.5,11.88,6,0,,418805.29,457377.08,445965.86
Bankstown,2010-08-15,19.5,11.7,15.31,7,0,,397074.43,418805.29,430551.67
Bankstown,2010-08-16,18.3,8.8,13.98,1,0,,438989.58,397074.43,466960.62
Bankstown,2010-08-17,17.1,4.4,10.48,2,0,,461532.29,438989.58,478203.53
Bankstown,2010-08-18,18.9,2.8,11.8,3,0,,457236.68,461532.29,460679.78
Bankstown,2010-08-19,24.3,11.6,18.34,4,0,,424058.08,457236.68,469950.85
Bankstown,2010-08-20,18.4,5.3,12.45,5,0,,428403.61,424058.08,457377.08
Bankstown,2010-08-21,16.3,6.1,12.06,6,0,,414317.51,428403.61,418805.29
Bankstown,2010-08-22,17.6,5.1,11.97,7,0,,408966.05,414317.51,397074.43
Bankstown,2010-08-23,15.1,10.1,12.5,1,0,,459753.3,408966.05,438989.58
Bankstown,2010-08-24,19.1,7.5,14.04,2,0,,445009.62,459753.3,461532.29
Bankstown,2010-08-25,16.9,6.9,12.76,3,0,,446841.5,445009.62,457236.68
Bankstown,2010-08-26,16.6,9.2,12.9,4,0,,457181.93,446841.5,424058.08
Bankstown,2010-08-27,18.8,8.8,13.64,5,0,,449412.71,457181.93,428403.61
Bankstown,2010-08-28,15.8,5.0,10.93,6,0,,423027.03,449412.71,414317.51
Bankstown,2010-08-29,18.1,5.3,11.47,7,0,,406076.53,423027.03,408966.05
Bankstown,2010-08-30,17.7,7.3,13.07,1,0,,438034.88,406076.53,459753.3
Bankstown,2010-08-31,21.2,8.8,14.4,2,0,,434289.3,438034.88,445009.62
Bankstown,2010-09-01,25.1,9.9,17.13,3,0,,421534.34,434289.3,446841.5
Bankstown,2010-09-02,17.8,13.7,15.59,4,0,,427875.47,421534.34,457181.93
Bankstown,2010-09-03,16.9,13.0,14.53,5,0,,430566.82,427875.47,449412.71
Bankstown,2010-09-04,20.6,13.8,17.53,6,0,,397371.52,430566.82,423027.03
Bankstown,2010-09-05,20.6,13.4,17.88,7,0,,368426.12,397371.52,406076.53
Bankstown,2010-09-06,19.5,7.6,14.13,1,0,,421617.34,368426.12,438034.88
Bankstown,2010-09-07,15.7,6.1,11.64,2,0,,439970.18,421617.34,434289.3
Bankstown,2010-09-08,16.5,5.4,11.14,3,0,,434121.58,439970.18,421534.34
Bankstown,2010-09-09,18.4,6.2,12.51,4,0,,439932.81,434121.58,427875.47
Bankstown,2010-09-10,22.6,9.4,15.68,5,0,,426389.53,439932.81,430566.82
Bankstown,2010-09-11,18.8,6.1,12.96,6,0,,392885.31,426389.53,397371.52
Bankstown,2010-09-12,19.7,5.4,12.74,7,0,,379770.62,392885.31,368426.12
Bankstown,2010-09-13,23.3,11.5,16.82,1,0,,411423.05,379770.62,421617.34
Bankstown,2010-09-14,17.6,10.5,14.44,2,0,,430148.74,411423.05,439970.18
Bankstown,2010-09-15,21.8,10.9,15.31,3,0,,420801.1,430148.74,434121.58
Bankstown,2010-09-16,20.9,8.2,14.24,4,0,,419642.98,420801.1,439932.81
Bankstown,2010-09-17,19.4,7.8,12.81,5,0,,422325.94,419642.98,426389.53
Bankstown,2010-09-18,21.8,4.9,12.58,6,0,,388139.1,422325.94,392885.31
Bankstown,2010-09-19,18.2,7.5,13.0,7,0,,380058.72,388139.1,379770.62
Bankstown,2010-09-20,19.3,8.7,13.68,1,0,,422786.96,380058.72,411423.05
Bankstown,2010-09-21,22.4,8.7,14.82,2,0,,421196.69,422786.96,430148.74
Bankstown,2010-09-22,20.6,12.6,15.76,3,0,,414410.22,421196.69,420801.1
Bankstown,2010-09-23,18.2,12.6,15.74,4,0,,416823.31,414410.22,419642.98
Bankstown,2010-09-24,23.4,9.7,16.05,5,0,,410080.42,416823.31,422325.94
Bankstown,2010-09-25,25.5,10.0,16.38,6,0,,373817.26,410080.42,388139.1
Bankstown,2010-09-26,23.7,8.1,15.95,7,0,,358622.9,373817.26,380058.72
Bankstown,2010-09-27,27.0,9.4,18.58,1,0,,396034.96,358622.9,422786.96
Bankstown,2010-09-28,25.6,8.2,17.93,2,0,,400205.75,396034.96,421196.69
Bankstown,2010-09-29,16.5,9.3,13.08,3,0,,409239.24,400205.75,414410.22
Bankstown,2010-09-30,17.6,5.1,11.56,4,0,,417667.93,409239.24,416823.31
Bankstown,2010-10-01,18.0,6.2,13.25,5,0,,415816.12,417667.93,410080.42
Bankstown,2010-10-02,19.4,12.1,15.31,6,0,,377929.46,415816.12,373817.26
Bankstown,2010-10-03,19.4,14.1,16.13,7,0,,359890.55,377929.46,358622.9
Bankstown,2010-10-04,20.6,14.5,17.15,1,1,Labour Day,360217.2,359890.55,396034.96
Bankstown,2010-10-05,22.9,14.5,18.16,2,0,,403702.62,360217.2,400205.75
Bankstown,2010-10-06,21.9,14.6,17.33,3,0,,404755.38,403702.62,409239.24
Bankstown,2010-10-07,21.9,13.6,16.14,4,0,,403497.96,404755.38,417667.93
Bankstown,2010-10-08,19.5,11.1,15.98,5,0,,404605.69,403497.96,415816.12
Bankstown,2010-10-09,17.9,13.6,16.4,6,0,,376048.47,404605.69,377929.46
Bankstown,2010-10-10,20.2,13.4,16.58,7,0,,360975.41,376048.47,359890.55
Bankstown,2010-10-11,20.6,13.2,17.7,1,0,,404793.81,360975.41,360217.2
Bankstown,2010-10-12,21.9,15.2,18.18,2,0,,413037.28,404793.81,403702.62
Bankstown,2010-10-13,26.2,13.2,18.24,3,0,,411524.7,413037.28,404755.38
Bankstown,2010-10-14,26.7,17.7,21.57,4,0,,415300.56,411524.7,403497.96
Bankstown,2010-10-15,25.4,16.5,20.99,5,0,,408427.7,415300.56,404605.69
Bankstown,2010-10-16,16.8,10.7,13.48,6,0,,378338.98,408427.7,376048.47
Bankstown,2010-10-17,22.5,8.1,14.99,7,0,,363724.89,378338.98,360975.41
Bankstown,2010-10-18,23.8,9.3,16.68,1,0,,402786.51,363724.89,404793.81
Bankstown,2010-10-19,16.4,10.2,14.53,2,0,,414834.44,402786.51,413037.28
Bankstown,2010-10-20,20.6,9.7,15.6,3,0,,404128.51,414834.44,411524.7
Bankstown,2010-10-21,21.9,9.8,16.26,4,0,,406818.38,404128.51,415300.56
Bankstown,2010-10-22,23.7,11.5,18.32,5,0,,405014.06,406818.38,408427.7
Bankstown,2010-10-23,28.0,11.9,18.62,6,0,,373110.94,405014.06,378338.98
Bankstown,2010-10-24,16.2,13.0,14.03,7,0,,370331.8,373110.94,363724.89
Bankstown,2010-10-25,18.5,10.8,15.04,1,0,,405767.41,370331.8,402786.51
Bankstown,2010-10-26,25.0,7.9,16.35,2,0,,406429.36,405767.41,414834.44
Bankstown,2010-10-27,21.2,9.7,16.37,3,0,,406425.86,406429.36,404128.51
Bankstown,2010-10-28,19.3,12.9,16.65,4,0,,404061.12,406425.86,406818.38
Bankstown,2010-10-29,19.7,10.7,15.82,5,0,,402799.91,404061.12,405014.06
Bankstown,2010-10-30,25.4,12.4,19.04,6,0,,376364.28,402799.91,373110.94
Bankstown,2010-10-31,25.9,18.2,21.09,7,0,,362306.71,376364.28,370331.8
Bankstown,2010-11-01,20.0,14.3,16.88,1,0,,405241.04,362306.71,405767.41
Bankstown,2010-11-02,17.4,9.6,13.74,2,0,,400958.11,405241.04,406429.36
Bankstown,2010-11-03,22.5,7.9,14.49,3,0,,399870.69,400958.11,406425.86
Bankstown,2010-11-04,17.8,13.1,14.59,4,0,,402442.07,399870.69,404061.12
Bankstown,2010-11-05,17.0,12.4,14.73,5,0,,401586.33,402442.07,402799.91
Bankstown,2010-11-06,17.0,13.2,14.52,6,0,,372721.98,401586.33,376364.28
Bankstown,2010-11-07,21.1,10.4,16.58,7,0,,357695.94,372721.98,362306.71
Bankstown,2010-11-08,27.9,13.0,18.88,1,0,,404939.85,357695.94,405241.04
Bankstown,2010-11-09,23.0,16.1,19.03,2,0,,409423.46,404939.85,400958.11
Bankstown,2010-11-10,28.0,16.3,20.09,3,0,,415926.41,409423.46,399870.69
Bankstown,2010-11-11,26.4,18.3,21.98,4,0,,419557.56,415926.41,402442.07
Bankstown,2010-11-12,28.4,15.2,21.76,5,0,,431943.06,419557.56,401586.33
Bankstown,2010-11-13,31.4,16.2,23.13,6,0,,403440.8,431943.06,372721.98
Bankstown,2010-11-14,31.3,20.6,24.95,7,0,,396985.93,403440.8,357695.94
Bankstown,2010-11-15,22.8,17.8,19.73,1,0,,420601.41,396985.93,404939.85
Bankstown,2010-11-16,21.0,16.4,18.35,2,0,,408432.94,420601.41,409423.46
Bankstown,2010-11-17,20.7,15.3,17.45,3,0,,402251.57,408432.94,415926.41
Bankstown,2010-11-18,24.6,13.4,19.2,4,0,,405768.82,402251.57,419557.56
Bankstown,2010-11-19,19.2,15.8,17.08,5,0,,396198.82,405768.82,431943.06
Bankstown,2010-11-20,22.0,10.2,16.96,6,0,,366407.07,396198.82,403440.8
Bankstown,2010-11-21,23.2,11.7,18.02,7,0,,355689.97,366407.07,396985.93
Bankstown,2010-11-22,24.0,13.3,19.19,1,0,,408603.89,355689.97,420601.41
Bankstown,2010-11-23,25.2,13.8,20.37,2,0,,414914.71,408603.89,408432.94
Bankstown,2010-11-24,25.1,14.3,20.67,3,0,,423424.63,414914.71,402251.57
Bankstown,2010-11-25,27.3,16.1,22.16,4,0,,434377.91,423424.63,405768.82
Bankstown,2010-11-26,27.3,16.3,21.7,5,0,,428515.01,434377.91,396198.82
Bankstown,2010-11-27,27.3,15.8,21.84,6,0,,392515.05,428515.01,366407.07
Bankstown,2010-11-28,24.6,18.1,20.55,7,0,,363208.09,392515.05,355689.97
Bankstown,2010-11-29,21.3,16.9,18.26,1,0,,400467.09,363208.09,408603.89
Bankstown,2010-11-30,21.7,16.6,18.87,2,0,,406384.06,400467.09,414914.71
Bankstown,2010-12-01,21.3,17.6,19.11,3,0,,407400.05,406384.06,423424.63
Bankstown,2010-12-02,24.3,18.3,21.0,4,0,,411616.37,407400.05,434377.91
Bankstown,2010-12-03,25.3,19.4,22.05,5,0,,418624.66,411616.37,428515.01
Bankstown,2010-12-04,24.6,18.7,20.99,6,0,,384304.64,418624.66,392515.05
Bankstown,2010-12-05,25.6,18.4,21.58,7,0,,371372.41,384304.64,363208.09
Bankstown,2010-12-06,26.4,18.5,22.77,1,0,,424875.41,371372.41,400467.09
Bankstown,2010-12-07,26.4,19.5,23.02,2,0,,429544.89,424875.41,406384.06
Bankstown,2010-12-08,28.0,18.7,23.93,3,0,,442420.95,429544.89,407400.05
Bankstown,2010-12-09,31.4,21.4,25.23,4,0,,454826.11,442420.95,411616.37
Bankstown,2010-12-10,28.9,18.8,23.57,5,0,,432071.74,454826.11,418624.66
Bankstown,2010-12-11,29.0,13.8,20.81,6,0,,381234.25,432071.74,384304.64
Bankstown,2010-12-12,30.8,14.6,22.79,7,0,,372062.39,381234.25,371372.41
Bankstown,2010-12-13,23.9,16.9,20.87,1,0,,422473.07,372062.39,424875.41
Bankstown,2010-12-14,24.3,19.3,21.68,2,0,,423996.54,422473.07,429544.89
Bankstown,2010-12-15,27.2,18.5,22.9,3,0,,439449.09,423996.54,442420.95
Bankstown,2010-12-16,24.2,18.1,20.67,4,0,,425507.79,439449.09,454826.11
Bankstown,2010-12-17,26.0,17.7,21.06,5,0,,403071.94,425507.79,432071.74
Bankstown,2010-12-18,25.3,16.6,20.95,6,0,,363555.55,403071.94,381234.25
Bankstown,2010-12-19,26.6,14.8,19.71,7,0,,351587.98,363555.55,372062.39
Bankstown,2010-12-20,21.3,14.1,18.97,1,0,,380689.41,351587.98,422473.07
Bankstown,2010-12-21,27.0,11.5,20.12,2,0,,394073.03,380689.41,423996.54
Bankstown,2010-12-22,23.1,12.7,19.91,3,0,,402993.72,394073.03,439449.09
Bankstown,2010-12-23,30.9,15.8,22.13,4,0,,406505.05,402993.72,425507.79
Bankstown,2010-12-24,22.7,15.8,19.75,5,0,,375404.0,406505.05,403071.94
Bankstown,2010-12-25,27.7,13.6,22.21,6,1,Christmas Day,344362.35,375404.0,363555.55
Bankstown,2010-12-26,30.5,18.7,22.81,7,1,Boxing Day,344254.38,344362.35,351587.98
Bankstown,2010-12-27,19.3,15.1,17.69,1,1,Boxing Day (observed),340975.82,344254.38,380689.41
Bankstown,2010-12-28,20.6,14.7,17.9,2,0,,339880.08,340975.82,394073.03
Bankstown,2010-12-29,25.7,15.7,21.44,3,0,,374208.64,339880.08,402993.72
Bankstown,2010-12-30,27.5,16.8,22.59,4,0,,399797.68,374208.64,406505.05
Bankstown,2010-12-31,29.3,18.8,23.63,5,0,,416440.79,399797.68,375404.0
Bankstown,2011-01-01,34.1,18.0,24.3,6,1,New Year's Day,402522.57,416440.79,344362.35
Bankstown,2011-01-02,26.9,19.2,22.06,7,0,,377216.08,402522.57,344254.38
Bankstown,2011-01-03,21.2,17.9,19.18,1,1,New Year's Day (observed),354758.92,377216.08,340975.82
Bankstown,2011-01-04,21.2,17.3,19.5,2,0,,384017.3,354758.92,339880.08
Bankstown,2011-01-05,24.4,14.0,20.22,3,0,,390283.35,384017.3,374208.64
Bankstown,2011-01-06,24.8,18.4,21.39,4,0,,398458.42,390283.35,399797.68
Bankstown,2011-01-07,26.9,17.5,21.72,5,0,,406812.1,398458.42,416440.79
Bankstown,2011-01-08,27.6,19.6,23.67,6,0,,391821.76,406812.1,402522.57
Bankstown,2011-01-09,27.4,21.6,23.96,7,0,,382318.11,391821.76,377216.08
Bankstown,2011-01-10,25.7,21.6,23.39,1,0,,420652.42,382318.11,354758.92
Bankstown,2011-01-11,25.5,21.7,23.72,2,0,,422660.14,420652.42,384017.3
Bankstown,2011-01-12,28.6,22.5,25.25,3,0,,441053.1,422660.14,390283.35
Bankstown,2011-01-13,27.3,22.9,24.73,4,0,,443494.35,441053.1,398458.42
Bankstown,2011-01-14,28.7,21.5,24.78,5,0,,442088.59,443494.35,406812.1
Bankstown,2011-01-15,30.8,21.9,24.75,6,0,,413507.05,442088.59,391821.76
Bankstown,2011-01-16,29.2,21.8,24.81,7,0,,409126.99,413507.05,382318.11
Bankstown,2011-01-17,30.6,19.1,22.82,1,0,,454160.4,409126.99,420652.42
Bankstown,2011-01-18,25.9,19.4,22.29,2,0,,427109.83,454160.4,422660.14
Bankstown,2011-01-19,26.1,19.4,22.49,3,0,,427564.19,427109.83,441053.1
Bankstown,2011-01-20,28.0,18.4,23.94,4,0,,438567.11,427564.19,443494.35
Bankstown,2011-01-21,28.9,19.4,23.89,5,0,,450397.45,438567.11,442088.59
Bankstown,2011-01-22,29.6,17.8,24.09,6,0,,411356.02,450397.45,413507.05
Bankstown,2011-01-23,30.3,20.1,24.29,7,0,,395778.15,411356.02,409126.99
Bankstown,2011-01-24,34.6,19.3,26.21,1,0,,463187.07,395778.15,454160.4
Bankstown,2011-01-25,31.2,22.1,25.35,2,0,,481566.29,463187.07,427109.83
Bankstown,2011-01-26,32.7,20.7,25.32,3,1,Australia Day,460675.18,481566.29,427564.19
Bankstown,2011-01-27,30.4,22.7,25.27,4,0,,492351.56,460675.18,438567.11
Bankstown,2011-01-28,25.6,20.7,22.77,5,0,,437576.72,492351.56,450397.45
Bankstown,2011-01-29,25.9,16.1,21.45,6,0,,389781.16,437576.72,411356.02
Bankstown,2011-01-30,30.0,14.8,23.3,7,0,,410150.77,389781.16,395778.15
Bankstown,2011-01-31,35.7,19.4,26.54,1,0,,513153.4,410150.77,463187.07
Bankstown,2011-02-01,40.6,20.5,29.11,2,0,,545722.52,513153.4,481566.29
Bankstown,2011-02-02,32.2,25.6,28.48,3,0,,553911.24,545722.52,460675.18
Bankstown,2011-02-03,36.7,24.4,27.83,4,0,,543437.8,553911.24,492351.56
Bankstown,2011-02-04,33.1,23.0,26.92,5,0,,534715.95,543437.8,437576.72
Bankstown,2011-02-05,40.7,23.6,33.31,6,0,,517667.23,534715.95,389781.16
Bankstown,2011-02-06,32.6,16.7,23.77,7,0,,428236.45,517667.23,410150.77
Bankstown,2011-02-07,22.7,16.6,19.6,1,0,,411076.9,428236.45,513153.4
Bankstown,2011-02-08,23.9,17.9,20.97,2,0,,420962.98,411076.9,545722.52
Bankstown,2011-02-09,25.2,15.4,20.97,3,0,,420434.39,420962.98,553911.24
Bankstown,2011-02-10,26.9,16.6,21.85,4,0,,434669.64,420434.39,543437.8
Bankstown,2011-02-11,34.6,18.2,25.55,5,0,,460483.47,434669.64,534715.95
Bankstown,2011-02-12,23.2,19.2,21.34,6,0,,395857.14,460483.47,517667.23
Bankstown,2011-02-13,22.4,19.3,20.56,7,0,,369934.79,395857.14,428236.45
Bankstown,2011-02-14,23.0,19.3,20.97,1,0,,411244.72,369934.79,411076.9
Bankstown,2011-02-15,25.1,15.2,20.34,2,0,,415471.61,411244.72,420962.98
Bankstown,2011-02-16,26.8,18.8,22.44,3,0,,424915.09,415471.61,420434.39
Bankstown,2011-02-17,31.0,20.4,25.53,4,0,,451992.7,424915.09,434669.64
Bankstown,2011-02-18,27.0,22.0,23.91,5,0,,443761.8,451992.7,460483.47
Bankstown,2011-02-19,34.2,21.3,26.49,6,0,,441412.69,443761.8,395857.14
Bankstown,2011-02-20,32.0,22.4,27.21,7,0,,445676.31,441412.69,369934.79
Bankstown,2011-02-21,24.3,19.3,21.19,1,0,,432042.65,445676.31,411244.72
Bankstown,2011-02-22,21.4,16.8,18.8,2,0,,412301.53,432042.65,415471.61
Bankstown,2011-02-23,24.3,15.9,19.47,3,0,,415191.66,412301.53,424915.09
Bankstown,2011-02-24,27.6,13.3,20.52,4,0,,425519.61,415191.66,451992.7
Bankstown,2011-02-25,28.2,14.5,21.81,5,0,,425762.12,425519.61,443761.8
Bankstown,2011-02-26,29.6,18.4,23.71,6,0,,409965.23,425762.12,441412.69
Bankstown,2011-02-27,30.1,18.0,23.21,7,0,,388465.81,409965.23,445676.31
Bankstown,2011-02-28,26.8,21.7,23.39,1,0,,448046.64,388465.81,432042.65
Bankstown,2011-03-01,33.6,19.5,24.7,2,0,,449662.42,448046.64,412301.53
Bankstown,2011-03-02,21.7,18.0,20.08,3,0,,415117.77,449662.42,415191.66
Bankstown,2011-03-03,30.4,15.5,21.81,4,0,,421316.44,415117.77,425519.61
Bankstown,2011-03-04,28.0,15.7,21.83,5,0,,422290.59,421316.44,425762.12
Bankstown,2011-03-05,21.1,17.4,18.96,6,0,,367459.61,422290.59,409965.23
Bankstown,2011-03-06,21.2,14.8,19.3,7,0,,353901.14,367459.61,388465.81
Bankstown,2011-03-07,25.5,12.7,19.69,1,0,,408033.25,353901.14,448046.64
Bankstown,2011-03-08,27.8,13.6,20.96,2,0,,424851.57,408033.25,449662.42
Bankstown,2011-03-09,30.3,18.2,24.15,3,0,,429778.11,424851.57,415117.77
Bankstown,2011-03-10,29.2,20.2,23.62,4,0,,432962.1,429778.11,421316.44
Bankstown,2011-03-11,24.9,20.9,22.78,5,0,,431344.96,432962.1,422290.59
Bankstown,2011-03-12,29.1,20.1,23.67,6,0,,401974.87,431344.96,367459.61
Bankstown,2011-03-13,31.2,18.8,23.32,7,0,,403684.66,401974.87,353901.14
Bankstown,2011-03-14,26.7,19.7,21.83,1,0,,428091.56,403684.66,408033.25
Bankstown,2011-03-15,25.3,17.9,20.8,2,0,,422974.1,428091.56,424851.57
Bankstown,2011-03-16,27.3,17.6,21.7,3,0,,429439.73,422974.1,429778.11
Bankstown,2011-03-17,24.8,19.0,21.63,4,0,,429307.51,429439.73,432962.1
Bankstown,2011-03-18,23.6,19.6,20.82,5,0,,417625.18,429307.51,431344.96
Bankstown,2011-03-19,22.7,19.0,20.47,6,0,,381767.66,417625.18,401974.87
Bankstown,2011-03-20,23.6,18.6,20.84,7,0,,370465.16,381767.66,403684.66
Bankstown,2011-03-21,25.6,20.5,22.25,1,0,,431179.32,370465.16,428091.56
Bankstown,2011-03-22,30.0,19.9,24.06,2,0,,448112.21,431179.32,422974.1
Bankstown,2011-03-23,30.4,19.0,23.5,3,0,,434055.82,448112.21,429439.73
Bankstown,2011-03-24,25.9,14.5,21.22,4,0,,413505.39,434055.82,429307.51
Bankstown,2011-03-25,25.2,14.9,20.52,5,0,,411016.92,413505.39,417625.18
Bankstown,2011-03-26,20.4,16.6,18.43,6,0,,372980.85,411016.92,381767.66
Bankstown,2011-03-27,20.3,16.1,17.84,7,0,,364543.06,372980.85,370465.16
Bankstown,2011-03-28,22.3,13.2,18.19,1,0,,411658.33,364543.06,431179.32
Bankstown,2011-03-29,25.5,14.6,19.6,2,0,,421238.56,411658.33,448112.21
Bankstown,2011-03-30,29.4,15.0,20.93,3,0,,421103.48,421238.56,434055.82
Bankstown,2011-03-31,20.7,16.9,19.28,4,0,,414945.42,421103.48,413505.39
Bankstown,2011-04-01,23.7,14.3,19.15,5,0,,410845.93,414945.42,411016.92
Bankstown,2011-04-02,21.2,13.9,18.41,6,0,,371678.79,410845.93,372980.85
Bankstown,2011-04-03,23.5,12.0,18.73,7,0,,360747.15,371678.79,364543.06
Bankstown,2011-04-04,22.1,14.1,17.98,1,0,,405034.53,360747.15,411658.33
Bankstown,2011-04-05,20.4,15.1,16.83,2,0,,409009.51,405034.53,421238.56
Bankstown,2011-04-06,21.4,14.1,17.16,3,0,,411001.53,409009.51,421103.48
Bankstown,2011-04-07,22.0,13.0,18.11,4,0,,409827.7,411001.53,414945.42
Bankstown,2011-04-08,22.3,12.0,17.03,5,0,,408192.69,409827.7,410845.93
Bankstown,2011-04-09,26.4,12.0,18.5,6,0,,379426.71,408192.69,371678.79
Bankstown,2011-04-10,26.4,12.3,17.77,7,0,,363521.99,379426.71,360747.15
Bankstown,2011-04-11,21.3,10.1,15.84,1,0,,405227.42,363521.99,405034.53
Bankstown,2011-04-12,21.1,7.3,15.04,2,0,,406668.82,405227.42,409009.51
Bankstown,2011-04-13,23.6,10.4,17.77,3,0,,405669.07,406668.82,411001.53
Bankstown,2011-04-14,23.2,9.7,17.11,4,0,,401357.87,405669.07,409827.7
Bankstown,2011-04-15,21.3,10.7,16.61,5,0,,406621.35,401357.87,408192.69
Bankstown,2011-04-16,18.3,15.1,16.52,6,0,,384149.78,406621.35,379426.71
Bankstown,2011-04-17,21.4,11.6,16.24,7,0,,371971.52,384149.78,363521.99
Bankstown,2011-04-18,22.5,9.5,15.37,1,0,,413127.62,371971.52,405227.42
Bankstown,2011-04-19,24.0,11.0,15.96,2,0,,417140.71,413127.62,406668.82
Bankstown,2011-04-20,20.7,10.6,16.1,3,0,,415780.75,417140.71,405669.07
Bankstown,2011-04-21,25.2,11.6,17.87,4,0,,406641.18,415780.75,401357.87
Bankstown,2011-04-22,25.2,11.3,18.09,5,1,Good Friday,355907.69,406641.18,406621.35
Bankstown,2011-04-23,17.7,12.1,14.84,6,1,Easter Saturday,369357.6,355907.69,384149.78
Bankstown,2011-04-24,22.0,11.8,16.13,7,1,Easter Sunday,353979.86,369357.6,371971.52
Bankstown,2011-04-25,19.2,15.4,17.32,1,1,ANZAC Day; Easter Monday,358998.28,353979.86,413127.62
Bankstown,2011-04-26,20.3,14.4,16.64,2,0,,368097.51,358998.28,417140.71
Bankstown,2011-04-27,18.7,14.1,16.06,3,0,,404732.04,368097.51,415780.75
Bankstown,2011-04-28,19.2,14.1,16.15,4,0,,414356.11,404732.04,406641.18
Bankstown,2011-04-29,19.9,12.0,16.12,5,0,,416394.18,414356.11,355907.69
Bankstown,2011-04-30,20.1,15.3,17.35,6,0,,387982.8,416394.18,369357.6
Bankstown,2011-05-01,21.3,11.4,16.05,7,0,,373386.2,387982.8,353979.86
Bankstown,2011-05-02,18.5,9.8,13.49,1,0,,421031.86,373386.2,358998.28
Bankstown,2011-05-03,18.6,11.7,14.92,2,0,,427863.73,421031.86,368097.51
Bankstown,2011-05-04,20.1,12.1,15.35,3,0,,423900.45,427863.73,404732.04
Bankstown,2011-05-05,18.2,10.8,14.52,4,0,,425789.85,423900.45,414356.11
Bankstown,2011-05-06,18.5,7.8,12.65,5,0,,426797.1,425789.85,416394.18
Bankstown,2011-05-07,20.3,7.8,12.45,6,0,,398111.67,426797.1,387982.8
Bankstown,2011-05-08,21.5,5.8,12.18,7,0,,382711.67,398111.67,373386.2
Bankstown,2011-05-09,16.9,7.6,12.55,1,0,,437366.77,382711.67,421031.86
Bankstown,2011-05-10,16.3,6.8,12.11,2,0,,443213.99,437366.77,427863.73
Bankstown,2011-05-11,15.2,2.0,8.57,3,0,,461819.02,443213.99,423900.45
Bankstown,2011-05-12,16.2,3.5,10.22,4,0,,465043.56,461819.02,425789.85
Bankstown,2011-05-13,20.4,5.7,13.02,5,0,,449215.35,465043.56,426797.1
Bankstown,2011-05-14,16.7,7.9,12.44,6,0,,423643.95,449215.35,398111.67
Bankstown,2011-05-15,18.5,4.7,10.03,7,0,,418170.77,423643.95,382711.67
Bankstown,2011-05-16,19.3,3.1,9.01,1,0,,464541.05,418170.77,437366.77
Bankstown,2011-05-17,18.1,3.8,9.3,2,0,,467687.66,464541.05,443213.99
Bankstown,2011-05-18,20.4,5.1,11.17,3,0,,458350.17,467687.66,461819.02
Bankstown,2011-05-19,20.9,9.3,13.19,4,0,,450226.06,458350.17,465043.56
Bankstown,2011-05-20,22.5,7.8,13.81,5,0,,446048.6,450226.06,449215.35
Bankstown,2011-05-21,23.2,8.0,14.89,6,0,,408522.02,446048.6,423643.95
Bankstown,2011-05-22,22.4,8.4,14.37,7,0,,390590.99,408522.02,418170.77
Bankstown,2011-05-23,22.6,11.7,16.7,1,0,,425724.58,390590.99,464541.05
Bankstown,2011-05-24,18.0,8.0,12.86,2,0,,442869.36,425724.58,467687.66
Bankstown,2011-05-25,14.6,11.3,12.58,3,0,,463583.08,442869.36,458350.17
Bankstown,2011-05-26,18.7,6.9,11.95,4,0,,455576.18,463583.08,450226.06
Bankstown,2011-05-27,17.1,3.6,8.47,5,0,,459180.91,455576.18,446048.6
Bankstown,2011-05-28,17.4,7.2,11.69,6,0,,435661.79,459180.91,408522.02
Bankstown,2011-05-29,16.9,8.4,12.52,7,0,,422894.56,435661.79,390590.99
Bankstown,2011-05-30,15.9,11.0,14.11,1,0,,467604.89,422894.56,425724.58
Bankstown,2011-05-31,19.5,14.5,16.87,2,0,,455030.75,467604.89,442869.36
Bankstown,2011-06-01,19.0,13.5,16.76,3,0,,444885.48,455030.75,463583.08
Bankstown,2011-06-02,18.7,10.4,14.75,4,0,,442560.97,444885.48,455576.18
Bankstown,2011-06-03,19.7,7.9,11.89,5,0,,441339.69,442560.97,459180.91
Bankstown,2011-06-04,18.7,8.6,13.49,6,0,,420925.76,441339.69,435661.79
Bankstown,2011-06-05,16.8,8.7,12.44,7,0,,410845.1,420925.76,422894.56
Bankstown,2011-06-06,17.1,3.5,10.73,1,0,,459306.95,410845.1,467604.89
Bankstown,2011-06-07,14.4,4.0,8.69,2,0,,484519.96,459306.95,455030.75
Bankstown,2011-06-08,13.4,3.8,9.7,3,0,,487399.24,484519.96,444885.48
Bankstown,2011-06-09,15.8,5.0,10.01,4,0,,489143.39,487399.24,442560.97
Bankstown,2011-06-10,15.8,4.0,10.27,5,0,,485094.27,489143.39,441339.69
Bankstown,2011-06-11,14.9,8.5,12.06,6,0,,449500.35,485094.27,420925.76
Bankstown,2011-06-12,15.5,11.5,13.77,7,0,,431266.76,449500.35,410845.1
Bankstown,2011-06-13,16.3,12.4,13.97,1,1,Queen's Birthday,429021.28,431266.76,459306.95
Bankstown,2011-06-14,16.7,14.1,15.61,2,0,,467331.72,429021.28,484519.96
Bankstown,2011-06-15,17.3,14.0,15.85,3,0,,465465.97,467331.72,487399.24
Bankstown,2011-06-16,16.6,7.0,13.76,4,0,,460852.42,465465.97,489143.39
Bankstown,2011-06-17,18.0,4.6,10.97,5,0,,460580.42,460852.42,485094.27
Bankstown,2011-06-18,17.0,4.8,12.4,6,0,,431689.58,460580.42,449500.35
Bankstown,2011-06-19,17.9,4.9,10.42,7,0,,418612.0,431689.58,431266.76
Bankstown,2011-06-20,18.9,3.1,11.05,1,0,,455216.61,418612.0,429021.28
Bankstown,2011-06-21,20.5,9.8,13.69,2,0,,469710.62,455216.61,467331.72
Bankstown,2011-06-22,15.5,6.2,10.85,3,0,,478114.03,469710.62,465465.97
Bankstown,2011-06-23,19.2,6.1,12.48,4,0,,464955.52,478114.03,460852.42
Bankstown,2011-06-24,17.5,2.9,8.87,5,0,,467310.17,464955.52,460580.42
Bankstown,2011-06-25,18.8,4.7,9.69,6,0,,437970.53,467310.17,431689.58
Bankstown,2011-06-26,20.0,3.7,9.01,7,0,,421071.87,437970.53,418612.0
Bankstown,2011-06-27,18.3,1.8,8.37,1,0,,466589.93,421071.87,455216.61
Bankstown,2011-06-28,16.1,5.2,10.92,2,0,,476169.5,466589.93,469710.62
Bankstown,2011-06-29,17.2,9.6,13.43,3,0,,464780.32,476169.5,478114.03
Bankstown,2011-06-30,16.3,11.2,13.11,4,0,,460981.67,464780.32,464955.52
Bankstown,2011-07-01,16.4,9.3,12.86,5,0,,461718.38,460981.67,467310.17
Bankstown,2011-07-02,18.8,7.3,12.65,6,0,,422293.26,461718.38,437970.53
Bankstown,2011-07-03,19.6,5.8,12.42,7,0,,405163.47,422293.26,421071.87
Bankstown,2011-07-04,19.9,12.0,15.94,1,0,,433910.44,405163.47,466589.93
Bankstown,2011-07-05,16.3,8.5,13.34,2,0,,452445.91,433910.44,476169.5
Bankstown,2011-07-06,17.0,5.6,12.45,3,0,,450615.94,452445.91,464780.32
Bankstown,2011-07-07,16.4,7.7,13.24,4,0,,454960.9,450615.94,460981.67
Bankstown,2011-07-08,16.2,1.0,8.75,5,0,,470005.07,454960.9,461718.38
Bankstown,2011-07-09,16.0,3.7,10.27,6,0,,445010.6,470005.07,422293.26
Bankstown,2011-07-10,15.9,2.9,10.2,7,0,,433756.48,445010.6,405163.47
Bankstown,2011-07-11,16.7,3.6,10.87,1,0,,466254.91,433756.48,433910.44
Bankstown,2011-07-12,17.8,3.4,10.44,2,0,,474303.51,466254.91,452445.91
Bankstown,2011-07-13,12.2,7.8,10.78,3,0,,490168.66,474303.51,450615.94
Bankstown,2011-07-14,14.0,5.2,10.04,4,0,,484396.59,490168.66,454960.9
Bankstown,2011-07-15,13.3,4.0,9.21,5,0,,492829.27,484396.59,470005.07
Bankstown,2011-07-16,16.2,8.7,11.18,6,0,,449791.13,492829.27,445010.6
Bankstown,2011-07-17,15.7,7.1,11.92,7,0,,427897.88,449791.13,433756.48
Bankstown,2011-07-18,18.2,7.2,11.98,1,0,,459797.52,427897.88,466254.91
Bankstown,2011-07-19,13.9,5.6,9.54,2,0,,496372.86,459797.52,474303.51
Bankstown,2011-07-20,16.9,11.7,14.04,3,0,,478238.76,496372.86,490168.66
Bankstown,2011-07-21,12.3,10.9,11.62,4,0,,489971.55,478238.76,484396.59
Bankstown,2011-07-22,12.8,9.5,11.42,5,0,,483328.04,489971.55,492829.27
Bankstown,2011-07-23,14.9,7.9,10.62,6,0,,455247.1,483328.04,449791.13
Bankstown,2011-07-24,14.5,4.9,9.67,7,0,,446863.99,455247.1,427897.88
Bankstown,2011-07-25,17.8,5.9,10.36,1,0,,471513.9,446863.99,459797.52
Bankstown,2011-07-26,17.6,3.8,9.9,2,0,,472144.26,471513.9,496372.86
Bankstown,2011-07-27,16.3,4.4,9.92,3,0,,475164.65,472144.26,478238.76
Bankstown,2011-07-28,19.2,4.6,10.33,4,0,,466930.86,475164.65,489971.55
Bankstown,2011-07-29,19.1,3.8,9.09,5,0,,464130.14,466930.86,483328.04
Bankstown,2011-07-30,19.7,3.2,8.73,6,0,,431962.57,464130.14,455247.1
Bankstown,2011-07-31,19.8,3.5,9.86,7,0,,416276.78,431962.57,446863.99
Bankstown,2011-08-01,21.9,5.1,11.63,1,0,,446377.88,416276.78,471513.9
Bankstown,2011-08-02,22.1,4.9,11.54,2,0,,445963.95,446377.88,472144.26
Bankstown,2011-08-03,24.8,7.7,13.77,3,0,,438507.31,445963.95,475164.65
Bankstown,2011-08-04,25.3,7.3,13.88,4,0,,431877.4,438507.31,466930.86
Bankstown,2011-08-05,23.4,6.0,12.96,5,0,,426226.27,431877.4,464130.14
Bankstown,2011-08-06,22.9,5.7,14.3,6,0,,397531.61,426226.27,431962.57
Bankstown,2011-08-07,18.8,10.8,14.49,7,0,,395315.75,397531.61,416276.78
Bankstown,2011-08-08,16.2,5.3,10.95,1,0,,444772.08,395315.75,446377.88
Bankstown,2011-08-09,15.4,4.5,9.45,2,0,,466514.18,444772.08,445963.95
Bankstown,2011-08-10,17.3,3.3,9.85,3,0,,463063.18,466514.18,438507.31
Bankstown,2011-08-11,16.6,2.1,9.74,4,0,,465336.72,463063.18,431877.4
Bankstown,2011-08-12,16.1,8.3,12.52,5,0,,453444.12,465336.72,426226.27
Bankstown,2011-08-13,18.5,4.6,10.92,6,0,,423643.23,453444.12,397531.61
Bankstown,2011-08-14,15.7,9.1,12.1,7,0,,410038.08,423643.23,395315.75
Bankstown,2011-08-15,17.2,7.2,11.69,1,0,,447202.76,410038.08,444772.08
Bankstown,2011-08-16,17.9,7.7,11.42,2,0,,443961.86,447202.76,466514.18
Bankstown,2011-08-17,15.8,6.6,12.24,3,0,,455083.73,443961.86,463063.18
Bankstown,2011-08-18,17.6,6.7,13.29,4,0,,444749.04,455083.73,465336.72
Bankstown,2011-08-19,16.3,6.5,12.7,5,0,,464137.17,444749.04,453444.12
Bankstown,2011-08-20,17.3,12.9,14.99,6,0,,415338.03,464137.17,423643.23
Bankstown,2011-08-21,16.7,10.0,14.39,7,0,,403852.75,415338.03,410038.08
Bankstown,2011-08-22,16.0,9.2,13.55,1,0,,442142.6,403852.75,447202.76
Bankstown,2011-08-23,17.0,8.0,12.53,2,0,,441191.35,442142.6,443961.86
Bankstown,2011-08-24,19.1,6.6,12.41,3,0,,434323.11,441191.35,455083.73
Bankstown,2011-08-25,22.1,5.3,11.87,4,0,,425190.66,434323.11,444749.04
Bankstown,2011-08-26,19.3,6.8,13.31,5,0,,424372.1,425190.66,464137.17
Bankstown,2011-08-27,19.6,8.7,13.5,6,0,,406347.66,424372.1,415338.03
Bankstown,2011-08-28,20.4,9.2,14.39,7,0,,385467.48,406347.66,403852.75
Bankstown,2011-08-29,22.1,8.1,14.13,1,0,,422241.1,385467.48,442142.6
Bankstown,2011-08-30,16.6,9.8,14.32,2,0,,436159.63,422241.1,441191.35
Bankstown,2011-08-31,18.4,7.9,13.54,3,0,,428507.59,436159.63,434323.11
Bankstown,2011-09-01,18.2,11.1,15.22,4,0,,422095.28,428507.59,425190.66
Bankstown,2011-09-02,17.1,8.5,13.33,5,0,,422243.88,422095.28,424372.1
Bankstown,2011-09-03,19.7,6.6,13.36,6,0,,392229.44,422243.88,406347.66
Bankstown,2011-09-04,21.2,6.1,14.07,7,0,,373189.06,392229.44,385467.48
Bankstown,2011-09-05,22.3,10.6,16.52,1,0,,413780.08,373189.06,422241.1
Bankstown,2011-09-06,25.4,10.5,18.08,2,0,,414400.93,413780.08,436159.63
Bankstown,2011-09-07,19.1,11.2,14.42,3,0,,416841.11,414400.93,428507.59
Bankstown,2011-09-08,17.7,10.6,14.51,4,0,,425791.32,416841.11,422095.28
Bankstown,2011-09-09,13.7,9.5,11.92,5,0,,440609.07,425791.32,422243.88
Bankstown,2011-09-10,16.3,5.2,11.9,6,0,,413114.4,440609.07,392229.44
Bankstown,2011-09-11,17.7,6.9,13.26,7,0,,393036.46,413114.4,373189.06
Bankstown,2011-09-12,17.1,7.4,12.09,1,0,,431899.05,393036.46,413780.08
Bankstown,2011-09-13,22.9,4.0,12.48,2,0,,428311.42,431899.05,414400.93
Bankstown,2011-09-14,25.7,4.7,15.52,3,0,,416327.44,428311.42,416841.11
Bankstown,2011-09-15,20.2,11.9,15.92,4,0,,410481.23,416327.44,425791.32
Bankstown,2011-09-16,24.2,7.3,14.26,5,0,,406935.58,410481.23,440609.07
Bankstown,2011-09-17,23.2,8.8,16.36,6,0,,373760.44,406935.58,413114.4
Bankstown,2011-09-18,29.4,8.8,16.7,7,0,,359874.26,373760.44,393036.46
Bankstown,2011-09-19,22.1,10.8,17.27,1,0,,401949.28,359874.26,431899.05
Bankstown,2011-09-20,27.3,12.3,20.07,2,0,,403248.46,401949.28,428311.42
Bankstown,2011-09-21,21.4,6.8,13.94,3,0,,404092.21,403248.46,416327.44
Bankstown,2011-09-22,22.8,7.5,15.29,4,0,,408253.52,404092.21,410481.23
Bankstown,2011-09-23,30.6,8.4,17.36,5,0,,401085.89,408253.52,406935.58
Bankstown,2011-09-24,17.4,13.2,14.94,6,0,,374678.76,401085.89,373760.44
Bankstown,2011-09-25,15.1,12.0,13.93,7,0,,378847.93,374678.76,359874.26
Bankstown,2011-09-26,17.7,10.8,14.75,1,0,,405546.31,378847.93,401949.28
Bankstown,2011-09-27,19.7,7.7,14.72,2,0,,407743.8,405546.31,403248.46
Bankstown,2011-09-28,17.6,9.0,14.21,3,0,,414879.91,407743.8,404092.21
Bankstown,2011-09-29,21.6,13.1,16.47,4,0,,409099.5,414879.91,408253.52
Bankstown,2011-09-30,20.1,8.5,15.16,5,0,,400843.96,409099.5,401085.89
Bankstown,2011-10-01,18.9,6.2,13.38,6,0,,383909.12,400843.96,374678.76
Bankstown,2011-10-02,16.3,11.1,13.69,7,0,,379598.83,383909.12,378847.93
Bankstown,2011-10-03,16.9,9.8,13.1,1,1,Labour Day,370849.86,379598.83,405546.31
Bankstown,2011-10-04,18.0,9.3,13.24,2,0,,409671.09,370849.86,407743.8
Bankstown,2011-10-05,18.7,7.7,13.47,3,0,,409342.51,409671.09,414879.91
Bankstown,2011-10-06,18.7,10.9,14.81,4,0,,414900.48,409342.51,409099.5
Bankstown,2011-10-07,22.0,13.8,16.79,5,0,,404014.84,414900.48,400843.96
Bankstown,2011-10-08,20.1,13.1,16.51,6,0,,375529.81,404014.84,383909.12
Bankstown,2011-10-09,23.1,13.0,17.27,7,0,,357548.48,375529.81,379598.83
Bankstown,2011-10-10,20.9,9.9,15.37,1,0,,396989.59,357548.48,370849.86
Bankstown,2011-10-11,20.2,10.0,15.37,2,0,,401671.79,396989.59,409671.09
Bankstown,2011-10-12,19.9,7.1,14.09,3,0,,405026.62,401671.79,409342.51
Bankstown,2011-10-13,20.1,13.9,16.93,4,0,,403571.97,405026.62,414900.48
Bankstown,2011-10-14,18.4,15.6,17.29,5,0,,406068.75,403571.97,404014.84
Bankstown,2011-10-15,23.8,15.2,19.25,6,0,,367711.85,406068.75,375529.81
Bankstown,2011-10-16,21.1,13.0,17.08,7,0,,349291.73,367711.85,357548.48
Bankstown,2011-10-17,17.9,11.2,14.81,1,0,,399379.71,349291.73,396989.59
Bankstown,2011-10-18,19.9,9.9,15.36,2,0,,404436.72,399379.71,401671.79
Bankstown,2011-10-19,22.5,8.6,15.91,3,0,,401299.05,404436.72,405026.62
Bankstown,2011-10-20,26.3,9.3,17.68,4,0,,404101.34,401299.05,403571.97
Bankstown,2011-10-21,30.0,12.0,21.2,5,0,,406488.17,404101.34,406068.75
Bankstown,2011-10-22,27.6,15.9,20.73,6,0,,372574.71,406488.17,367711.85
Bankstown,2011-10-23,26.4,17.7,21.2,7,0,,362210.4,372574.71,349291.73
Bankstown,2011-10-24,32.4,15.1,23.86,1,0,,417347.51,362210.4,399379.71
Bankstown,2011-10-25,22.8,14.7,17.36,2,0,,401650.44,417347.51,404436.72
Bankstown,2011-10-26,17.1,13.4,15.08,3,0,,394378.02,401650.44,401299.05
Bankstown,2011-10-27,19.1,13.3,16.39,4,0,,394104.38,394378.02,404101.34
Bankstown,2011-10-28,22.2,12.9,18.39,5,0,,398448.76,394104.38,406488.17
Bankstown,2011-10-29,28.1,15.1,22.02,6,0,,373812.86,398448.76,372574.71
Bankstown,2011-10-30,26.2,15.0,19.59,7,0,,357862.14,373812.86,362210.4
Bankstown,2011-10-31,20.4,11.8,16.8,1,0,,391070.91,357862.14,417347.51
Bankstown,2011-11-01,19.8,14.8,16.85,2,0,,388673.31,391070.91,401650.44
Bankstown,2011-11-02,22.8,12.3,18.03,3,0,,391390.89,388673.31,394378.02
Bankstown,2011-11-03,17.8,13.4,15.07,4,0,,392933.7,391390.89,394104.38
Bankstown,2011-11-04,21.3,14.1,17.43,5,0,,393267.05,392933.7,398448.76
Bankstown,2011-11-05,24.4,13.3,19.24,6,0,,370771.3,393267.05,373812.86
Bankstown,2011-11-06,31.9,14.9,22.73,7,0,,369430.11,370771.3,357862.14
Bankstown,2011-11-07,28.9,19.1,22.95,1,0,,422243.45,369430.11,391070.91
Bankstown,2011-11-08,32.8,18.9,23.25,2,0,,434775.49,422243.45,388673.31
Bankstown,2011-11-09,32.0,18.0,25.28,3,0,,448558.95,434775.49,391390.89
Bankstown,2011-11-10,28.5,17.9,23.87,4,0,,422917.75,448558.95,392933.7
Bankstown,2011-11-11,22.9,16.3,19.74,5,0,,405516.51,422917.75,393267.05
Bankstown,2011-11-12,25.7,18.4,21.58,6,0,,374097.79,405516.51,370771.3
Bankstown,2011-11-13,24.2,18.2,20.8,7,0,,363433.74,374097.79,369430.11
Bankstown,2011-11-14,36.3,16.5,26.14,1,0,,448980.56,363433.74,422243.45
Bankstown,2011-11-15,24.4,15.6,20.76,2,0,,426964.78,448980.56,434775.49
Bankstown,2011-11-16,21.5,15.7,18.33,3,0,,409038.06,426964.78,448558.95
Bankstown,2011-11-17,19.0,15.6,17.27,4,0,,402327.94,409038.06,422917.75
Bankstown,2011-11-18,24.4,15.9,20.28,5,0,,411398.52,402327.94,405516.51
Bankstown,2011-11-19,30.6,15.6,23.25,6,0,,403099.8,411398.52,374097.79
Bankstown,2011-11-20,34.4,17.9,23.12,7,0,,383724.73,403099.8,363433.74
Bankstown,2011-11-21,21.9,15.4,18.95,1,0,,403328.89,383724.73,448980.56
Bankstown,2011-11-22,21.3,14.8,17.58,2,0,,409486.21,403328.89,426964.78
Bankstown,2011-11-23,17.8,14.6,15.97,3,0,,400816.8,409486.21,409038.06
Bankstown,2011-11-24,17.9,15.6,16.73,4,0,,393846.19,400816.8,402327.94
Bankstown,2011-11-25,19.2,15.3,17.53,5,0,,399180.8,393846.19,411398.52
Bankstown,2011-11-26,28.8,18.7,22.28,6,0,,369860.58,399180.8,403099.8
Bankstown,2011-11-27,28.7,16.3,21.9,7,0,,356766.94,369860.58,383724.73
Bankstown,2011-11-28,27.8,14.3,21.08,1,0,,416776.95,356766.94,403328.89
Bankstown,2011-11-29,27.0,16.5,21.56,2,0,,435419.23,416776.95,409486.21
Bankstown,2011-11-30,30.8,17.3,24.53,3,0,,428751.67,435419.23,400816.8
Bankstown,2011-12-01,19.1,13.4,16.84,4,0,,391888.98,428751.67,393846.19
Bankstown,2011-12-02,19.5,13.2,16.03,5,0,,384582.0,391888.98,399180.8
Bankstown,2011-12-03,21.9,11.3,16.75,6,0,,355824.53,384582.0,369860.58
Bankstown,2011-12-04,20.2,11.9,15.98,7,0,,344905.44,355824.53,356766.94
Bankstown,2011-12-05,18.1,11.4,14.42,1,0,,381920.46,344905.44,416776.95
Bankstown,2011-12-06,17.9,11.1,14.95,2,0,,389729.07,381920.46,435419.23
Bankstown,2011-12-07,20.1,9.2,15.53,3,0,,393447.02,389729.07,428751.67
Bankstown,2011-12-08,22.0,16.1,18.02,4,0,,399293.78,393447.02,391888.98
Bankstown,2011-12-09,23.3,13.5,18.49,5,0,,395652.27,399293.78,384582.0
Bankstown,2011-12-10,23.6,15.5,19.56,6,0,,366819.99,395652.27,355824.53
Bankstown,2011-12-11,27.8,15.7,20.35,7,0,,355836.93,366819.99,344905.44
Bankstown,2011-12-12,19.7,17.0,18.03,1,0,,400612.02,355836.93,381920.46
Bankstown,2011-12-13,21.0,16.1,18.36,2,0,,396861.08,400612.02,389729.07
Bankstown,2011-12-14,19.8,13.8,17.62,3,0,,392352.67,396861.08,393447.02
Bankstown,2011-12-15,21.0,14.0,18.13,4,0,,393407.93,392352.67,399293.78
Bankstown,2011-12-16,21.0,12.5,17.27,5,0,,390970.86,393407.93,395652.27
Bankstown,2011-12-17,21.5,14.6,18.15,6,0,,363936.3,390970.86,366819.99
Bankstown,2011-12-18,23.5,13.6,18.94,7,0,,351105.96,363936.3,355836.93
Bankstown,2011-12-19,23.9,18.6,19.81,1,0,,402463.62,351105.96,400612.02
Bankstown,2011-12-20,22.6,17.3,19.84,2,0,,401075.59,402463.62,396861.08
Bankstown,2011-12-21,22.3,17.8,19.79,3,0,,398245.05,401075.59,392352.67
Bankstown,2011-12-22,21.4,18.3,19.3,4,0,,394599.46,398245.05,393407.93
Bankstown,2011-12-23,25.4,18.4,21.04,5,0,,389559.68,394599.46,390970.86
Bankstown,2011-12-24,26.5,18.0,21.7,6,0,,370545.25,389559.68,363936.3
Bankstown,2011-12-25,26.1,16.8,21.43,7,1,Christmas Day,330541.99,370545.25,351105.96
Bankstown,2011-12-26,27.8,19.4,23.13,1,1,Boxing Day,333995.67,330541.99,402463.62
Bankstown,2011-12-27,22.4,18.8,20.16,2,1,Christmas Day (observed),339292.18,333995.67,401075.59
Bankstown,2011-12-28,22.8,17.5,20.01,3,0,,355352.59,339292.18,398245.05
Bankstown,2011-12-29,23.0,15.7,19.74,4,0,,358854.16,355352.59,394599.46
Bankstown,2011-12-30,23.4,16.2,19.37,5,0,,359074.39,358854.16,389559.68
Bankstown,2011-12-31,23.0,14.4,18.45,6,0,,348541.6,359074.39,370545.25
Bankstown,2012-01-01,26.0,12.9,20.25,7,1,New Year's Day,341653.5,348541.6,330541.99
Bankstown,2012-01-02,26.5,14.8,21.47,1,1,New Year's Day (observed),362898.85,341653.5,333995.67
Bankstown,2012-01-03,27.4,17.1,23.11,2,0,,420546.06,362898.85,339292.18
Bankstown,2012-01-04,35.5,18.8,25.27,3,0,,433714.19,420546.06,355352.59
Bankstown,2012-01-05,25.7,19.7,21.9,4,0,,402741.18,433714.19,358854.16
Bankstown,2012-01-06,21.3,14.2,19.51,5,0,,389548.7,402741.18,359074.39
Bankstown,2012-01-07,24.7,12.4,19.72,6,0,,366218.61,389548.7,348541.6
Bankstown,2012-01-08,27.9,18.3,22.6,7,0,,372201.58,366218.61,341653.5
Bankstown,2012-01-09,25.3,20.3,22.82,1,0,,417273.56,372201.58,362898.85
Bankstown,2012-01-10,28.3,18.1,22.32,2,0,,408106.65,417273.56,420546.06
Bankstown,2012-01-11,26.8,16.0,22.24,3,0,,396082.62,408106.65,433714.19
Bankstown,2012-01-12,20.7,12.2,17.26,4,0,,390055.28,396082.62,402741.18
Bankstown,2012-01-13,25.4,12.5,19.8,5,0,,400557.01,390055.28,389548.7
Bankstown,2012-01-14,21.6,17.5,19.69,6,0,,368080.47,400557.01,366218.61
Bankstown,2012-01-15,23.1,17.3,19.66,7,0,,359124.27,368080.47,372201.58
Bankstown,2012-01-16,24.6,16.7,20.82,1,0,,408518.14,359124.27,417273.56
Bankstown,2012-01-17,25.6,15.6,20.83,2,0,,421549.06,408518.14,408106.65
Bankstown,2012-01-18,28.4,18.7,23.16,3,0,,440354.37,421549.06,396082.62
Bankstown,2012-01-19,25.6,19.3,22.5,4,0,,434527.72,440354.37,390055.28
Bankstown,2012-01-20,25.6,19.2,22.59,5,0,,430471.9,434527.72,400557.01
Bankstown,2012-01-21,24.1,20.7,22.22,6,0,,382756.81,430471.9,368080.47
Bankstown,2012-01-22,24.5,20.5,22.04,7,0,,361586.08,382756.81,359124.27
Bankstown,2012-01-23,23.5,19.7,21.71,1,0,,408052.95,361586.08,408518.14
Bankstown,2012-01-24,23.3,15.6,20.62,2,0,,416211.26,408052.95,421549.06
Bankstown,2012-01-25,24.2,20.2,21.54,3,0,,420399.79,416211.26,440354.37
Bankstown,2012-01-26,27.2,19.8,22.63,4,1,Australia Day,376735.0,420399.79,434527.72
Bankstown,2012-01-27,23.9,19.9,21.94,5,0,,404871.78,376735.0,430471.9
Bankstown,2012-01-28,25.9,19.5,22.88,6,0,,386449.2,404871.78,382756.81
Bankstown,2012-01-29,26.7,18.2,23.09,7,0,,381092.66,386449.2,361586.08
Bankstown,2012-01-30,32.4,21.7,27.5,1,0,,459650.69,381092.66,408052.95
Bankstown,2012-01-31,27.2,19.5,23.59,2,0,,435232.22,459650.69,416211.26
Bankstown,2012-02-01,20.4,17.0,18.56,3,0,,401739.38,435232.22,420399.79
Bankstown,2012-02-02,19.8,16.3,18.17,4,0,,398642.22,401739.38,376735.0
Bankstown,2012-02-03,21.0,16.4,18.5,5,0,,401093.56,398642.22,404871.78
Bankstown,2012-02-04,24.2,18.0,20.7,6,0,,376934.6,401093.56,386449.2
Bankstown,2012-02-05,28.0,16.1,21.5,7,0,,376712.18,376934.6,381092.66
Bankstown,2012-02-06,24.0,18.3,20.86,1,0,,413383.51,376712.18,459650.69
Bankstown,2012-02-07,22.5,18.9,20.44,2,0,,405863.72,413383.51,435232.22
Bankstown,2012-02-08,22.5,17.2,20.4,3,0,,397436.69,405863.72,401739.38
Bankstown,2012-02-09,24.9,16.6,20.98,4,0,,404749.2,397436.69,398642.22
Bankstown,2012-02-10,25.5,19.1,21.28,5,0,,401583.03,404749.2,401093.56
Bankstown,2012-02-11,23.5,16.0,19.53,6,0,,365333.63,401583.03,376934.6
Bankstown,2012-02-12,25.5,14.4,18.78,7,0,,354312.29,365333.63,376712.18
Bankstown,2012-02-13,24.4,16.6,20.54,1,0,,401761.24,354312.29,413383.51
Bankstown,2012-02-14,23.8,16.8,19.77,2,0,,406032.66,401761.24,405863.72
Bankstown,2012-02-15,25.1,17.5,21.18,3,0,,410666.87,406032.66,397436.69
Bankstown,2012-02-16,26.4,16.0,21.7,4,0,,418259.75,410666.87,404749.2
Bankstown,2012-02-17,27.4,16.3,21.44,5,0,,414948.79,418259.75,401583.03
Bankstown,2012-02-18,25.1,17.9,21.74,6,0,,381431.9,414948.79,365333.63
Bankstown,2012-02-19,27.6,18.1,22.69,7,0,,379125.76,381431.9,354312.29
Bankstown,2012-02-20,26.2,18.3,21.81,1,0,,422779.17,379125.76,401761.24
Bankstown,2012-02-21,24.4,19.1,21.44,2,0,,408664.31,422779.17,406032.66
Bankstown,2012-02-22,24.2,16.3,20.12,3,0,,405602.37,408664.31,410666.87
Bankstown,2012-02-23,27.9,15.7,21.72,4,0,,424686.13,405602.37,418259.75
Bankstown,2012-02-24,28.3,16.4,21.96,5,0,,431871.51,424686.13,414948.79
Bankstown,2012-02-25,26.6,16.1,21.4,6,0,,390574.51,431871.51,381431.9
Bankstown,2012-02-26,27.2,20.6,23.57,7,0,,378172.33,390574.51,379125.76
Bankstown,2012-02-27,28.5,21.3,24.29,1,0,,441327.62,378172.33,422779.17
Bankstown,2012-02-28,31.2,21.7,25.58,2,0,,458149.03,441327.62,408664.31
Bankstown,2012-02-29,21.5,19.7,20.58,3,0,,419358.97,458149.03,405602.37
Bankstown,2012-03-01,29.9,18.9,23.45,4,0,,429840.48,419358.97,424686.13
Bankstown,2012-03-02,20.1,17.2,18.53,5,0,,400214.87,429840.48,431871.51
Bankstown,2012-03-03,21.3,17.2,19.02,6,0,,366804.55,400214.87,390574.51
Bankstown,2012-03-04,28.4,20.1,23.07,7,0,,371419.67,366804.55,378172.33
Bankstown,2012-03-05,25.5,17.8,21.98,1,0,,408569.64,371419.67,441327.62
Bankstown,2012-03-06,22.1,17.8,20.01,2,0,,399739.26,408569.64,458149.03
Bankstown,2012-03-07,20.7,15.5,17.78,3,0,,388772.94,399739.26,419358.97
Bankstown,2012-03-08,20.4,14.5,16.55,4,0,,392528.56,388772.94,429840.48
Bankstown,2012-03-09,27.5,12.3,18.99,5,0,,392942.73,392528.56,400214.87
Bankstown,2012-03-10,25.2,14.1,19.37,6,0,,363340.2,392942.73,366804.55
Bankstown,2012-03-11,25.0,14.7,20.42,7,0,,351846.82,363340.2,371419.67
Bankstown,2012-03-12,24.1,16.9,20.69,1,0,,394771.71,351846.82,408569.64
Bankstown,2012-03-13,25.5,13.9,19.7,2,0,,404850.13,394771.71,399739.26
Bankstown,2012-03-14,25.3,15.3,20.39,3,0,,408800.41,404850.13,388772.94
Bankstown,2012-03-15,27.2,17.4,21.81,4,0,,419370.65,408800.41,392528.56
Bankstown,2012-03-16,29.3,17.6,23.0,5,0,,426679.51,419370.65,392942.73
Bankstown,2012-03-17,23.0,18.0,19.56,6,0,,369687.66,426679.51,363340.2
Bankstown,2012-03-18,21.7,15.9,18.76,7,0,,347274.4,369687.66,351846.82
Bankstown,2012-03-19,22.6,17.3,19.58,1,0,,391054.35,347274.4,394771.71
Bankstown,2012-03-20,24.6,15.1,19.36,2,0,,398347.72,391054.35,404850.13
Bankstown,2012-03-21,26.9,17.8,21.12,3,0,,406171.73,398347.72,408800.41
Bankstown,2012-03-22,19.9,16.9,17.98,4,0,,397206.82,406171.73,419370.65
Bankstown,2012-03-23,24.8,15.4,19.7,5,0,,388354.79,397206.82,426679.51
Bankstown,2012-03-24,23.2,11.6,16.53,6,0,,351883.18,388354.79,369687.66
Bankstown,2012-03-25,21.0,11.5,16.94,7,0,,343741.42,351883.18,347274.4
Bankstown,2012-03-26,23.8,13.4,19.27,1,0,,387746.82,343741.42,391054.35
Bankstown,2012-03-27,25.0,15.7,20.3,2,0,,396654.05,387746.82,398347.72
Bankstown,2012-03-28,22.9,18.0,20.24,3,0,,397102.52,396654.05,406171.73
Bankstown,2012-03-29,26.0,14.3,19.31,4,0,,395841.41,397102.52,397206.82
Bankstown,2012-03-30,23.1,14.7,18.23,5,0,,391600.93,395841.41,388354.79
Bankstown,2012-03-31,26.8,12.7,18.55,6,0,,357256.2,391600.93,351883.18
Bankstown,2012-04-01,26.2,13.4,19.09,7,0,,348154.64,357256.2,343741.42
Bankstown,2012-04-02,24.8,16.0,19.44,1,0,,395999.41,348154.64,387746.82
Bankstown,2012-04-03,28.6,14.1,19.44,2,0,,408388.85,395999.41,396654.05
Bankstown,2012-04-04,26.4,16.3,20.59,3,0,,409580.23,408388.85,397102.52
Bankstown,2012-04-05,25.4,16.5,20.37,4,0,,402367.77,409580.23,395841.41
Bankstown,2012-04-06,25.1,15.2,20.32,5,1,Good Friday,342574.69,402367.77,391600.93
Bankstown,2012-04-07,26.8,15.4,20.48,6,1,Easter Saturday,343931.25,342574.69,357256.2
Bankstown,2012-04-08,24.1,17.3,20.71,7,1,Easter Sunday,332758.43,343931.25,348154.64
Bankstown,2012-04-09,23.5,9.5,17.34,1,1,Easter Monday,333868.95,332758.43,395999.41
Bankstown,2012-04-10,17.6,9.3,13.93,2,0,,376766.21,333868.95,408388.85
Bankstown,2012-04-11,18.6,9.5,14.22,3,0,,387627.86,376766.21,409580.23
Bankstown,2012-04-12,20.5,11.0,15.22,4,0,,393704.42,387627.86,402367.77
Bankstown,2012-04-13,25.0,9.4,15.6,5,0,,391423.69,393704.42,342574.69
Bankstown,2012-04-14,25.1,11.5,18.36,6,0,,363312.52,391423.69,343931.25
Bankstown,2012-04-15,25.3,15.6,19.44,7,0,,353183.99,363312.52,332758.43
Bankstown,2012-04-16,23.7,11.9,18.18,1,0,,391627.03,353183.99,333868.95
Bankstown,2012-04-17,20.0,15.7,17.97,2,0,,398879.79,391627.03,376766.21
Bankstown,2012-04-18,20.7,16.4,18.51,3,0,,401258.93,398879.79,387627.86
Bankstown,2012-04-19,23.7,17.3,19.21,4,0,,401647.72,401258.93,393704.42
Bankstown,2012-04-20,26.1,15.9,20.18,5,0,,402277.76,401647.72,391423.69
Bankstown,2012-04-21,23.9,16.2,19.1,6,0,,373629.99,402277.76,363312.52
Bankstown,2012-04-22,23.4,14.0,18.65,7,0,,359378.24,373629.99,353183.99
Bankstown,2012-04-23,19.1,14.3,18.0,1,0,,402078.04,359378.24,391627.03
Bankstown,2012-04-24,24.0,12.4,15.99,2,0,,403882.0,402078.04,398879.79
Bankstown,2012-04-25,19.4,8.6,14.97,3,1,ANZAC Day,362238.57,403882.0,401258.93
Bankstown,2012-04-26,19.8,12.7,15.68,4,0,,398401.51,362238.57,401647.72
Bankstown,2012-04-27,21.8,9.1,15.07,5,0,,400880.43,398401.51,402277.76
Bankstown,2012-04-28,22.9,11.4,15.7,6,0,,372515.85,400880.43,373629.99
Bankstown,2012-04-29,18.9,8.9,14.28,7,0,,368438.09,372515.85,359378.24
Bankstown,2012-04-30,19.3,8.4,13.49,1,0,,409665.57,368438.09,402078.04
Bankstown,2012-05-01,22.3,9.3,15.08,2,0,,410902.37,409665.57,403882.0
Bankstown,2012-05-02,24.7,9.1,15.65,3,0,,409456.18,410902.37,362238.57
Bankstown,2012-05-03,21.8,12.1,16.13,4,0,,404405.23,409456.18,398401.51
Bankstown,2012-05-04,20.8,9.9,14.04,5,0,,405042.73,404405.23,400880.43
Bankstown,2012-05-05,19.6,11.1,14.38,6,0,,382842.66,405042.73,372515.85
Bankstown,2012-05-06,21.4,7.6,13.31,7,0,,373701.78,382842.66,368438.09
Bankstown,2012-05-07,18.0,8.1,12.0,1,0,,421528.67,373701.78,409665.57
Bankstown,2012-05-08,23.0,6.8,13.15,2,0,,414437.56,421528.67,410902.37
Bankstown,2012-05-09,26.8,7.1,14.62,3,0,,410601.9,414437.56,409456.18
Bankstown,2012-05-10,27.3,10.0,15.58,4,0,,410291.82,410601.9,404405.23
Bankstown,2012-05-11,25.3,10.4,15.3,5,0,,402941.64,410291.82,405042.73
Bankstown,2012-05-12,19.0,9.6,14.3,6,0,,378830.29,402941.64,382842.66
Bankstown,2012-05-13,17.3,5.2,12.49,7,0,,377763.84,378830.29,373701.78
Bankstown,2012-05-14,16.9,6.6,11.25,1,0,,431865.89,377763.84,421528.67
Bankstown,2012-05-15,18.5,6.7,12.29,2,0,,434595.25,431865.89,414437.56
Bankstown,2012-05-16,19.1,7.6,12.06,3,0,,429116.09,434595.25,410601.9
Bankstown,2012-05-17,20.3,7.1,11.49,4,0,,428212.67,429116.09,410291.82
Bankstown,2012-05-18,22.0,7.3,12.21,5,0,,424300.32,428212.67,402941.64
Bankstown,2012-05-19,20.9,6.5,11.6,6,0,,398945.36,424300.32,378830.29
Bankstown,2012-05-20,16.0,6.0,10.69,7,0,,394088.79,398945.36,377763.84
Bankstown,2012-05-21,20.1,8.4,12.99,1,0,,426025.51,394088.79,431865.89
Bankstown,2012-05-22,20.4,5.8,11.38,2,0,,431342.51,426025.51,434595.25
Bankstown,2012-05-23,21.7,3.7,10.83,3,0,,429612.88,431342.51,429116.09
Bankstown,2012-05-24,14.5,4.0,9.73,4,0,,447775.23,429612.88,428212.67
Bankstown,2012-05-25,17.7,11.6,14.27,5,0,,435521.65,447775.23,424300.32
Bankstown,2012-05-26,16.8,7.3,12.92,6,0,,413093.18,435521.65,398945.36
Bankstown,2012-05-27,17.7,8.3,13.3,7,0,,399868.61,413093.18,394088.79
Bankstown,2012-05-28,17.5,7.3,12.92,1,0,,439150.28,399868.61,426025.51
Bankstown,2012-05-29,16.0,7.7,12.17,2,0,,446103.52,439150.28,431342.51
Bankstown,2012-05-30,17.7,6.6,11.35,3,0,,442124.58,446103.52,429612.88
Bankstown,2012-05-31,18.0,11.0,14.34,4,0,,437417.62,442124.58,447775.23
Bankstown,2012-06-01,18.5,8.8,13.41,5,0,,434890.74,437417.62,435521.65
Bankstown,2012-06-02,17.4,12.3,14.57,6,0,,410136.19,434890.74,413093.18
Bankstown,2012-06-03,14.9,12.5,14.06,7,0,,399310.3,410136.19,399868.61
Bankstown,2012-06-04,20.0,9.3,14.31,1,0,,428789.11,399310.3,439150.28
Bankstown,2012-06-05,15.3,7.5,12.0,2,0,,459735.81,428789.11,446103.52
Bankstown,2012-06-06,14.6,9.7,12.42,3,0,,460865.55,459735.81,442124.58
Bankstown,2012-06-07,15.8,5.2,10.31,4,0,,458629.48,460865.55,437417.62
Bankstown,2012-06-08,16.6,3.8,7.95,5,0,,461695.85,458629.48,434890.74
Bankstown,2012-06-09,17.3,4.0,8.43,6,0,,430530.99,461695.85,410136.19
Bankstown,2012-06-10,14.0,8.3,10.95,7,0,,422503.18,430530.99,399310.3
Bankstown,2012-06-11,13.7,11.1,12.29,1,1,Queen's Birthday,432085.76,422503.18,428789.11
Bankstown,2012-06-12,17.7,11.8,14.08,2,0,,449777.59,432085.76,459735.81
Bankstown,2012-06-13,15.5,8.3,12.67,3,0,,448515.23,449777.59,460865.55
Bankstown,2012-06-14,18.5,8.9,12.48,4,0,,437788.53,448515.23,458629.48
Bankstown,2012-06-15,20.4,7.7,12.27,5,0,,430750.2,437788.53,461695.85
Bankstown,2012-06-16,13.0,7.8,11.19,6,0,,427615.14,430750.2,430530.99
Bankstown,2012-06-17,18.2,7.4,12.29,7,0,,401400.53,427615.14,422503.18
Bankstown,2012-06-18,18.2,4.6,10.85,1,0,,438433.64,401400.53,432085.76
Bankstown,2012-06-19,18.7,4.1,11.81,2,0,,447827.05,438433.64,449777.59
Bankstown,2012-06-20,16.8,4.6,8.93,3,0,,457298.76,447827.05,448515.23
Bankstown,2012-06-21,17.6,2.6,10.29,4,0,,459023.55,457298.76,437788.53
Bankstown,2012-06-22,17.2,6.3,13.57,5,0,,451168.07,459023.55,430750.2
Bankstown,2012-06-23,16.3,4.6,10.42,6,0,,429643.4,451168.07,427615.14
Bankstown,2012-06-24,17.4,2.8,9.89,7,0,,421622.21,429643.4,401400.53
Bankstown,2012-06-25,18.9,1.7,10.42,1,0,,455847.6,421622.21,438433.64
Bankstown,2012-06-26,12.9,6.6,11.03,2,0,,470931.23,455847.6,447827.05
Bankstown,2012-06-27,15.3,5.2,10.5,3,0,,458750.46,470931.23,457298.76
Bankstown,2012-06-28,17.5,5.0,10.02,4,0,,450900.95,458750.46,459023.55
Bankstown,2012-06-29,19.5,8.5,12.64,5,0,,432279.45,450900.95,451168.07
Bankstown,2012-06-30,19.2,4.8,10.88,6,0,,404625.46,432279.45,429643.4
Bankstown,2012-07-01,15.5,6.0,9.95,7,0,,410333.71,404625.46,421622.21
Bankstown,2012-07-02,15.7,2.0,9.5,1,0,,452045.64,410333.71,455847.6
Bankstown,2012-07-03,15.4,5.4,9.54,2,0,,459326.95,452045.64,470931.23
Bankstown,2012-07-04,15.5,6.4,10.6,3,0,,460503.4,459326.95,458750.46
Bankstown,2012-07-05,14.5,8.4,10.59,4,0,,459984.3,460503.4,450900.95
Bankstown,2012-07-06,14.5,8.8,10.9,5,0,,458303.1,459984.3,432279.45
Bankstown,2012-07-07,14.6,8.1,10.91,6,0,,426962.61,458303.1,404625.46
Bankstown,2012-07-08,18.0,6.2,10.93,7,0,,403069.74,426962.61,410333.71
Bankstown,2012-07-09,17.9,4.2,9.82,1,0,,442355.02,403069.74,452045.64
Bankstown,2012-07-10,17.9,5.8,11.52,2,0,,450597.98,442355.02,459326.95
Bankstown,2012-07-11,19.4,8.8,13.25,3,0,,424285.99,450597.98,460503.4
Bankstown,2012-07-12,16.1,8.1,11.79,4,0,,438147.45,424285.99,459984.3
Bankstown,2012-07-13,23.1,8.7,14.77,5,0,,412392.92,438147.45,458303.1
Bankstown,2012-07-14,19.2,6.6,11.92,6,0,,385773.46,412392.92,426962.61
Bankstown,2012-07-15,17.0,4.6,10.93,7,0,,384298.96,385773.46,403069.74
Bankstown,2012-07-16,19.7,5.1,10.73,1,0,,431290.23,384298.96,442355.02
Bankstown,2012-07-17,19.9,3.9,9.31,2,0,,435355.62,431290.23,450597.98
Bankstown,2012-07-18,18.5,5.4,10.54,3,0,,427240.25,435355.62,424285.99
Bankstown,2012-07-19,14.1,3.9,9.36,4,0,,444732.28,427240.25,438147.45
Bankstown,2012-07-20,15.6,4.7,10.05,5,0,,445369.38,444732.28,412392.92
Bankstown,2012-07-21,14.9,9.1,12.19,6,0,,416852.21,445369.38,385773.46
Bankstown,2012-07-22,16.2,8.4,11.58,7,0,,402315.48,416852.21,384298.96
Bankstown,2012-07-23,15.2,8.7,12.23,1,0,,438994.71,402315.48,431290.23
Bankstown,2012-07-24,13.9,9.5,11.67,2,0,,447859.46,438994.71,435355.62
Bankstown,2012-07-25,18.7,8.1,12.0,3,0,,432249.6,447859.46,427240.25
Bankstown,2012-07-26,18.7,7.7,12.62,4,0,,430052.82,432249.6,444732.28
Bankstown,2012-07-27,17.1,4.7,10.47,5,0,,433459.68,430052.82,445369.38
Bankstown,2012-07-28,17.2,5.4,11.07,6,0,,409413.32,433459.68,416852.21
Bankstown,2012-07-29,15.2,4.7,10.05,7,0,,404101.01,409413.32,402315.48
Bankstown,2012-07-30,14.4,5.4,10.59,1,0,,448795.36,404101.01,438994.71
Bankstown,2012-07-31,14.5,6.3,10.28,2,0,,462908.02,448795.36,447859.46
Bankstown,2012-08-01,15.0,5.4,9.78,3,0,,460452.62,462908.02,432249.6
Bankstown,2012-08-02,15.5,4.3,9.25,4,0,,455838.79,460452.62,430052.82
Bankstown,2012-08-03,17.6,3.1,9.26,5,0,,445094.42,455838.79,433459.68
Bankstown,2012-08-04,19.5,1.3,9.88,6,0,,403583.59,445094.42,409413.32
Bankstown,2012-08-05,20.8,1.6,11.72,7,0,,384765.12,403583.59,404101.01
Bankstown,2012-08-06,17.4,4.8,11.9,1,0,,422241.04,384765.12,448795.36
Bankstown,2012-08-07,17.3,4.0,9.52,2,0,,441987.0,422241.04,462908.02
Bankstown,2012-08-08,20.8,0.7,9.17,3,0,,432491.69,441987.0,460452.62
Bankstown,2012-08-09,18.5,5.5,11.97,4,0,,430658.18,432491.69,455838.79
Bankstown,2012-08-10,14.6,6.5,11.26,5,0,,452458.12,430658.18,445094.42
Bankstown,2012-08-11,15.7,8.9,13.05,6,0,,420602.87,452458.12,403583.59
Bankstown,2012-08-12,14.4,10.3,12.36,7,0,,404179.4,420602.87,384765.12
Bankstown,2012-08-13,18.3,6.3,11.54,1,0,,431407.53,404179.4,422241.04
Bankstown,2012-08-14,18.0,3.7,9.98,2,0,,440079.95,431407.53,441987.0
Bankstown,2012-08-15,21.7,3.3,11.76,3,0,,423073.74,440079.95,432491.69
Bankstown,2012-08-16,19.2,5.9,12.57,4,0,,418297.44,423073.74,430658.18
Bankstown,2012-08-17,21.2,3.2,11.47,5,0,,423719.4,418297.44,452458.12
Bankstown,2012-08-18,17.8,9.2,13.42,6,0,,395435.47,423719.4,420602.87
Bankstown,2012-08-19,18.7,4.9,11.66,7,0,,384082.21,395435.47,404179.4
Bankstown,2012-08-20,18.2,3.4,10.2,1,0,,430378.13,384082.21,431407.53
Bankstown,2012-08-21,21.1,6.4,13.04,2,0,,421539.67,430378.13,440079.95
Bankstown,2012-08-22,23.1,6.8,14.81,3,0,,403511.25,421539.67,423073.74
Bankstown,2012-08-23,28.7,10.4,19.28,4,0,,393408.37,403511.25,418297.44
Bankstown,2012-08-24,18.8,10.8,14.96,5,0,,395343.25,393408.37,423719.4
Bankstown,2012-08-25,19.3,6.7,12.76,6,0,,371047.61,395343.25,395435.47
Bankstown,2012-08-26,19.6,3.2,10.62,7,0,,368498.66,371047.61,384082.21
Bankstown,2012-08-27,18.9,5.8,12.28,1,0,,414107.5,368498.66,430378.13
Bankstown,2012-08-28,19.5,4.5,12.17,2,0,,416455.57,414107.5,421539.67
Bankstown,2012-08-29,21.1,5.7,12.79,3,0,,407215.1,416455.57,403511.25
Bankstown,2012-08-30,21.2,8.6,14.37,4,0,,397276.21,407215.1,393408.37
Bankstown,2012-08-31,17.4,6.1,11.6,5,0,,413165.09,397276.21,395343.25
Bankstown,2012-09-01,15.9,2.9,10.42,6,0,,397240.51,413165.09,371047.61
Bankstown,2012-09-02,19.6,6.0,11.34,7,0,,370835.55,397240.51,368498.66
Bankstown,2012-09-03,20.3,4.0,10.77,1,0,,405504.98,370835.55,414107.5
Bankstown,2012-09-04,23.7,3.9,12.33,2,0,,403261.68,405504.98,416455.57
Bankstown,2012-09-05,27.2,4.5,17.47,3,0,,386404.74,403261.68,407215.1
Bankstown,2012-09-06,26.9,11.4,21.4,4,0,,377701.99,386404.74,397276.21
Bankstown,2012-09-07,20.7,7.5,15.51,5,0,,382219.78,377701.99,413165.09
Bankstown,2012-09-08,20.1,9.2,15.1,6,0,,358177.87,382219.78,397240.51
Bankstown,2012-09-09,19.5,6.8,13.92,7,0,,347751.62,358177.87,370835.55
Bankstown,2012-09-10,24.1,4.7,12.56,1,0,,387363.35,347751.62,405504.98
Bankstown,2012-09-11,20.0,9.5,14.79,2,0,,389059.13,387363.35,403261.68
Bankstown,2012-09-12,22.0,7.6,13.63,3,0,,385348.39,389059.13,386404.74
Bankstown,2012-09-13,22.4,8.2,12.74,4,0,,396318.69,385348.39,377701.99
Bankstown,2012-09-14,17.7,6.0,11.26,5,0,,393868.07,396318.69,382219.78
Bankstown,2012-09-15,17.8,5.1,12.23,6,0,,366898.43,393868.07,358177.87
Bankstown,2012-09-16,19.9,6.9,13.3,7,0,,348938.38,366898.43,347751.62
Bankstown,2012-09-17,19.0,12.1,15.6,1,0,,383819.24,348938.38,387363.35
Bankstown,2012-09-18,22.2,10.7,15.43,2,0,,390136.04,383819.24,389059.13
Bankstown,2012-09-19,21.5,8.3,14.1,3,0,,382658.15,390136.04,385348.39
Bankstown,2012-09-20,21.8,8.9,15.4,4,0,,381959.51,382658.15,396318.69
Bankstown,2012-09-21,23.8,11.1,16.14,5,0,,371604.27,381959.51,393868.07
Bankstown,2012-09-22,20.2,8.7,14.47,6,0,,347846.88,371604.27,366898.43
Bankstown,2012-09-23,25.3,7.3,16.36,7,0,,330883.69,347846.88,348938.38
Bankstown,2012-09-24,22.5,11.2,17.06,1,0,,368688.57,330883.69,383819.24
Bankstown,2012-09-25,17.1,11.3,14.63,2,0,,379210.01,368688.57,390136.04
Bankstown,2012-09-26,21.1,10.9,16.58,3,0,,372789.82,379210.01,382658.15
Bankstown,2012-09-27,25.3,9.7,16.88,4,0,,369587.26,372789.82,381959.51
Bankstown,2012-09-28,32.2,17.2,24.76,5,0,,371698.65,369587.26,371604.27
Bankstown,2012-09-29,21.9,11.9,18.33,6,0,,334390.35,371698.65,347846.88
Bankstown,2012-09-30,20.4,4.4,13.21,7,0,,322756.96,334390.35,330883.69
Bankstown,2012-10-01,19.6,7.9,14.17,1,1,Labour Day,330881.12,322756.96,368688.57
Bankstown,2012-10-02,20.2,9.8,14.76,2,0,,367675.89,330881.12,379210.01
Bankstown,2012-10-03,29.5,8.5,17.41,3,0,,370537.75,367675.89,372789.82
Bankstown,2012-10-04,31.4,9.5,21.03,4,0,,372210.05,370537.75,369587.26
Bankstown,2012-10-05,33.1,14.6,21.01,5,0,,378966.75,372210.05,371698.65
Bankstown,2012-10-06,17.8,15.5,16.49,6,0,,348386.75,378966.75,334390.35
Bankstown,2012-10-07,18.6,11.2,15.31,7,0,,328900.06,348386.75,322756.96
Bankstown,2012-10-08,17.7,12.9,14.95,1,0,,369217.31,328900.06,330881.12
Bankstown,2012-10-09,18.4,9.4,13.68,2,0,,375301.88,369217.31,367675.89
Bankstown,2012-10-10,23.8,6.9,15.36,3,0,,373486.37,375301.88,370537.75
Bankstown,2012-10-11,18.5,11.8,14.48,4,0,,384399.95,373486.37,372210.05
Bankstown,2012-10-12,15.7,8.0,11.4,5,0,,397326.32,384399.95,378966.75
Bankstown,2012-10-13,17.7,5.7,11.42,6,0,,355793.89,397326.32,348386.75
Bankstown,2012-10-14,19.2,9.8,14.35,7,0,,337200.08,355793.89,328900.06
Bankstown,2012-10-15,26.4,8.3,15.83,1,0,,370415.32,337200.08,369217.31
Bankstown,2012-10-16,32.3,10.3,21.54,2,0,,376437.03,370415.32,375301.88
Bankstown,2012-10-17,21.8,14.4,18.05,3,0,,368684.9,376437.03,373486.37
Bankstown,2012-10-18,21.5,16.0,18.51,4,0,,373241.11,368684.9,384399.95
Bankstown,2012-10-19,29.1,12.8,20.13,5,0,,379055.88,373241.11,397326.32
Bankstown,2012-10-20,31.9,14.0,20.7,6,0,,348295.69,379055.88,355793.89
Bankstown,2012-10-21,27.6,11.2,17.03,7,0,,327220.56,348295.69,337200.08
Bankstown,2012-10-22,17.3,11.5,13.75,1,0,,365364.79,327220.56,370415.32
Bankstown,2012-10-23,18.9,9.0,14.72,2,0,,364924.73,365364.79,376437.03
Bankstown,2012-10-24,22.8,8.4,16.46,3,0,,372397.67,364924.73,368684.9
Bankstown,2012-10-25,28.5,9.9,18.52,4,0,,375837.19,372397.67,373241.11
Bankstown,2012-10-26,23.7,16.3,18.49,5,0,,366903.65,375837.19,379055.88
Bankstown,2012-10-27,19.0,8.7,15.49,6,0,,334736.95,366903.65,348295.69
Bankstown,2012-10-28,19.2,10.5,15.76,7,0,,325778.9,334736.95,327220.56
Bankstown,2012-10-29,22.0,8.9,16.08,1,0,,366519.18,325778.9,365364.79
Bankstown,2012-10-30,24.5,10.9,17.65,2,0,,375423.12,366519.18,364924.73
Bankstown,2012-10-31,28.8,12.5,20.06,3,0,,383240.06,375423.12,372397.67
Bankstown,2012-11-01,32.1,13.4,22.93,4,0,,382202.02,383240.06,375837.19
Bankstown,2012-11-02,18.8,14.9,17.07,5,0,,362790.11,382202.02,366903.65
Bankstown,2012-11-03,17.8,13.1,15.16,6,0,,339754.71,362790.11,334736.95
Bankstown,2012-11-04,23.1,14.2,18.42,7,0,,332406.61,339754.71,325778.9
Bankstown,2012-11-05,27.6,13.3,20.01,1,0,,385208.91,332406.61,366519.18
Bankstown,2012-11-06,28.6,19.1,22.74,2,0,,392456.63,385208.91,375423.12
Bankstown,2012-11-07,25.5,18.7,21.37,3,0,,385209.8,392456.63,383240.06
Bankstown,2012-11-08,25.5,17.3,20.77,4,0,,386343.82,385209.8,382202.02
Bankstown,2012-11-09,27.4,17.7,21.17,5,0,,382771.16,386343.82,362790.11
Bankstown,2012-11-10,19.0,14.1,17.32,6,0,,336367.1,382771.16,339754.71
Bankstown,2012-11-11,20.4,10.2,15.84,7,0,,321501.73,336367.1,332406.61
Bankstown,2012-11-12,24.0,9.6,17.55,1,0,,366313.97,321501.73,385208.91
Bankstown,2012-11-13,20.4,14.1,17.45,2,0,,368267.02,366313.97,392456.63
Bankstown,2012-11-14,19.0,15.0,17.05,3,0,,372542.38,368267.02,385209.8
Bankstown,2012-11-15,26.0,13.6,20.22,4,0,,381215.09,372542.38,386343.82
Bankstown,2012-11-16,19.4,14.7,16.72,5,0,,374128.47,381215.09,382771.16
Bankstown,2012-11-17,20.5,13.1,16.83,6,0,,336238.5,374128.47,336367.1
Bankstown,2012-11-18,24.0,12.7,18.5,7,0,,324966.34,336238.5,321501.73
Bankstown,2012-11-19,18.8,10.8,15.79,1,0,,363143.49,324966.34,366313.97
Bankstown,2012-11-20,20.8,11.9,17.1,2,0,,365152.35,363143.49,368267.02
Bankstown,2012-11-21,24.5,10.1,18.39,3,0,,372732.72,365152.35,372542.38
Bankstown,2012-11-22,19.3,16.5,18.01,4,0,,372460.93,372732.72,381215.09
Bankstown,2012-11-23,21.0,13.5,17.58,5,0,,370907.78,372460.93,374128.47
Bankstown,2012-11-24,25.4,14.3,20.37,6,0,,350982.95,370907.78,336238.5
Bankstown,2012-11-25,33.1,16.7,24.37,7,0,,370227.72,350982.95,324966.34
Bankstown,2012-11-26,24.9,20.1,21.83,1,0,,408612.87,370227.72,363143.49
Bankstown,2012-11-27,23.8,18.2,20.11,2,0,,399762.79,408612.87,365152.35
Bankstown,2012-11-28,21.8,16.8,19.62,3,0,,392432.58,399762.79,372732.72
Bankstown,2012-11-29,27.7,19.8,23.36,4,0,,420609.33,392432.58,372460.93
Bankstown,2012-11-30,33.4,20.4,25.52,5,0,,456097.84,420609.33,370907.78
Bankstown,2012-12-01,35.6,23.2,27.3,6,0,,420370.49,456097.84,350982.95
Bankstown,2012-12-02,24.8,19.3,21.35,7,0,,358747.42,420370.49,370227.72
Bankstown,2012-12-03,22.3,16.5,18.9,1,0,,385927.25,358747.42,408612.87
Bankstown,2012-12-04,29.4,14.6,21.05,2,0,,380390.14,385927.25,399762.79
Bankstown,2012-12-05,25.0,11.3,19.27,3,0,,369530.78,380390.14,392432.58
Bankstown,2012-12-06,21.2,9.7,16.67,4,0,,374974.71,369530.78,420609.33
Bankstown,2012-12-07,22.4,16.4,19.07,5,0,,378900.82,374974.71,456097.84
Bankstown,2012-12-08,27.0,17.0,22.18,6,0,,365893.81,378900.82,420370.49
Bankstown,2012-12-09,25.4,17.7,19.84,7,0,,343776.29,365893.81,358747.42
Bankstown,2012-12-10,20.6,16.0,18.38,1,0,,373372.03,343776.29,385927.25
Bankstown,2012-12-11,20.5,17.5,18.7,2,0,,374347.59,373372.03,380390.14
Bankstown,2012-12-12,25.8,15.7,20.13,3,0,,383889.8,374347.59,369530.78
Bankstown,2012-12-13,26.6,13.1,20.95,4,0,,394954.89,383889.8,374974.71
Bankstown,2012-12-14,27.2,16.2,22.05,5,0,,398246.55,394954.89,378900.82
Bankstown,2012-12-15,26.4,18.3,23.28,6,0,,358435.14,398246.55,365893.81
Bankstown,2012-12-16,35.0,17.6,25.33,7,0,,370905.74,358435.14,343776.29
Bankstown,2012-12-17,21.7,18.5,19.65,1,0,,383123.17,370905.74,373372.03
Bankstown,2012-12-18,28.1,14.8,21.7,2,0,,400133.75,383123.17,374347.59
Bankstown,2012-12-19,27.0,20.4,23.66,3,0,,418724.44,400133.75,383889.8
Bankstown,2012-12-20,33.4,19.6,24.22,4,0,,414991.13,418724.44,394954.89
Bankstown,2012-12-21,23.5,19.4,21.26,5,0,,378248.82,414991.13,398246.55
Bankstown,2012-12-22,26.3,19.4,22.81,6,0,,363418.19,378248.82,358435.14
Bankstown,2012-12-23,30.8,20.4,24.97,7,0,,381487.74,363418.19,370905.74
Bankstown,2012-12-24,31.6,20.4,24.98,1,0,,398163.18,381487.74,383123.17
Bankstown,2012-12-25,22.0,16.2,18.46,2,1,Christmas Day,301534.31,398163.18,400133.75
Bankstown,2012-12-26,22.2,17.0,19.49,3,1,Boxing Day,295254.36,301534.31,418724.44
Bankstown,2012-12-27,24.4,12.2,18.92,4,0,,331353.37,295254.36,414991.13
Bankstown,2012-12-28,32.2,13.8,20.74,5,0,,342310.27,331353.37,378248.82
Bankstown,2012-12-29,23.9,18.4,20.58,6,0,,325171.47,342310.27,363418.19
Bankstown,2012-12-30,22.6,17.4,19.77,7,0,,319430.31,325171.47,381487.74
Bankstown,2012-12-31,28.1,17.0,23.41,1,0,,358014.96,319430.31,398163.18
Bankstown,2013-01-01,27.7,19.9,23.09,2,1,New Year's Day,353687.22,358014.96,301534.31
Bankstown,2013-01-02,23.2,17.1,20.12,3,0,,361317.14,353687.22,295254.36
Bankstown,2013-01-03,25.2,18.0,21.31,4,0,,370664.31,361317.14,331353.37
Bankstown,2013-01-04,28.7,15.1,22.24,5,0,,397909.05,370664.31,342310.27
Bankstown,2013-01-05,30.5,15.9,23.21,6,0,,396019.12,397909.05,325171.47
Bankstown,2013-01-06,29.3,19.1,24.29,7,0,,382643.03,396019.12,319430.31
Bankstown,2013-01-07,27.6,21.1,23.81,1,0,,425544.25,382643.03,358014.96
Bankstown,2013-01-08,40.3,18.7,31.71,2,0,,481242.45,425544.25,353687.22
Bankstown,2013-01-09,32.3,19.7,21.5,3,0,,401454.45,481242.45,361317.14
Bankstown,2013-01-10,24.7,20.0,22.07,4,0,,391058.45,401454.45,370664.31
Bankstown,2013-01-11,30.9,17.5,25.0,5,0,,444256.47,391058.45,397909.05
Bankstown,2013-01-12,30.5,19.2,23.35,6,0,,403852.74,444256.47,396019.12
Bankstown,2013-01-13,23.9,16.9,20.4,7,0,,358175.61,403852.74,382643.03
Bankstown,2013-01-14,21.9,16.4,19.33,1,0,,372145.66,358175.61,425544.25
Bankstown,2013-01-15,24.8,13.5,20.38,2,0,,382753.15,372145.66,481242.45
Bankstown,2013-01-16,29.7,14.9,22.56,3,0,,411813.09,382753.15,401454.45
Bankstown,2013-01-17,29.0,20.1,24.36,4,0,,445298.46,411813.09,391058.45
Bankstown,2013-01-18,44.4,20.3,29.79,5,0,,497380.53,445298.46,444256.47
Bankstown,2013-01-19,22.8,19.8,21.04,6,0,,366977.51,497380.53,403852.74
Bankstown,2013-01-20,23.9,19.6,20.96,7,0,,347975.26,366977.51,358175.61
Bankstown,2013-01-21,27.7,20.4,23.15,1,0,,413421.1,347975.26,372145.66
Bankstown,2013-01-22,32.2,17.9,23.48,2,0,,427685.21,413421.1,382753.15
Bankstown,2013-01-23,24.7,20.2,21.63,3,0,,398194.48,427685.21,411813.09
Bankstown,2013-01-24,26.9,19.7,23.28,4,0,,421596.98,398194.48,445298.46
Bankstown,2013-01-25,30.3,19.8,25.12,5,0,,442513.02,421596.98,497380.53
Bankstown,2013-01-26,29.5,23.4,26.43,6,0,,392851.29,442513.02,366977.51
Bankstown,2013-01-27,24.4,19.6,21.39,7,0,,355122.16,392851.29,347975.26
Bankstown,2013-01-28,22.6,19.5,21.32,1,1,Australia Day,357591.46,355122.16,413421.1
Bankstown,2013-01-29,25.9,19.9,21.71,2,0,,398268.05,357591.46,427685.21
Bankstown,2013-01-30,25.8,19.8,22.25,3,0,,398830.14,398268.05,398194.48
Bankstown,2013-01-31,28.5,19.6,24.23,4,0,,428945.77,398830.14,421596.98
Bankstown,2013-02-01,22.9,16.3,19.87,5,0,,393775.1,428945.77,442513.02
Bankstown,2013-02-02,20.1,13.3,16.09,6,0,,342167.13,393775.1,392851.29
Bankstown,2013-02-03,22.5,15.0,18.22,7,0,,332930.44,342167.13,355122.16
Bankstown,2013-02-04,24.1,15.0,19.95,1,0,,384076.8,332930.44,357591.46
Bankstown,2013-02-05,24.9,15.6,20.03,2,0,,393631.21,384076.8,398268.05
Bankstown,2013-02-06,26.1,17.6,21.74,3,0,,399155.31,393631.21,398830.14
Bankstown,2013-02-07,27.5,15.1,21.92,4,0,,409130.06,399155.31,428945.77
Bankstown,2013-02-08,29.5,16.3,23.43,5,0,,426696.12,409130.06,393775.1
Bankstown,2013-02-09,28.4,18.4,23.81,6,0,,394553.44,426696.12,342167.13
Bankstown,2013-02-10,29.1,19.5,21.91,7,0,,374425.03,394553.44,332930.44
Bankstown,2013-02-11,21.5,18.4,19.98,1,0,,387870.53,374425.03,384076.8
Bankstown,2013-02-12,22.4,18.2,19.78,2,0,,388225.3,387870.53,393631.21
Bankstown,2013-02-13,23.6,16.7,20.14,3,0,,384032.64,388225.3,399155.31
Bankstown,2013-02-14,25.4,15.0,20.02,4,0,,393059.02,384032.64,409130.06
Bankstown,2013-02-15,25.3,17.0,20.6,5,0,,394893.78,393059.02,426696.12
Bankstown,2013-02-16,24.7,15.8,19.75,6,0,,357749.84,394893.78,394553.44
Bankstown,2013-02-17,25.2,16.1,19.8,7,0,,348088.83,357749.84,374425.03
Bankstown,2013-02-18,26.2,14.9,20.43,1,0,,396846.47,348088.83,387870.53
Bankstown,2013-02-19,27.4,16.6,22.16,2,0,,411921.94,396846.47,388225.3
Bankstown,2013-02-20,26.2,18.3,22.44,3,0,,410799.49,411921.94,384032.64
Bankstown,2013-02-21,25.9,17.6,22.61,4,0,,408263.1,410799.49,393059.02
Bankstown,2013-02-22,25.1,22.2,23.56,5,0,,398592.74,408263.1,394893.78
Bankstown,2013-02-23,23.8,19.2,22.26,6,0,,365265.96,398592.74,357749.84
Bankstown,2013-02-24,27.9,21.5,24.37,7,0,,378284.43,365265.96,348088.83
Bankstown,2013-02-25,28.5,21.7,24.65,1,0,,438631.56,378284.43,396846.47
Bankstown,2013-02-26,27.2,21.0,23.66,2,0,,422930.81,438631.56,411921.94
Bankstown,2013-02-27,28.1,20.4,23.52,3,0,,424055.78,422930.81,410799.49
Bankstown,2013-02-28,28.1,15.8,19.37,4,0,,402986.37,424055.78,408263.1
Bankstown,2013-03-01,19.8,16.2,18.53,5,0,,378126.77,402986.37,398592.74
Bankstown,2013-03-02,20.5,17.1,18.68,6,0,,344846.91,378126.77,365265.96
Bankstown,2013-03-03,23.5,19.1,21.02,7,0,,336841.78,344846.91,378284.43
Bankstown,2013-03-04,25.3,17.3,20.91,1,0,,384219.43,336841.78,438631.56
Bankstown,2013-03-05,26.2,16.0,21.55,2,0,,394978.66,384219.43,422930.81
Bankstown,2013-03-06,26.2,18.0,21.93,3,0,,399860.67,394978.66,424055.78
Bankstown,2013-03-07,27.0,15.6,21.97,4,0,,408416.76,399860.67,402986.37
Bankstown,2013-03-08,26.3,17.4,22.21,5,0,,403009.71,408416.76,378126.77
Bankstown,2013-03-09,27.1,19.1,22.74,6,0,,371468.49,403009.71,344846.91
Bankstown,2013-03-10,27.8,16.2,22.07,7,0,,363011.77,371468.49,336841.78
Bankstown,2013-03-11,27.4,18.3,22.9,1,0,,405956.43,363011.77,384219.43
Bankstown,2013-03-12,26.3,17.7,21.81,2,0,,405114.63,405956.43,394978.66
Bankstown,2013-03-13,28.4,15.5,21.85,3,0,,403319.69,405114.63,399860.67
Bankstown,2013-03-14,24.1,18.6,21.46,4,0,,396823.31,403319.69,408416.76
Bankstown,2013-03-15,23.2,19.0,20.69,5,0,,391868.82,396823.31,403009.71
Bankstown,2013-03-16,28.5,19.3,23.16,6,0,,367448.03,391868.82,371468.49
Bankstown,2013-03-17,22.4,16.6,19.94,7,0,,335025.68,367448.03,363011.77
Bankstown,2013-03-18,21.2,12.7,17.21,1,0,,373649.23,335025.68,405956.43
Bankstown,2013-03-19,22.4,10.9,16.94,2,0,,376380.01,373649.23,405114.63
Bankstown,2013-03-20,24.8,13.0,19.34,3,0,,379142.52,376380.01,403319.69
Bankstown,2013-03-21,26.6,13.4,20.21,4,0,,386267.25,379142.52,396823.31
Bankstown,2013-03-22,31.1,16.8,24.87,5,0,,399970.39,386267.25,391868.82
Bankstown,2013-03-23,29.8,18.3,22.66,6,0,,370465.89,399970.39,367448.03
Bankstown,2013-03-24,30.3,17.9,23.48,7,0,,370048.38,370465.89,335025.68
Bankstown,2013-03-25,27.1,14.2,20.77,1,0,,407636.85,370048.38,373649.23
Bankstown,2013-03-26,27.5,19.1,22.97,2,0,,412934.13,407636.85,376380.01
Bankstown,2013-03-27,29.1,17.7,22.46,3,0,,420951.5,412934.13,379142.52
Bankstown,2013-03-28,31.8,19.4,23.95,4,0,,411119.82,420951.5,386267.25
Bankstown,2013-03-29,20.8,15.0,18.52,5,1,Good Friday,325270.33,411119.82,399970.39
Bankstown,2013-03-30,24.0,11.4,18.35,6,1,Easter Saturday,327209.77,325270.33,370465.89
Bankstown,2013-03-31,25.0,16.3,19.72,7,1,Easter Sunday,317902.89,327209.77,370048.38
Bankstown,2013-04-01,23.3,16.8,19.68,1,1,Easter Monday,330681.05,317902.89,407636.85
Bankstown,2013-04-02,24.1,14.0,18.14,2,0,,371363.48,330681.05,412934.13
Bankstown,2013-04-03,18.7,14.5,16.73,3,0,,374607.54,371363.48,420951.5
Bankstown,2013-04-04,20.3,15.4,16.7,4,0,,375052.68,374607.54,411119.82
Bankstown,2013-04-05,22.7,14.9,18.27,5,0,,372910.99,375052.68,325270.33
Bankstown,2013-04-06,21.2,13.0,16.41,6,0,,344125.89,372910.99,327209.77
Bankstown,2013-04-07,23.5,13.2,17.32,7,0,,334780.21,344125.89,317902.89
Bankstown,2013-04-08,24.1,13.3,17.35,1,0,,373316.31,334780.21,330681.05
Bankstown,2013-04-09,21.6,13.5,16.46,2,0,,380570.59,373316.31,371363.48
Bankstown,2013-04-10,24.6,12.6,18.18,3,0,,382204.69,380570.59,374607.54
Bankstown,2013-04-11,26.8,11.8,17.71,4,0,,380357.52,382204.69,375052.68
Bankstown,2013-04-12,24.8,12.5,18.45,5,0,,380831.87,380357.52,372910.99
Bankstown,2013-04-13,25.3,11.5,17.53,6,0,,347668.99,380831.87,344125.89
Bankstown,2013-04-14,28.6,13.4,19.49,7,0,,336180.94,347668.99,334780.21
Bankstown,2013-04-15,27.0,13.1,18.95,1,0,,377130.76,336180.94,373316.31
Bankstown,2013-04-16,20.7,14.7,17.64,2,0,,383237.43,377130.76,380570.59
Bankstown,2013-04-17,21.8,11.7,16.69,3,0,,377334.29,383237.43,382204.69
Bankstown,2013-04-18,21.8,13.5,17.0,4,0,,377895.35,377334.29,380357.52
Bankstown,2013-04-19,19.2,12.6,16.1,5,0,,369086.19,377895.35,380831.87
Bankstown,2013-04-20,18.6,11.6,14.38,6,0,,357534.81,369086.19,347668.99
Bankstown,2013-04-21,19.8,9.4,14.05,7,0,,341081.01,357534.81,336180.94
Bankstown,2013-04-22,24.0,11.0,15.94,1,0,,370593.77,341081.01,377130.76
Bankstown,2013-04-23,23.4,7.6,14.59,2,0,,371602.55,370593.77,383237.43
Bankstown,2013-04-24,22.5,8.6,14.15,3,0,,372536.6,371602.55,377334.29
Bankstown,2013-04-25,20.8,9.6,14.33,4,1,ANZAC Day,338944.86,372536.6,377895.35
Bankstown,2013-04-26,25.2,7.6,15.5,5,0,,357648.0,338944.86,369086.19
Bankstown,2013-04-27,24.7,9.7,15.35,6,0,,337345.46,357648.0,357534.81
Bankstown,2013-04-28,27.8,9.6,16.51,7,0,,327183.2,337345.46,341081.01
Bankstown,2013-04-29,24.1,10.5,17.76,1,0,,373321.03,327183.2,370593.77
Bankstown,2013-04-30,21.4,14.8,17.67,2,0,,382460.01,373321.03,371602.55
Bankstown,2013-05-01,24.9,13.6,17.94,3,0,,381486.26,382460.01,372536.6
Bankstown,2013-05-02,18.3,10.5,15.05,4,0,,380415.89,381486.26,338944.86
Bankstown,2013-05-03,21.5,7.5,14.32,5,0,,379291.87,380415.89,357648.0
Bankstown,2013-05-04,24.7,9.0,15.64,6,0,,351689.99,379291.87,337345.46
Bankstown,2013-05-05,18.3,8.4,14.19,7,0,,346388.12,351689.99,327183.2
Bankstown,2013-05-06,18.1,7.3,13.12,1,0,,388348.7,346388.12,373321.03
Bankstown,2013-05-07,19.4,8.6,14.26,2,0,,390553.52,388348.7,382460.01
Bankstown,2013-05-08,21.4,9.7,14.58,3,0,,387439.81,390553.52,381486.26
Bankstown,2013-05-09,23.8,9.4,14.1,4,0,,386013.55,387439.81,380415.89
Bankstown,2013-05-10,22.1,8.6,13.75,5,0,,385601.5,386013.55,379291.87
Bankstown,2013-05-11,21.8,11.0,15.52,6,0,,358022.87,385601.5,351689.99
Bankstown,2013-05-12,22.5,10.1,14.87,7,0,,344313.78,358022.87,346388.12
Bankstown,2013-05-13,22.2,10.4,15.43,1,0,,390540.54,344313.78,388348.7
Bankstown,2013-05-14,19.5,8.3,14.37,2,0,,389682.77,390540.54,390553.52
Bankstown,2013-05-15,19.9,4.1,12.73,3,0,,393272.76,389682.77,387439.81
Bankstown,2013-05-16,19.7,11.3,15.59,4,0,,390513.42,393272.76,386013.55
Bankstown,2013-05-17,18.5,9.3,14.46,5,0,,392842.25,390513.42,385601.5
Bankstown,2013-05-18,18.7,4.9,11.92,6,0,,367345.53,392842.25,358022.87
Bankstown,2013-05-19,18.8,5.4,12.6,7,0,,362992.05,367345.53,344313.78
Bankstown,2013-05-20,19.6,4.8,11.34,1,0,,405780.77,362992.05,390540.54
Bankstown,2013-05-21,21.8,5.0,12.75,2,0,,402494.35,405780.77,389682.77
Bankstown,2013-05-22,16.0,5.0,10.71,3,0,,426279.6,402494.35,393272.76
Bankstown,2013-05-23,18.3,10.4,13.45,4,0,,414619.27,426279.6,390513.42
Bankstown,2013-05-24,17.0,11.6,13.65,5,0,,415078.8,414619.27,392842.25
Bankstown,2013-05-25,19.3,8.3,12.58,6,0,,380791.57,415078.8,367345.53
Bankstown,2013-05-26,21.2,5.7,11.05,7,0,,376181.44,380791.57,362992.05
Bankstown,2013-05-27,18.8,8.5,13.77,1,0,,416884.73,376181.44,405780.77
Bankstown,2013-05-28,19.8,11.5,14.36,2,0,,415697.95,416884.73,402494.35
Bankstown,2013-05-29,20.9,10.5,14.09,3,0,,407780.75,415697.95,426279.6
Bankstown,2013-05-30,22.2,8.7,14.08,4,0,,408227.82,407780.75,414619.27
Bankstown,2013-05-31,23.5,8.8,14.81,5,0,,398383.93,408227.82,415078.8
Bankstown,2013-06-01,21.0,9.5,14.88,6,0,,373035.29,398383.93,380791.57
Bankstown,2013-06-02,15.2,12.2,13.92,7,0,,383414.61,373035.29,376181.44
Bankstown,2013-06-03,18.5,6.1,12.05,1,0,,417010.84,383414.61,416884.73
Bankstown,2013-06-04,18.9,6.6,12.28,2,0,,420135.99,417010.84,415697.95
Bankstown,2013-06-05,18.6,7.3,12.05,3,0,,422541.41,420135.99,407780.75
Bankstown,2013-06-06,19.9,9.2,13.35,4,0,,412889.07,422541.41,408227.82
Bankstown,2013-06-07,22.0,12.5,16.7,5,0,,397308.56,412889.07,398383.93
Bankstown,2013-06-08,17.8,9.4,14.13,6,0,,381602.45,397308.56,373035.29
Bankstown,2013-06-09,19.2,7.9,12.34,7,0,,365687.51,381602.45,383414.61
Bankstown,2013-06-10,20.2,8.1,12.66,1,1,Queen's Birthday,376502.98,365687.51,417010.84
Bankstown,2013-06-11,19.3,8.5,11.96,2,0,,412198.64,376502.98,420135.99
Bankstown,2013-06-12,14.9,7.4,10.88,3,0,,430997.96,412198.64,422541.41
Bankstown,2013-06-13,19.6,9.9,14.21,4,0,,412813.05,430997.96,412889.07
Bankstown,2013-06-14,18.8,5.8,12.97,5,0,,411738.21,412813.05,397308.56
Bankstown,2013-06-15,18.0,11.3,14.55,6,0,,385346.58,411738.21,381602.45
Bankstown,2013-06-16,17.2,5.8,11.02,7,0,,380506.58,385346.58,365687.51
Bankstown,2013-06-17,17.0,6.2,11.12,1,0,,433299.47,380506.58,376502.98
Bankstown,2013-06-18,17.2,5.4,11.0,2,0,,440822.85,433299.47,412198.64
Bankstown,2013-06-19,15.9,8.2,11.27,3,0,,440153.14,440822.85,430997.96
Bankstown,2013-06-20,15.4,8.0,10.91,4,0,,444075.46,440153.14,412813.05
Bankstown,2013-06-21,15.5,6.9,10.29,5,0,,441202.78,444075.46,411738.21
Bankstown,2013-06-22,11.9,5.9,9.6,6,0,,422036.51,441202.78,385346.58
Bankstown,2013-06-23,13.5,10.1,11.2,7,0,,410521.69,422036.51,380506.58
Bankstown,2013-06-24,13.6,9.4,10.92,1,0,,447146.42,410521.69,433299.47
Bankstown,2013-06-25,15.5,9.2,12.12,2,0,,449284.84,447146.42,440822.85
Bankstown,2013-06-26,18.3,14.6,15.71,3,0,,428574.72,449284.84,440153.14
Bankstown,2013-06-27,18.4,10.4,13.75,4,0,,425716.61,428574.72,444075.46
Bankstown,2013-06-28,15.6,10.3,13.28,5,0,,425341.86,425716.61,441202.78
Bankstown,2013-06-29,13.9,12.0,12.85,6,0,,404697.92,425341.86,422036.51
Bankstown,2013-06-30,15.5,9.0,12.53,7,0,,390787.19,404697.92,410521.69
Bankstown,2013-07-01,19.7,7.3,11.42,1,0,,423184.24,390787.19,447146.42
Bankstown,2013-07-02,18.9,5.9,10.5,2,0,,426641.86,423184.24,449284.84
Bankstown,2013-07-03,19.0,5.1,9.73,3,0,,427237.97,426641.86,428574.72
Bankstown,2013-07-04,22.6,2.8,12.11,4,0,,419068.89,427237.97,425716.61
Bankstown,2013-07-05,19.0,4.2,13.21,5,0,,406951.03,419068.89,425341.86
Bankstown,2013-07-06,16.8,3.1,10.13,6,0,,397528.39,406951.03,404697.92
Bankstown,2013-07-07,17.6,2.8,9.48,7,0,,391882.85,397528.39,390787.19
Bankstown,2013-07-08,17.9,2.5,8.66,1,0,,432318.01,391882.85,423184.24
Bankstown,2013-07-09,13.2,5.6,9.45,2,0,,447186.82,432318.01,426641.86
Bankstown,2013-07-10,15.4,7.5,10.31,3,0,,439843.81,447186.82,427237.97
Bankstown,2013-07-11,17.4,4.8,9.97,4,0,,433607.14,439843.81,419068.89
Bankstown,2013-07-12,19.6,4.9,10.51,5,0,,428094.39,433607.14,406951.03
Bankstown,2013-07-13,16.6,4.8,9.39,6,0,,401741.58,428094.39,397528.39
Bankstown,2013-07-14,18.7,4.5,11.82,7,0,,385959.35,401741.58,391882.85
Bankstown,2013-07-15,20.1,11.6,14.53,1,0,,418382.35,385959.35,432318.01
Bankstown,2013-07-16,21.6,12.3,15.03,2,0,,411629.04,418382.35,447186.82
Bankstown,2013-07-17,23.4,9.1,15.72,3,0,,398800.63,411629.04,439843.81
Bankstown,2013-07-18,22.0,8.5,14.37,4,0,,396917.07,398800.63,433607.14
Bankstown,2013-07-19,19.9,12.2,15.99,5,0,,399612.81,396917.07,428094.39
Bankstown,2013-07-20,19.3,9.8,15.03,6,0,,375995.45,399612.81,401741.58
Bankstown,2013-07-21,15.8,4.3,10.7,7,0,,382045.35,375995.45,385959.35
Bankstown,2013-07-22,16.7,2.4,9.2,1,0,,428848.03,382045.35,418382.35
Bankstown,2013-07-23,16.8,1.7,9.59,2,0,,436432.46,428848.03,411629.04
Bankstown,2013-07-24,16.5,7.1,12.05,3,0,,435921.11,436432.46,398800.63
Bankstown,2013-07-25,17.9,5.0,10.0,4,0,,431264.33,435921.11,396917.07
Bankstown,2013-07-26,19.3,4.1,9.01,5,0,,426116.33,431264.33,399612.81
Bankstown,2013-07-27,18.6,3.7,10.1,6,0,,399245.91,426116.33,375995.45
Bankstown,2013-07-28,18.8,3.9,11.23,7,0,,385437.06,399245.91,382045.35
Bankstown,2013-07-29,22.1,5.4,12.68,1,0,,405224.39,385437.06,428848.03
Bankstown,2013-07-30,19.8,6.7,13.05,2,0,,409646.94,405224.39,436432.46
Bankstown,2013-07-31,16.6,10.2,13.63,3,0,,413740.71,409646.94,435921.11
Bankstown,2013-08-01,18.1,5.9,10.24,4,0,,421165.76,413740.71,431264.33
Bankstown,2013-08-02,19.5,5.1,11.53,5,0,,412144.0,421165.76,426116.33
Bankstown,2013-08-03,18.2,6.7,12.93,6,0,,378647.54,412144.0,399245.91
Bankstown,2013-08-04,18.2,7.9,12.99,7,0,,371071.38,378647.54,385437.06
Bankstown,2013-08-05,19.9,5.0,12.89,1,0,,406056.6,371071.38,405224.39
Bankstown,2013-08-06,22.4,6.3,14.95,2,0,,405451.29,406056.6,409646.94
Bankstown,2013-08-07,17.3,8.4,12.64,3,0,,406883.86,405451.29,413740.71
Bankstown,2013-08-08,13.5,8.8,11.08,4,0,,430474.87,406883.86,421165.76
Bankstown,2013-08-09,17.8,6.0,11.5,5,0,,416991.06,430474.87,412144.0
Bankstown,2013-08-10,22.7,8.3,13.83,6,0,,367583.36,416991.06,378647.54
Bankstown,2013-08-11,21.6,4.6,12.5,7,0,,361004.66,367583.36,371071.38
Bankstown,2013-08-12,24.8,6.7,14.91,1,0,,399902.67,361004.66,406056.6
Bankstown,2013-08-13,21.5,2.9,12.21,2,0,,399715.22,399902.67,405451.29
Bankstown,2013-08-14,22.8,6.9,16.15,3,0,,396297.92,399715.22,406883.86
Bankstown,2013-08-15,16.6,5.3,12.06,4,0,,403806.81,396297.92,430474.87
Bankstown,2013-08-16,20.2,2.6,11.77,5,0,,407770.92,403806.81,416991.06
Bankstown,2013-08-17,23.7,6.2,16.18,6,0,,365615.76,407770.92,367583.36
Bankstown,2013-08-18,21.9,4.5,13.93,7,0,,350451.44,365615.76,361004.66
Bankstown,2013-08-19,20.3,8.3,14.27,1,0,,396430.17,350451.44,399902.67
Bankstown,2013-08-20,15.0,6.5,10.71,2,0,,421816.51,396430.17,399715.22
Bankstown,2013-08-21,16.5,5.1,11.0,3,0,,426497.36,421816.51,396297.92
Bankstown,2013-08-22,17.5,1.8,10.27,4,0,,427093.05,426497.36,403806.81
Bankstown,2013-08-23,18.2,10.4,14.84,5,0,,411992.68,427093.05,407770.92
Bankstown,2013-08-24,20.4,8.3,14.52,6,0,,367707.27,411992.68,365615.76
Bankstown,2013-08-25,23.5,5.9,12.08,7,0,,350239.8,367707.27,350451.44
Bankstown,2013-08-26,20.8,8.6,14.34,1,0,,392870.14,350239.8,396430.17
Bankstown,2013-08-27,20.2,8.6,14.13,2,0,,391428.38,392870.14,421816.51
Bankstown,2013-08-28,21.1,8.1,14.35,3,0,,386689.87,391428.38,426497.36
Bankstown,2013-08-29,21.6,7.8,15.01,4,0,,388282.53,386689.87,427093.05
Bankstown,2013-08-30,27.7,12.2,19.72,5,0,,374980.0,388282.53,411992.68
Bankstown,2013-08-31,22.5,10.2,16.25,6,0,,351329.6,374980.0,367707.27
Bankstown,2013-09-01,22.5,8.4,15.08,7,0,,337367.77,351329.6,350239.8
Bankstown,2013-09-02,23.3,8.7,14.06,1,0,,375002.0,337367.77,392870.14
Bankstown,2013-09-03,22.3,8.7,15.1,2,0,,377874.8,375002.0,391428.38
Bankstown,2013-09-04,22.4,8.4,14.79,3,0,,375662.64,377874.8,386689.87
Bankstown,2013-09-05,28.4,9.1,16.39,4,0,,377570.31,375662.64,388282.53
Bankstown,2013-09-06,22.9,12.6,17.78,5,0,,373698.08,377570.31,374980.0
Bankstown,2013-09-07,30.9,13.2,20.23,6,0,,342972.7,373698.08,351329.6
Bankstown,2013-09-08,19.4,15.6,17.47,7,0,,338620.39,342972.7,337367.77
Bankstown,2013-09-09,24.3,12.7,18.47,1,0,,369382.71,338620.39,375002.0
Bankstown,2013-09-10,31.3,16.8,25.04,2,0,,370196.54,369382.71,377874.8
Bankstown,2013-09-11,24.2,13.7,17.69,3,0,,359145.29,370196.54,375662.64
Bankstown,2013-09-12,22.7,6.8,15.02,4,0,,366663.17,359145.29,377570.31
Bankstown,2013-09-13,17.4,8.7,13.71,5,0,,375422.22,366663.17,373698.08
Bankstown,2013-09-14,20.5,12.6,16.09,6,0,,348105.05,375422.22,342972.7
Bankstown,2013-09-15,19.7,11.4,15.21,7,0,,337918.13,348105.05,338620.39
Bankstown,2013-09-16,16.9,12.0,15.25,1,0,,387217.5,337918.13,369382.71
Bankstown,2013-09-17,22.1,15.3,18.49,2,0,,375042.71,387217.5,370196.54
Bankstown,2013-09-18,24.3,15.3,19.57,3,0,,362724.94,375042.71,359145.29
Bankstown,2013-09-19,22.6,8.8,16.18,4,0,,364319.6,362724.94,366663.17
Bankstown,2013-09-20,20.2,7.2,14.66,5,0,,366874.92,364319.6,375422.22
Bankstown,2013-09-21,19.5,7.4,13.79,6,0,,342197.59,366874.92,348105.05
Bankstown,2013-09-22,24.0,7.8,15.93,7,0,,332754.23,342197.59,337918.13
Bankstown,2013-09-23,25.1,9.4,17.36,1,0,,365883.87,332754.23,387217.5
Bankstown,2013-09-24,30.4,13.4,21.64,2,0,,367920.02,365883.87,375042.71
Bankstown,2013-09-25,31.3,10.3,20.23,3,0,,374422.21,367920.02,362724.94
Bankstown,2013-09-26,30.3,11.0,20.77,4,0,,370641.96,374422.21,364319.6
Bankstown,2013-09-27,21.9,8.8,15.91,5,0,,363322.3,370641.96,366874.92
Bankstown,2013-09-28,28.7,7.5,19.32,6,0,,337978.28,363322.3,342197.59
Bankstown,2013-09-29,22.1,11.3,17.26,7,0,,325968.51,337978.28,332754.23
Bankstown,2013-09-30,29.4,9.0,18.2,1,0,,366140.88,325968.51,365883.87
Bankstown,2013-10-01,31.6,12.5,21.26,2,0,,375476.51,366140.88,367920.02
Bankstown,2013-10-02,25.9,8.0,18.07,3,0,,363584.57,375476.51,374422.21
Bankstown,2013-10-03,18.3,9.9,14.47,4,0,,370230.14,363584.57,370641.96
Bankstown,2013-10-04,18.7,8.0,13.21,5,0,,364533.94,370230.14,363322.3
Bankstown,2013-10-05,28.0,7.2,16.37,6,0,,333458.32,364533.94,337978.28
Bankstown,2013-10-06,31.1,8.9,20.85,7,0,,324747.77,333458.32,325968.51
Bankstown,2013-10-07,19.4,15.5,17.67,1,1,Labour Day,324026.44,324747.77,366140.88
Bankstown,2013-10-08,19.5,11.0,15.35,2,0,,365283.96,324026.44,375476.51
Bankstown,2013-10-09,29.3,7.6,17.85,3,0,,371445.1,365283.96,363584.57
Bankstown,2013-10-10,35.7,12.9,25.71,4,0,,395098.65,371445.1,370230.14
Bankstown,2013-10-11,21.6,13.0,18.12,5,0,,369705.23,395098.65,364533.94
Bankstown,2013-10-12,27.0,10.6,18.36,6,0,,346205.38,369705.23,333458.32
Bankstown,2013-10-13,33.8,13.8,24.47,7,0,,350041.8,346205.38,324747.77
Bankstown,2013-10-14,17.0,9.5,14.82,1,0,,363973.38,350041.8,324026.44
Bankstown,2013-10-15,23.9,6.7,14.64,2,0,,362821.68,363973.38,365283.96
Bankstown,2013-10-16,27.0,7.3,17.96,3,0,,363338.14,362821.68,371445.1
Bankstown,2013-10-17,32.4,10.2,23.28,4,0,,375360.49,363338.14,395098.65
Bankstown,2013-10-18,20.8,10.6,16.16,5,0,,366182.52,375360.49,369705.23
Bankstown,2013-10-19,22.2,8.1,16.26,6,0,,335253.32,366182.52,346205.38
Bankstown,2013-10-20,27.7,11.3,18.19,7,0,,333853.63,335253.32,350041.8
Bankstown,2013-10-21,33.0,13.1,22.16,1,0,,394860.67,333853.63,363973.38
Bankstown,2013-10-22,25.0,19.3,21.58,2,0,,386445.88,394860.67,362821.68
Bankstown,2013-10-23,32.2,19.2,26.48,3,0,,394674.44,386445.88,363338.14
Bankstown,2013-10-24,22.3,12.3,18.5,4,0,,365897.18,394674.44,375360.49
Bankstown,2013-10-25,22.7,6.1,15.0,5,0,,359883.36,365897.18,366182.52
Bankstown,2013-10-26,21.2,8.6,15.59,6,0,,332336.43,359883.36,335253.32
Bankstown,2013-10-27,22.8,10.7,17.23,7,0,,326830.24,332336.43,333853.63
Bankstown,2013-10-28,23.0,15.6,18.69,1,0,,368436.9,326830.24,394860.67
Bankstown,2013-10-29,24.8,14.4,18.01,2,0,,368675.57,368436.9,386445.88
Bankstown,2013-10-30,20.3,11.9,16.15,3,0,,360038.83,368675.57,394674.44
Bankstown,2013-10-31,24.1,13.3,18.54,4,0,,363781.14,360038.83,365897.18
Bankstown,2013-11-01,22.6,16.2,18.82,5,0,,370193.76,363781.14,359883.36
Bankstown,2013-11-02,30.3,12.7,21.7,6,0,,350340.24,370193.76,332336.43
Bankstown,2013-11-03,34.1,13.7,22.85,7,0,,340181.99,350340.24,326830.24
Bankstown,2013-11-04,18.0,13.7,16.07,1,0,,361112.55,340181.99,368436.9
Bankstown,2013-11-05,19.0,10.5,15.85,2,0,,364637.85,361112.55,368675.57
Bankstown,2013-11-06,22.5,8.7,16.3,3,0,,370511.38,364637.85,360038.83
Bankstown,2013-11-07,31.8,11.0,20.8,4,0,,389154.21,370511.38,363781.14
Bankstown,2013-11-08,35.2,14.4,23.07,5,0,,400523.84,389154.21,370193.76
Bankstown,2013-11-09,32.1,16.8,22.14,6,0,,354452.48,400523.84,350340.24
Bankstown,2013-11-10,18.5,14.5,16.14,7,0,,330758.95,354452.48,340181.99
Bankstown,2013-11-11,17.9,14.3,16.32,1,0,,370080.17,330758.95,361112.55
Bankstown,2013-11-12,22.4,16.5,18.19,2,0,,370357.61,370080.17,364637.85
Bankstown,2013-11-13,27.4,13.4,19.12,3,0,,366648.15,370357.61,370511.38
Bankstown,2013-11-14,26.6,13.1,19.68,4,0,,370853.69,366648.15,389154.21
Bankstown,2013-11-15,22.0,13.9,17.66,5,0,,369417.36,370853.69,400523.84
Bankstown,2013-11-16,20.5,14.5,16.42,6,0,,336205.53,369417.36,354452.48
Bankstown,2013-11-17,17.5,14.8,15.78,7,0,,333195.82,336205.53,330758.95
Bankstown,2013-11-18,18.0,15.9,17.01,1,0,,370560.98,333195.82,370080.17
Bankstown,2013-11-19,22.7,16.0,18.91,2,0,,371910.81,370560.98,370357.61
Bankstown,2013-11-20,26.0,14.0,19.08,3,0,,379167.84,371910.81,366648.15
Bankstown,2013-11-21,25.3,16.1,20.88,4,0,,382151.94,379167.84,370853.69
Bankstown,2013-11-22,24.6,19.0,20.74,5,0,,374629.71,382151.94,369417.36
Bankstown,2013-11-23,23.8,16.8,19.8,6,0,,340629.45,374629.71,336205.53
Bankstown,2013-11-24,21.5,16.3,18.95,7,0,,324264.22,340629.45,333195.82
Bankstown,2013-11-25,21.4,14.1,18.19,1,0,,362616.8,324264.22,370560.98
Bankstown,2013-11-26,20.5,12.8,16.93,2,0,,368168.23,362616.8,371910.81
Bankstown,2013-11-27,23.8,12.0,18.11,3,0,,371741.99,368168.23,379167.84
Bankstown,2013-11-28,28.5,13.5,20.87,4,0,,387799.66,371741.99,382151.94
Bankstown,2013-11-29,22.9,14.7,18.42,5,0,,371297.93,387799.66,374629.71
Bankstown,2013-11-30,20.5,13.6,17.1,6,0,,331083.06,371297.93,340629.45
Bankstown,2013-12-01,22.4,11.8,17.58,7,0,,324738.34,331083.06,324264.22
Bankstown,2013-12-02,23.8,13.8,19.08,1,0,,372681.12,324738.34,362616.8
Bankstown,2013-12-03,24.7,11.3,18.44,2,0,,386574.57,372681.12,368168.23
Bankstown,2013-12-04,28.4,15.2,23.21,3,0,,400277.29,386574.57,371741.99
Bankstown,2013-12-05,24.9,13.1,19.06,4,0,,372694.22,400277.29,387799.66
Bankstown,2013-12-06,20.8,11.9,16.32,5,0,,357377.5,372694.22,371297.93
Bankstown,2013-12-07,24.9,10.3,17.72,6,0,,337398.2,357377.5,331083.06
Bankstown,2013-12-08,25.5,13.3,20.15,7,0,,339320.77,337398.2,324738.34
Bankstown,2013-12-09,32.4,16.6,23.73,1,0,,401560.53,339320.77,372681.12
Bankstown,2013-12-10,32.0,20.3,26.24,2,0,,414412.45,401560.53,386574.57
Bankstown,2013-12-11,27.9,16.1,21.82,3,0,,392474.58,414412.45,400277.29
Bankstown,2013-12-12,25.1,17.5,21.46,4,0,,388144.74,392474.58,372694.22
Bankstown,2013-12-13,27.3,16.3,21.57,5,0,,401709.29,388144.74,357377.5
Bankstown,2013-12-14,23.4,16.7,20.72,6,0,,352543.52,401709.29,337398.2
Bankstown,2013-12-15,24.1,16.8,20.32,7,0,,341343.37,352543.52,339320.77
Bankstown,2013-12-16,24.4,17.6,20.04,1,0,,384787.15,341343.37,401560.53
Bankstown,2013-12-17,25.7,16.3,21.44,2,0,,397389.54,384787.15,414412.45
Bankstown,2013-12-18,26.0,16.8,21.7,3,0,,400635.93,397389.54,392474.58
Bankstown,2013-12-19,26.2,15.1,21.52,4,0,,412369.02,400635.93,388144.74
Bankstown,2013-12-20,38.2,17.3,27.79,5,0,,450092.96,412369.02,401709.29
Bankstown,2013-12-21,25.3,21.3,23.5,6,0,,386235.8,450092.96,352543.52
Bankstown,2013-12-22,33.7,20.3,27.01,7,0,,404956.14,386235.8,341343.37
Bankstown,2013-12-23,35.6,20.4,25.04,1,0,,416958.13,404956.14,384787.15
Bankstown,2013-12-24,21.4,18.0,19.33,2,0,,347864.34,416958.13,397389.54
Bankstown,2013-12-25,20.2,17.9,19.42,3,1,Christmas Day,296970.55,347864.34,400635.93
Bankstown,2013-12-26,23.6,18.6,20.51,4,1,Boxing Day,307167.8,296970.55,412369.02
Bankstown,2013-12-27,24.9,16.7,20.88,5,0,,336873.79,307167.8,450092.96
Bankstown,2013-12-28,25.5,16.2,21.97,6,0,,338006.36,336873.79,386235.8
Bankstown,2013-12-29,22.2,17.3,20.48,7,0,,317836.02,338006.36,404956.14
Bankstown,2013-12-30,24.8,17.0,20.91,1,0,,337713.15,317836.02,416958.13
Bankstown,2013-12-31,26.3,14.9,21.08,2,0,,341883.32,337713.15,347864.34
Bankstown,2014-01-01,26.7,17.1,22.28,3,1,New Year's Day,328325.69,341883.32,296970.55
Bankstown,2014-01-02,35.7,21.0,25.53,4,0,,383090.68,328325.69,307167.8
Bankstown,2014-01-03,26.9,20.2,22.96,5,0,,385292.27,383090.68,336873.79
Bankstown,2014-01-04,25.7,19.6,22.47,6,0,,350960.51,385292.27,338006.36
Bankstown,2014-01-05,27.6,18.0,23.54,7,0,,346832.89,350960.51,317836.02
Bankstown,2014-01-06,30.8,16.1,22.25,1,0,,375891.18,346832.89,337713.15
Bankstown,2014-01-07,21.0,17.4,19.41,2,0,,359113.77,375891.18,341883.32
Bankstown,2014-01-08,21.6,16.1,18.08,3,0,,355525.19,359113.77,328325.69
Bankstown,2014-01-09,23.6,15.7,19.99,4,0,,361383.74,355525.19,383090.68
Bankstown,2014-01-10,26.5,18.6,22.2,5,0,,376322.86,361383.74,385292.27
Bankstown,2014-01-11,32.0,16.5,23.69,6,0,,372286.87,376322.86,350960.51
Bankstown,2014-01-12,26.9,19.1,23.0,7,0,,363794.71,372286.87,346832.89
Bankstown,2014-01-13,25.2,17.1,21.67,1,0,,399855.34,363794.71,375891.18
Bankstown,2014-01-14,28.9,15.6,23.05,2,0,,422939.7,399855.34,359113.77
Bankstown,2014-01-15,30.3,17.9,24.75,3,0,,450229.35,422939.7,355525.19
Bankstown,2014-01-16,30.1,17.6,24.6,4,0,,456528.26,450229.35,361383.74
Bankstown,2014-01-17,29.9,17.8,23.62,5,0,,447264.16,456528.26,376322.86
Bankstown,2014-01-18,32.0,16.6,23.6,6,0,,408408.96,447264.16,372286.87
Bankstown,2014-01-19,27.0,19.2,22.77,7,0,,373824.26,408408.96,363794.71
Bankstown,2014-01-20,24.6,19.5,21.55,1,0,,411676.68,373824.26,399855.34
Bankstown,2014-01-21,25.4,19.5,21.74,2,0,,409322.39,411676.68,422939.7
Bankstown,2014-01-22,22.4,19.6,20.83,3,0,,393664.5,409322.39,450229.35
Bankstown,2014-01-23,24.3,19.1,21.95,4,0,,392609.82,393664.5,456528.26
Bankstown,2014-01-24,27.2,17.8,22.58,5,0,,394128.98,392609.82,447264.16
Bankstown,2014-01-25,22.6,18.0,20.72,6,0,,340507.1,394128.98,408408.96
Bankstown,2014-01-26,21.9,14.6,18.86,7,0,,320969.26,340507.1,373824.26
Bankstown,2014-01-27,26.0,14.4,20.88,1,1,Australia Day,339433.5,320969.26,411676.68
Bankstown,2014-01-28,27.7,14.4,22.75,2,0,,401560.07,339433.5,409322.39
Bankstown,2014-01-29,31.0,16.8,23.7,3,0,,427741.92,401560.07,393664.5
Bankstown,2014-01-30,29.0,16.8,23.44,4,0,,427428.92,427741.92,392609.82
Bankstown,2014-01-31,30.7,15.5,23.49,5,0,,433577.0,427428.92,394128.98
Bankstown,2014-02-01,27.3,21.5,23.73,6,0,,395160.44,433577.0,340507.1
Bankstown,2014-02-02,28.4,21.5,24.32,7,0,,388179.5,395160.44,320969.26
Bankstown,2014-02-03,28.5,18.6,23.93,1,0,,430544.56,388179.5,339433.5
Bankstown,2014-02-04,24.6,18.3,20.09,2,0,,395728.31,430544.56,401560.07
Bankstown,2014-02-05,22.5,17.0,19.85,3,0,,377079.38,395728.31,427741.92
Bankstown,2014-02-06,23.1,14.3,18.89,4,0,,382973.32,377079.38,427428.92
Bankstown,2014-02-07,26.8,11.6,20.0,5,0,,395055.11,382973.32,433577.0
Bankstown,2014-02-08,29.3,14.6,22.26,6,0,,380284.81,395055.11,395160.44
Bankstown,2014-02-09,29.3,17.5,23.17,7,0,,384105.61,380284.81,388179.5
Bankstown,2014-02-10,24.4,19.1,21.53,1,0,,409020.77,384105.61,430544.56
Bankstown,2014-02-11,25.3,19.8,22.33,2,0,,408071.93,409020.77,395728.31
Bankstown,2014-02-12,26.3,22.0,23.29,3,0,,420482.8,408071.93,377079.38
Bankstown,2014-02-13,28.6,18.6,22.68,4,0,,420098.17,420482.8,382973.32
Bankstown,2014-02-14,24.1,20.2,21.85,5,0,,402165.63,420098.17,395055.11
Bankstown,2014-02-15,25.9,20.7,22.5,6,0,,365568.6,402165.63,380284.81
Bankstown,2014-02-16,24.7,19.2,22.0,7,0,,356238.68,365568.6,384105.61
Bankstown,2014-02-17,24.6,17.3,19.73,1,0,,385867.7,356238.68,409020.77
Bankstown,2014-02-18,25.3,16.7,21.48,2,0,,396399.14,385867.7,408071.93
Bankstown,2014-02-19,27.6,19.9,22.48,3,0,,402713.49,396399.14,420482.8
Bankstown,2014-02-20,27.7,16.4,21.88,4,0,,385059.48,402713.49,420098.17
Bankstown,2014-02-21,24.6,16.1,20.36,5,0,,375327.78,385059.48,402165.63
Bankstown,2014-02-22,23.6,17.8,20.53,6,0,,343301.55,375327.78,365568.6
Bankstown,2014-02-23,23.7,17.8,20.73,7,0,,335805.02,343301.55,356238.68
Bankstown,2014-02-24,26.8,18.5,21.96,1,0,,393887.66,335805.02,385867.7
Bankstown,2014-02-25,27.2,16.6,22.2,2,0,,406085.9,393887.66,396399.14
Bankstown,2014-02-26,33.1,17.0,23.85,3,0,,408379.57,406085.9,402713.49
Bankstown,2014-02-27,21.7,19.1,20.34,4,0,,393424.91,408379.57,385059.48
Bankstown,2014-02-28,21.1,18.3,19.8,5,0,,378432.86,393424.91,375327.78
Bankstown,2014-03-01,22.7,17.7,19.45,6,0,,347849.61,378432.86,343301.55
Bankstown,2014-03-02,22.6,17.6,19.98,7,0,,335938.03,347849.61,335805.02
Bankstown,2014-03-03,24.8,16.6,20.55,1,0,,380060.2,335938.03,393887.66
Bankstown,2014-03-04,25.4,17.7,21.02,2,0,,390292.27,380060.2,406085.9
Bankstown,2014-03-05,29.6,15.2,20.65,3,0,,389919.84,390292.27,408379.57
Bankstown,2014-03-06,25.1,18.7,21.84,4,0,,390183.07,389919.84,393424.91
Bankstown,2014-03-07,27.6,17.7,22.38,5,0,,389139.6,390183.07,378432.86
Bankstown,2014-03-08,27.4,18.0,22.27,6,0,,347803.22,389139.6,347849.61
Bankstown,2014-03-09,26.7,18.1,22.23,7,0,,343497.26,347803.22,335938.03
Bankstown,2014-03-10,27.6,18.6,22.97,1,0,,394661.44,343497.26,380060.2
Bankstown,2014-03-11,27.1,16.7,22.03,2,0,,397848.46,394661.44,390292.27
Bankstown,2014-03-12,28.4,16.2,22.65,3,0,,393747.7,397848.46,389919.84
Bankstown,2014-03-13,23.9,18.1,20.35,4,0,,390080.28,393747.7,390183.07
Bankstown,2014-03-14,27.0,16.0,21.49,5,0,,390979.75,390080.28,389139.6
Bankstown,2014-03-15,28.5,17.4,21.73,6,0,,349659.71,390979.75,347803.22
Bankstown,2014-03-16,27.7,15.3,21.29,7,0,,331891.16,349659.71,343497.26
Bankstown,2014-03-17,27.0,10.6,18.9,1,0,,369111.58,331891.16,394661.44
Bankstown,2014-03-18,29.7,13.0,20.95,2,0,,388801.09,369111.58,397848.46
Bankstown,2014-03-19,26.2,15.1,22.05,3,0,,396159.29,388801.09,393747.7
Bankstown,2014-03-20,27.0,17.5,22.89,4,0,,399236.86,396159.29,390080.28
Bankstown,2014-03-21,26.8,18.5,21.85,5,0,,392142.81,399236.86,390979.75
Bankstown,2014-03-22,28.8,15.9,22.01,6,0,,353939.12,392142.81,349659.71
Bankstown,2014-03-23,28.1,19.9,23.15,7,0,,346316.47,353939.12,331891.16
Bankstown,2014-03-24,21.3,16.5,18.87,1,0,,378485.73,346316.47,369111.58
Bankstown,2014-03-25,25.7,15.6,20.1,2,0,,377757.09,378485.73,388801.09
Bankstown,2014-03-26,24.6,19.0,21.52,3,0,,391280.17,377757.09,396159.29
Bankstown,2014-03-27,21.0,18.4,19.77,4,0,,391242.93,391280.17,399236.86
Bankstown,2014-03-28,24.1,16.9,20.2,5,0,,387020.81,391242.93,392142.81
Bankstown,2014-03-29,24.6,19.0,21.25,6,0,,350095.03,387020.81,353939.12
Bankstown,2014-03-30,25.4,18.0,21.37,7,0,,341574.6,350095.03,346316.47
Bankstown,2014-03-31,24.5,16.0,19.93,1,0,,384277.38,341574.6,378485.73
Bankstown,2014-04-01,27.3,15.0,18.85,2,0,,386825.87,384277.38,377757.09
Bankstown,2014-04-02,27.0,15.6,19.66,3,0,,389494.46,386825.87,391280.17
Bankstown,2014-04-03,27.9,16.4,21.07,4,0,,395990.27,389494.46,391242.93
Bankstown,2014-04-04,22.0,18.6,19.84,5,0,,379694.91,395990.27,387020.81
Bankstown,2014-04-05,24.3,16.7,20.24,6,0,,343625.02,379694.91,350095.03
Bankstown,2014-04-06,21.6,16.9,18.58,7,0,,332494.8,343625.02,341574.6
Bankstown,2014-04-07,20.9,14.7,17.6,1,0,,367822.75,332494.8,384277.38
Bankstown,2014-04-08,22.9,14.5,18.67,2,0,,374791.64,367822.75,386825.87
Bankstown,2014-04-09,23.5,13.2,18.43,3,0,,381259.14,374791.64,389494.46
Bankstown,2014-04-10,20.4,15.5,18.64,4,0,,386048.78,381259.14,395990.27
Bankstown,2014-04-11,26.4,18.2,21.02,5,0,,384455.08,386048.78,379694.91
Bankstown,2014-04-12,21.4,16.9,18.85,6,0,,344044.11,384455.08,343625.02
Bankstown,2014-04-13,20.4,15.1,17.71,7,0,,332292.95,344044.11,332494.8
Bankstown,2014-04-14,19.6,11.7,16.35,1,0,,368694.39,332292.95,367822.75
Bankstown,2014-04-15,21.2,12.4,16.68,2,0,,374324.66,368694.39,374791.64
Bankstown,2014-04-16,21.2,13.9,17.42,3,0,,371185.42,374324.66,381259.14
Bankstown,2014-04-17,22.0,11.6,17.0,4,0,,364435.5,371185.42,386048.78
Bankstown,2014-04-18,25.2,11.5,17.72,5,1,Good Friday,319230.45,364435.5,384455.08
Bankstown,2014-04-19,19.8,11.3,15.91,6,1,Easter Saturday,322805.13,319230.45,344044.11
Bankstown,2014-04-20,22.7,9.7,16.38,7,1,Easter Sunday,312144.16,322805.13,332292.95
Bankstown,2014-04-21,23.6,10.3,16.15,1,1,Easter Monday,321251.17,312144.16,368694.39
Bankstown,2014-04-22,24.1,9.1,15.58,2,0,,357910.1,321251.17,374324.66
Bankstown,2014-04-23,25.5,8.5,16.13,3,0,,362764.12,357910.1,371185.42
Bankstown,2014-04-24,28.7,10.1,18.84,4,0,,361778.1,362764.12,364435.5
Bankstown,2014-04-25,21.2,12.8,18.21,5,1,ANZAC Day,330852.49,361778.1,319230.45
Bankstown,2014-04-26,22.9,12.2,16.2,6,0,,333967.96,330852.49,322805.13
Bankstown,2014-04-27,18.6,14.0,16.86,7,0,,337429.99,333967.96,312144.16
Bankstown,2014-04-28,21.2,13.4,17.04,1,0,,371448.14,337429.99,321251.17
Bankstown,2014-04-29,25.8,10.2,17.28,2,0,,376356.85,371448.14,357910.1
Bankstown,2014-04-30,23.0,13.9,18.95,3,0,,376365.36,376356.85,362764.12
Bankstown,2014-05-01,20.9,9.8,14.46,4,0,,378102.41,376365.36,361778.1
Bankstown,2014-05-02,21.0,11.0,15.46,5,0,,378506.51,378102.41,330852.49
Bankstown,2014-05-03,14.6,10.7,12.78,6,0,,365367.44,378506.51,333967.96
Bankstown,2014-05-04,19.4,10.4,14.04,7,0,,350861.88,365367.44,337429.99
Bankstown,2014-05-05,19.5,6.8,13.28,1,0,,391193.2,350861.88,371448.14
Bankstown,2014-05-06,21.6,9.0,14.13,2,0,,395979.61,391193.2,376356.85
Bankstown,2014-05-07,18.6,10.3,14.2,3,0,,393323.39,395979.61,376365.36
Bankstown,2014-05-08,19.0,8.6,14.3,4,0,,396419.78,393323.39,378102.41
Bankstown,2014-05-09,20.1,10.4,14.38,5,0,,394690.02,396419.78,378506.51
Bankstown,2014-05-10,22.6,7.5,15.28,6,0,,363228.69,394690.02,365367.44
Bankstown,2014-05-11,21.6,13.3,17.03,7,0,,342416.31,363228.69,350861.88
Bankstown,2014-05-12,20.4,9.9,16.16,1,0,,382042.82,342416.31,391193.2
Bankstown,2014-05-13,22.7,11.3,15.87,2,0,,391916.12,382042.82,395979.61
Bankstown,2014-05-14,22.4,9.5,14.07,3,0,,392964.76,391916.12,393323.39
Bankstown,2014-05-15,23.3,7.4,13.16,4,0,,392364.16,392964.76,396419.78
Bankstown,2014-05-16,24.7,7.6,15.17,5,0,,388252.43,392364.16,394690.02
Bankstown,2014-05-17,24.5,8.2,14.73,6,0,,353189.97,388252.43,363228.69
Bankstown,2014-05-18,22.7,8.2,14.2,7,0,,348439.11,353189.97,342416.31
Bankstown,2014-05-19,25.0,9.6,15.76,1,0,,383169.94,348439.11,382042.82
Bankstown,2014-05-20,24.1,9.8,16.38,2,0,,388780.07,383169.94,391916.12
Bankstown,2014-05-21,21.8,10.1,15.5,3,0,,390102.44,388780.07,392964.76
Bankstown,2014-05-22,25.5,10.6,15.47,4,0,,386515.03,390102.44,392364.16
Bankstown,2014-05-23,24.8,8.8,15.24,5,0,,378947.65,386515.03,388252.43
Bankstown,2014-05-24,23.7,9.9,16.22,6,0,,347620.93,378947.65,353189.97
Bankstown,2014-05-25,25.5,11.4,16.46,7,0,,337639.86,347620.93,348439.11
Bankstown,2014-05-26,25.0,10.6,16.09,1,0,,379913.54,337639.86,383169.94
Bankstown,2014-05-27,23.6,12.0,16.91,2,0,,378556.69,379913.54,388780.07
Bankstown,2014-05-28,23.1,10.6,18.34,3,0,,378523.73,378556.69,390102.44
Bankstown,2014-05-29,20.3,9.9,15.45,4,0,,384562.49,378523.73,386515.03
Bankstown,2014-05-30,19.6,11.7,15.46,5,0,,381035.18,384562.49,378947.65
Bankstown,2014-05-31,20.8,13.2,15.96,6,0,,356414.74,381035.18,347620.93
Bankstown,2014-06-01,19.2,12.2,14.65,7,0,,354223.17,356414.74,337639.86
Bankstown,2014-06-02,20.8,10.0,13.93,1,0,,388185.95,354223.17,379913.54
Bankstown,2014-06-03,19.0,5.7,11.66,2,0,,391231.29,388185.95,378556.69
Bankstown,2014-06-04,20.4,7.0,14.34,3,0,,400981.83,391231.29,378523.73
Bankstown,2014-06-05,18.8,14.2,15.3,4,0,,403440.86,400981.83,384562.49
Bankstown,2014-06-06,16.3,11.9,14.58,5,0,,398136.36,403440.86,381035.18
Bankstown,2014-06-07,18.3,8.2,12.59,6,0,,367624.32,398136.36,356414.74
Bankstown,2014-06-08,17.0,8.0,12.0,7,0,,360683.32,367624.32,354223.17
Bankstown,2014-06-09,17.9,5.8,12.4,1,1,Queen's Birthday,367887.23,360683.32,388185.95
Bankstown,2014-06-10,17.6,9.7,12.89,2,0,,406541.42,367887.23,391231.29
Bankstown,2014-06-11,18.0,6.9,11.92,3,0,,407948.9,406541.42,400981.83
Bankstown,2014-06-12,19.8,8.7,12.1,4,0,,405514.69,407948.9,403440.86
Bankstown,2014-06-13,20.2,7.3,12.36,5,0,,406454.86,405514.69,398136.36
Bankstown,2014-06-14,19.4,10.2,14.02,6,0,,375851.74,406454.86,367624.32
Bankstown,2014-06-15,17.3,7.5,12.56,7,0,,378020.56,375851.74,360683.32
Bankstown,2014-06-16,19.0,4.6,11.02,1,0,,408683.66,378020.56,367887.23
Bankstown,2014-06-17,18.7,5.3,13.62,2,0,,409747.98,408683.66,406541.42
Bankstown,2014-06-18,17.9,7.3,12.13,3,0,,411291.89,409747.98,407948.9
Bankstown,2014-06-19,19.6,6.9,12.11,4,0,,411982.01,411291.89,405514.69
Bankstown,2014-06-20,20.8,8.2,12.99,5,0,,400747.56,411982.01,406454.86
Bankstown,2014-06-21,19.8,7.3,11.29,6,0,,375339.82,400747.56,375851.74
Bankstown,2014-06-22,19.3,6.8,10.95,7,0,,369775.59,375339.82,378020.56
Bankstown,2014-06-23,16.2,5.8,11.46,1,0,,418738.09,369775.59,408683.66
Bankstown,2014-06-24,16.1,10.9,13.72,2,0,,424684.13,418738.09,409747.98
Bankstown,2014-06-25,17.7,5.2,12.98,3,0,,410697.08,424684.13,411291.89
Bankstown,2014-06-26,20.7,4.6,12.38,4,0,,405920.58,410697.08,411982.01
Bankstown,2014-06-27,19.6,4.2,11.69,5,0,,403669.23,405920.58,400747.56
Bankstown,2014-06-28,21.4,7.0,14.8,6,0,,381621.59,403669.23,375339.82
Bankstown,2014-06-29,16.1,9.3,12.4,7,0,,379224.25,381621.59,369775.59
Bankstown,2014-06-30,15.0,8.6,11.34,1,0,,423562.2,379224.25,418738.09
Bankstown,2014-07-01,17.8,4.8,10.87,2,0,,433651.21,423562.2,424684.13
Bankstown,2014-07-02,18.3,4.7,10.09,3,0,,432186.95,433651.21,410697.08
Bankstown,2014-07-03,18.9,2.7,8.35,4,0,,431569.35,432186.95,405920.58
Bankstown,2014-07-04,20.8,2.3,9.34,5,0,,419221.44,431569.35,403669.23
Bankstown,2014-07-05,17.4,2.4,10.15,6,0,,390711.16,419221.44,381621.59
Bankstown,2014-07-06,16.8,6.5,11.25,7,0,,380716.26,390711.16,379224.25
Bankstown,2014-07-07,18.1,4.4,11.19,1,0,,420109.66,380716.26,423562.2
Bankstown,2014-07-08,18.2,4.0,10.12,2,0,,432612.49,420109.66,433651.21
Bankstown,2014-07-09,20.4,0.2,9.97,3,0,,427800.13,432612.49,432186.95
Bankstown,2014-07-10,16.5,3.6,11.45,4,0,,426709.21,427800.13,431569.35
Bankstown,2014-07-11,17.3,6.0,11.41,5,0,,417240.8,426709.21,419221.44
Bankstown,2014-07-12,17.7,0.7,10.4,6,0,,398029.11,417240.8,390711.16
Bankstown,2014-07-13,14.6,5.1,9.85,7,0,,396454.94,398029.11,380716.26
Bankstown,2014-07-14,16.7,2.8,10.57,1,0,,437567.65,396454.94,420109.66
Bankstown,2014-07-15,14.9,8.8,11.5,2,0,,440848.47,437567.65,432612.49
Bankstown,2014-07-16,17.8,6.0,12.09,3,0,,425966.11,440848.47,427800.13
Bankstown,2014-07-17,18.9,3.5,9.4,4,0,,423012.36,425966.11,426709.21
Bankstown,2014-07-18,15.0,4.3,10.24,5,0,,440024.91,423012.36,417240.8
Bankstown,2014-07-19,14.8,7.7,11.55,6,0,,417062.76,440024.91,398029.11
Bankstown,2014-07-20,15.2,6.3,11.44,7,0,,401219.41,417062.76,396454.94
Bankstown,2014-07-21,16.4,7.0,10.65,1,0,,433793.64,401219.41,437567.65
Bankstown,2014-07-22,17.6,5.8,10.1,2,0,,433746.04,433793.64,440848.47
Bankstown,2014-07-23,18.0,4.7,10.05,3,0,,432035.51,433746.04,425966.11
Bankstown,2014-07-24,18.6,4.7,9.76,4,0,,436730.87,432035.51,423012.36
Bankstown,2014-07-25,19.4,5.4,11.27,5,0,,424125.57,436730.87,440024.91
Bankstown,2014-07-26,18.3,7.2,12.36,6,0,,391097.93,424125.57,417062.76
Bankstown,2014-07-27,19.2,4.7,10.51,7,0,,371450.8,391097.93,401219.41
Bankstown,2014-07-28,17.8,5.8,11.31,1,0,,410994.92,371450.8,433793.64
Bankstown,2014-07-29,22.7,12.2,16.48,2,0,,400756.94,410994.92,433746.04
Bankstown,2014-07-30,23.1,8.3,16.92,3,0,,389165.27,400756.94,432035.51
Bankstown,2014-07-31,24.5,7.1,18.08,4,0,,382458.21,389165.27,436730.87
Bankstown,2014-08-01,18.4,7.0,14.82,5,0,,395496.91,382458.21,424125.57
Bankstown,2014-08-02,14.3,4.4,9.92,6,0,,394899.4,395496.91,391097.93
Bankstown,2014-08-03,15.4,2.1,8.13,7,0,,394038.4,394899.4,371450.8
Bankstown,2014-08-04,17.7,2.4,9.74,1,0,,423845.46,394038.4,410994.92
Bankstown,2014-08-05,18.3,3.6,9.02,2,0,,425059.48,423845.46,400756.94
Bankstown,2014-08-06,20.7,1.8,9.93,3,0,,424836.22,425059.48,389165.27
Bankstown,2014-08-07,17.7,5.2,11.15,4,0,,426572.55,424836.22,382458.21
Bankstown,2014-08-08,16.5,6.3,10.65,5,0,,424207.76,426572.55,395496.91
Bankstown,2014-08-09,21.6,5.1,11.12,6,0,,382239.01,424207.76,394899.4
Bankstown,2014-08-10,21.7,5.3,12.65,7,0,,370706.34,382239.01,394038.4
Bankstown,2014-08-11,12.8,4.4,9.37,1,0,,431457.88,370706.34,423845.46
Bankstown,2014-08-12,14.1,5.8,9.5,2,0,,443715.31,431457.88,425059.48
Bankstown,2014-08-13,14.8,5.3,9.62,3,0,,430760.98,443715.31,424836.22
Bankstown,2014-08-14,16.8,5.1,10.07,4,0,,429195.13,430760.98,426572.55
Bankstown,2014-08-15,17.6,4.5,10.63,5,0,,416181.13,429195.13,424207.76
Bankstown,2014-08-16,16.2,4.9,10.34,6,0,,395376.14,416181.13,382239.01
Bankstown,2014-08-17,16.2,11.1,13.53,7,0,,377920.43,395376.14,370706.34
Bankstown,2014-08-18,14.4,11.0,12.78,1,0,,426736.11,377920.43,431457.88
Bankstown,2014-08-19,17.2,12.2,13.75,2,0,,430257.49,426736.11,443715.31
Bankstown,2014-08-20,15.6,9.2,12.27,3,0,,422766.41,430257.49,430760.98
Bankstown,2014-08-21,16.2,8.4,12.14,4,0,,420006.19,422766.41,429195.13
Bankstown,2014-08-22,17.2,8.9,12.58,5,0,,405366.54,420006.19,416181.13
Bankstown,2014-08-23,16.9,7.1,12.31,6,0,,380505.92,405366.54,395376.14
Bankstown,2014-08-24,19.7,8.4,12.88,7,0,,358334.69,380505.92,377920.43
Bankstown,2014-08-25,19.8,7.0,12.87,1,0,,394958.24,358334.69,426736.11
Bankstown,2014-08-26,14.9,10.4,13.14,2,0,,415694.31,394958.24,430257.49
Bankstown,2014-08-27,16.4,10.9,14.22,3,0,,409895.8,415694.31,422766.41
Bankstown,2014-08-28,17.3,9.4,13.47,4,0,,410453.04,409895.8,420006.19
Bankstown,2014-08-29,17.1,8.2,12.66,5,0,,407884.06,410453.04,405366.54
Bankstown,2014-08-30,16.6,12.2,14.11,6,0,,378028.55,407884.06,380505.92
Bankstown,2014-08-31,19.5,10.3,13.96,7,0,,349187.98,378028.55,358334.69
Bankstown,2014-09-01,23.5,8.2,14.46,1,0,,380391.97,349187.98,394958.24
Bankstown,2014-09-02,16.7,8.6,13.58,2,0,,400797.62,380391.97,415694.31
Bankstown,2014-09-03,15.5,9.1,12.26,3,0,,410884.77,400797.62,409895.8
Bankstown,2014-09-04,16.1,8.7,12.29,4,0,,413175.4,410884.77,410453.04
Bankstown,2014-09-05,16.4,8.7,12.09,5,0,,403841.15,413175.4,407884.06
Bankstown,2014-09-06,16.9,9.1,12.5,6,0,,377158.12,403841.15,378028.55
Bankstown,2014-09-07,17.1,10.2,13.25,7,0,,358012.56,377158.12,349187.98
Bankstown,2014-09-08,19.1,8.7,13.77,1,0,,382269.97,358012.56,380391.97
Bankstown,2014-09-09,23.8,8.4,15.43,2,0,,375769.68,382269.97,400797.62
Bankstown,2014-09-10,22.5,11.9,17.73,3,0,,367746.05,375769.68,410884.77
Bankstown,2014-09-11,24.8,7.2,16.22,4,0,,370901.84,367746.05,413175.4
Bankstown,2014-09-12,16.1,13.6,14.9,5,0,,382801.47,370901.84,403841.15
Bankstown,2014-09-13,17.7,12.3,14.86,6,0,,351098.82,382801.47,377158.12
Bankstown,2014-09-14,23.8,9.7,15.7,7,0,,335043.85,351098.82,358012.56
Bankstown,2014-09-15,20.4,10.8,15.55,1,0,,370269.3,335043.85,382269.97
Bankstown,2014-09-16,22.0,13.0,17.17,2,0,,366614.26,370269.3,375769.68
Bankstown,2014-09-17,20.8,9.6,16.33,3,0,,360202.18,366614.26,367746.05
Bankstown,2014-09-18,17.4,6.3,13.59,4,0,,374089.02,360202.18,370901.84
Bankstown,2014-09-19,20.0,6.0,12.29,5,0,,379902.03,374089.02,382801.47
Bankstown,2014-09-20,17.6,5.7,12.23,6,0,,350715.46,379902.03,351098.82
Bankstown,2014-09-21,18.6,10.3,14.02,7,0,,335925.59,350715.46,335043.85
Bankstown,2014-09-22,20.1,9.0,14.48,1,0,,363680.13,335925.59,370269.3
Bankstown,2014-09-23,21.4,7.3,13.91,2,0,,371586.17,363680.13,366614.26
Bankstown,2014-09-24,25.2,8.4,15.77,3,0,,374295.87,371586.17,360202.18
Bankstown,2014-09-25,23.2,14.7,17.53,4,0,,375850.75,374295.87,374089.02
Bankstown,2014-09-26,18.4,13.2,16.22,5,0,,365561.3,375850.75,379902.03
Bankstown,2014-09-27,19.1,10.5,15.34,6,0,,335436.27,365561.3,350715.46
Bankstown,2014-09-28,24.1,8.0,16.28,7,0,,316372.89,335436.27,335925.59
Bankstown,2014-09-29,31.3,10.2,20.83,1,0,,354162.47,316372.89,363680.13
Bankstown,2014-09-30,33.0,12.7,23.55,2,0,,365292.98,354162.47,371586.17
Bankstown,2014-10-01,24.3,11.3,17.07,3,0,,355382.65,365292.98,374295.87
Bankstown,2014-10-02,24.9,8.1,15.48,4,0,,360640.81,355382.65,375850.75
Bankstown,2014-10-03,19.7,10.3,15.46,5,0,,359509.5,360640.81,365561.3
Bankstown,2014-10-04,22.7,12.2,17.54,6,0,,329744.4,359509.5,335436.27
Bankstown,2014-10-05,32.7,11.3,19.34,7,0,,321123.21,329744.4,316372.89
Bankstown,2014-10-06,25.2,16.9,20.6,1,1,Labour Day,326288.62,321123.21,354162.47
Bankstown,2014-10-07,26.1,17.2,22.79,2,0,,365484.58,326288.62,365292.98
Bankstown,2014-10-08,19.1,14.8,16.74,3,0,,362803.53,365484.58,355382.65
Bankstown,2014-10-09,21.5,12.1,17.15,4,0,,364002.03,362803.53,360640.81
Bankstown,2014-10-10,23.8,10.2,16.83,5,0,,362119.37,364002.03,359509.5
Bankstown,2014-10-11,29.1,11.3,18.55,6,0,,334795.58,362119.37,329744.4
Bankstown,2014-10-12,28.5,10.8,17.35,7,0,,324215.79,334795.58,321123.21
Bankstown,2014-10-13,24.4,14.3,18.27,1,0,,362477.29,324215.79,326288.62
Bankstown,2014-10-14,18.2,10.4,14.02,2,0,,371205.83,362477.29,365484.58
Bankstown,2014-10-15,16.3,9.7,12.9,3,0,,381544.66,371205.83,362803.53
Bankstown,2014-10-16,22.0,6.0,14.01,4,0,,369684.0,381544.66,364002.03
Bankstown,2014-10-17,18.5,9.5,15.01,5,0,,362622.39,369684.0,362119.37
Bankstown,2014-10-18,20.2,10.4,15.11,6,0,,328368.68,362622.39,334795.58
Bankstown,2014-10-19,25.3,9.1,17.48,7,0,,319985.44,328368.68,324215.79
Bankstown,2014-10-20,19.5,13.1,16.73,1,0,,357751.5,319985.44,362477.29
Bankstown,2014-10-21,17.7,13.8,15.88,2,0,,367347.84,357751.5,371205.83
Bankstown,2014-10-22,21.4,12.8,17.31,3,0,,362825.19,367347.84,381544.66
Bankstown,2014-10-23,28.8,12.0,19.08,4,0,,374352.59,362825.19,369684.0
Bankstown,2014-10-24,27.5,17.9,21.59,5,0,,378048.93,374352.59,362622.39
Bankstown,2014-10-25,26.8,15.9,20.14,6,0,,347757.45,378048.93,328368.68
Bankstown,2014-10-26,31.8,15.7,21.44,7,0,,339415.49,347757.45,319985.44
Bankstown,2014-10-27,31.7,17.3,24.53,1,0,,377886.81,339415.49,357751.5
Bankstown,2014-10-28,27.6,11.2,19.33,2,0,,361364.79,377886.81,367347.84
Bankstown,2014-10-29,22.8,12.8,18.82,3,0,,362378.99,361364.79,362825.19
Bankstown,2014-10-30,30.9,12.4,20.97,4,0,,378074.33,362378.99,374352.59
Bankstown,2014-10-31,31.9,12.5,22.21,5,0,,391989.07,378074.33,378048.93
Bankstown,2014-11-01,34.8,17.9,26.83,6,0,,362839.55,391989.07,347757.45
Bankstown,2014-11-02,20.7,11.6,16.42,7,0,,312939.33,362839.55,339415.49
Bankstown,2014-11-03,20.6,11.4,16.41,1,0,,357524.56,312939.33,377886.81
Bankstown,2014-11-04,22.1,13.2,18.65,2,0,,366008.64,357524.56,361364.79
Bankstown,2014-11-05,24.8,14.5,18.64,3,0,,367267.33,366008.64,362378.99
Bankstown,2014-11-06,20.6,13.0,17.72,4,0,,364065.88,367267.33,378074.33
Bankstown,2014-11-07,22.4,13.5,18.2,5,0,,365017.92,364065.88,391989.07
Bankstown,2014-11-08,24.0,11.6,18.3,6,0,,337148.34,365017.92,362839.55
Bankstown,2014-11-09,23.4,13.6,19.4,7,0,,329936.72,337148.34,312939.33
Bankstown,2014-11-10,22.0,17.4,19.66,1,0,,370389.94,329936.72,357524.56
Bankstown,2014-11-11,21.0,13.5,17.68,2,0,,366200.11,370389.94,366008.64
Bankstown,2014-11-12,22.0,15.9,18.5,3,0,,366044.41,366200.11,367267.33
Bankstown,2014-11-13,22.9,18.2,20.25,4,0,,376913.62,366044.41,364065.88
Bankstown,2014-11-14,37.4,15.5,24.87,5,0,,417993.24,376913.62,365017.92
Bankstown,2014-11-15,21.8,18.3,19.46,6,0,,344234.98,417993.24,337148.34
Bankstown,2014-11-16,27.9,15.2,21.14,7,0,,322333.59,344234.98,329936.72
Bankstown,2014-11-17,24.6,11.2,18.72,1,0,,359748.79,322333.59,370389.94
Bankstown,2014-11-18,23.5,15.7,19.95,2,0,,370147.78,359748.79,366200.11
Bankstown,2014-11-19,23.4,15.7,20.11,3,0,,374709.83,370147.78,366044.41
Bankstown,2014-11-20,30.3,16.5,23.74,4,0,,407019.59,374709.83,376913.62
Bankstown,2014-11-21,38.1,19.7,24.59,5,0,,435438.33,407019.59,417993.24
Bankstown,2014-11-22,26.0,18.2,21.49,6,0,,368361.56,435438.33,344234.98
Bankstown,2014-11-23,33.2,17.6,22.57,7,0,,397816.94,368361.56,322333.59
Bankstown,2014-11-24,30.2,20.6,23.25,1,0,,417637.18,397816.94,359748.79
Bankstown,2014-11-25,24.0,19.2,21.69,2,0,,384441.61,417637.18,370147.78
Bankstown,2014-11-26,23.3,18.4,20.81,3,0,,376300.06,384441.61,374709.83
Bankstown,2014-11-27,20.0,17.4,18.95,4,0,,371999.06,376300.06,407019.59
Bankstown,2014-11-28,22.9,11.9,18.46,5,0,,367144.23,371999.06,435438.33
Bankstown,2014-11-29,26.6,12.9,20.45,6,0,,350171.69,367144.23,368361.56
Bankstown,2014-11-30,28.7,15.1,21.65,7,0,,349494.59,350171.69,397816.94
Bankstown,2014-12-01,28.3,18.2,22.96,1,0,,396509.31,349494.59,417637.18
Bankstown,2014-12-02,30.9,18.7,24.13,2,0,,418305.3,396509.31,384441.61
Bankstown,2014-12-03,31.9,20.1,23.69,3,0,,422623.87,418305.3,376300.06
Bankstown,2014-12-04,29.4,19.3,23.62,4,0,,410234.12,422623.87,371999.06
Bankstown,2014-12-05,28.4,18.9,22.62,5,0,,398408.9,410234.12,367144.23
Bankstown,2014-12-06,27.1,18.5,21.71,6,0,,352239.56,398408.9,350171.69
Bankstown,2014-12-07,28.4,16.9,20.93,7,0,,341709.39,352239.56,349494.59
Bankstown,2014-12-08,29.9,17.1,22.28,1,0,,393065.39,341709.39,396509.31
Bankstown,2014-12-09,23.6,20.1,21.25,2,0,,388223.72,393065.39,418305.3
Bankstown,2014-12-10,24.5,18.2,21.36,3,0,,388907.46,388223.72,422623.87
Bankstown,2014-12-11,21.3,16.4,18.7,4,0,,373750.45,388907.46,410234.12
Bankstown,2014-12-12,20.9,17.1,18.86,5,0,,352694.46,373750.45,398408.9
Bankstown,2014-12-13,21.5,13.7,18.52,6,0,,328634.96,352694.46,352239.56
Bankstown,2014-12-14,23.6,13.2,19.35,7,0,,325127.84,328634.96,341709.39
Bankstown,2014-12-15,25.5,14.8,20.83,1,0,,375901.65,325127.84,393065.39
Bankstown,2014-12-16,25.5,18.0,21.67,2,0,,378437.25,375901.65,388223.72
Bankstown,2014-12-17,21.4,17.9,19.38,3,0,,372095.05,378437.25,388907.46
Bankstown,2014-12-18,25.7,17.5,21.03,4,0,,381309.65,372095.05,373750.45
Bankstown,2014-12-19,21.0,17.6,19.22,5,0,,360787.56,381309.65,352694.46
Bankstown,2014-12-20,23.1,16.3,19.74,6,0,,333515.52,360787.56,328634.96
Bankstown,2014-12-21,25.7,13.9,20.85,7,0,,340122.01,333515.52,325127.84
Bankstown,2014-12-22,27.6,18.0,22.79,1,0,,384543.62,340122.01,375901.65
Bankstown,2014-12-23,27.1,20.5,22.78,2,0,,377144.03,384543.62,378437.25
Bankstown,2014-12-24,23.5,19.6,21.19,3,0,,356832.32,377144.03,372095.05
Bankstown,2014-12-25,27.8,19.3,21.82,4,1,Christmas Day,316937.67,356832.32,381309.65
Bankstown,2014-12-26,28.1,19.1,21.06,5,1,Boxing Day,302793.06,316937.67,360787.56
Bankstown,2014-12-27,21.3,18.4,19.71,6,0,,304800.76,302793.06,333515.52
Bankstown,2014-12-28,24.1,17.9,20.42,7,0,,308989.58,304800.76,340122.01
Bankstown,2014-12-29,27.7,15.4,22.58,1,0,,340111.1,308989.58,384543.62
Bankstown,2014-12-30,33.3,18.0,25.04,2,0,,351861.05,340111.1,377144.03
Bankstown,2014-12-31,24.4,18.9,21.66,3,0,,341158.59,351861.05,356832.32
Bankstown,2015-01-01,29.1,17.8,24.01,4,1,New Year's Day,355165.08,341158.59,316937.67
Bankstown,2015-01-02,26.2,20.8,23.4,5,0,,377830.51,355165.08,302793.06
Bankstown,2015-01-03,29.4,20.4,24.7,6,0,,383660.97,377830.51,304800.76
Bankstown,2015-01-04,33.2,21.4,25.43,7,0,,375015.24,383660.97,308989.58
Bankstown,2015-01-05,24.9,20.1,22.16,1,0,,380328.26,375015.24,340111.1
Bankstown,2015-01-06,27.5,19.1,23.36,2,0,,399836.42,380328.26,351861.05
Bankstown,2015-01-07,29.5,19.6,24.04,3,0,,411700.47,399836.42,341158.59
Bankstown,2015-01-08,28.7,17.4,24.07,4,0,,412935.78,411700.47,355165.08
Bankstown,2015-01-09,32.9,20.8,25.45,5,0,,422060.67,412935.78,377830.51
Bankstown,2015-01-10,28.3,20.4,23.75,6,0,,374532.59,422060.67,383660.97
Bankstown,2015-01-11,21.3,20.0,20.64,7,0,,334009.89,374532.59,375015.24
Bankstown,2015-01-12,23.5,19.2,21.31,1,0,,370658.91,334009.89,380328.26
Bankstown,2015-01-13,26.9,18.5,21.78,2,0,,393680.91,370658.91,399836.42
Bankstown,2015-01-14,32.0,22.3,26.69,3,0,,417653.39,393680.91,411700.47
Bankstown,2015-01-15,26.8,21.2,23.58,4,0,,401327.28,417653.39,412935.78
Bankstown,2015-01-16,30.1,19.0,23.95,5,0,,404633.16,401327.28,422060.67
Bankstown,2015-01-17,33.8,15.8,25.02,6,0,,371572.43,404633.16,374532.59
Bankstown,2015-01-18,27.1,18.6,23.16,7,0,,358871.59,371572.43,334009.89
Bankstown,2015-01-19,21.9,17.9,20.08,1,0,,373220.66,358871.59,370658.91
Bankstown,2015-01-20,24.8,17.8,20.08,2,0,,374107.02,373220.66,393680.91
Bankstown,2015-01-21,28.1,19.2,23.89,3,0,,399821.17,374107.02,417653.39
Bankstown,2015-01-22,27.8,19.4,24.17,4,0,,416913.31,399821.17,401327.28
Bankstown,2015-01-23,29.9,21.2,25.31,5,0,,436775.29,416913.31,404633.16
Bankstown,2015-01-24,30.2,21.6,25.43,6,0,,396593.47,436775.29,371572.43
Bankstown,2015-01-25,35.1,20.0,25.4,7,0,,384836.24,396593.47,358871.59
Bankstown,2015-01-26,21.1,17.8,19.03,1,1,Australia Day,337610.49,384836.24,373220.66
Bankstown,2015-01-27,19.7,17.2,18.25,2,0,,371624.96,337610.49,374107.02
Bankstown,2015-01-28,20.4,14.8,17.56,3,0,,365750.28,371624.96,399821.17
Bankstown,2015-01-29,22.5,13.2,18.38,4,0,,361415.09,365750.28,416913.31
Bankstown,2015-01-30,25.6,10.7,18.84,5,0,,362826.66,361415.09,436775.29
Bankstown,2015-01-31,24.5,13.7,20.06,6,0,,336368.33,362826.66,396593.47
Bankstown,2015-02-01,24.5,17.1,20.95,7,0,,331916.98,336368.33,384836.24
Bankstown,2015-02-02,23.8,18.3,20.95,1,0,,367186.77,331916.98,337610.49
Bankstown,2015-02-03,23.6,15.6,20.03,2,0,,369444.66,367186.77,371624.96
Bankstown,2015-02-04,23.8,14.5,19.55,3,0,,365017.04,369444.66,365750.28
Bankstown,2015-02-05,22.8,16.5,19.94,4,0,,370086.04,365017.04,361415.09
Bankstown,2015-02-06,23.5,14.5,19.61,5,0,,374765.7,370086.04,362826.66
Bankstown,2015-02-07,26.5,17.6,21.41,6,0,,352116.96,374765.7,336368.33
Bankstown,2015-02-08,32.9,16.1,23.29,7,0,,377392.43,352116.96,331916.98
Bankstown,2015-02-09,25.0,21.3,23.28,1,0,,400818.6,377392.43,367186.77
Bankstown,2015-02-10,27.5,19.8,23.66,2,0,,415308.72,400818.6,369444.66
Bankstown,2015-02-11,28.0,19.3,23.95,3,0,,418537.23,415308.72,365017.04
Bankstown,2015-02-12,28.1,17.8,23.15,4,0,,412128.57,418537.23,370086.04
Bankstown,2015-02-13,25.8,19.1,21.58,5,0,,396147.11,412128.57,374765.7
Bankstown,2015-02-14,26.9,17.9,21.9,6,0,,362704.53,396147.11,352116.96
Bankstown,2015-02-15,28.7,18.4,22.59,7,0,,359257.1,362704.53,377392.43
Bankstown,2015-02-16,27.7,19.2,23.77,1,0,,409703.65,359257.1,400818.6
Bankstown,2015-02-17,27.8,17.6,23.4,2,0,,411591.73,409703.65,415308.72
Bankstown,2015-02-18,27.4,17.9,23.59,3,0,,410157.79,411591.73,418537.23
Bankstown,2015-02-19,26.8,19.6,22.62,4,0,,405973.61,410157.79,412128.57
Bankstown,2015-02-20,26.6,18.7,22.46,5,0,,404280.24,405973.61,396147.11
Bankstown,2015-02-21,24.9,19.1,21.8,6,0,,366509.67,404280.24,362704.53
Bankstown,2015-02-22,27.0,19.0,22.38,7,0,,360219.41,366509.67,359257.1
Bankstown,2015-02-23,27.2,19.2,22.53,1,0,,407129.72,360219.41,409703.65
Bankstown,2015-02-24,24.1,20.0,22.09,2,0,,392629.66,407129.72,411591.73
Bankstown,2015-02-25,22.4,19.1,20.45,3,0,,378508.71,392629.66,410157.79
Bankstown,2015-02-26,26.3,19.0,21.93,4,0,,387905.83,378508.71,405973.61
Bankstown,2015-02-27,26.1,18.4,21.99,5,0,,399075.29,387905.83,404280.24
Bankstown,2015-02-28,27.5,17.1,21.52,6,0,,370687.41,399075.29,366509.67
Bankstown,2015-03-01,34.9,18.3,22.36,7,0,,369779.45,370687.41,360219.41
Bankstown,2015-03-02,22.6,15.4,19.48,1,0,,376446.97,369779.45,407129.72
Bankstown,2015-03-03,26.8,13.2,20.16,2,0,,395598.93,376446.97,392629.66
Bankstown,2015-03-04,27.4,19.7,22.74,3,0,,413413.7,395598.93,378508.71
Bankstown,2015-03-05,25.6,15.6,20.24,4,0,,384951.25,413413.7,387905.83
Bankstown,2015-03-06,29.0,12.2,19.97,5,0,,371428.05,384951.25,399075.29
Bankstown,2015-03-07,24.5,15.6,20.22,6,0,,350911.53,371428.05,370687.41
Bankstown,2015-03-08,24.9,17.5,21.0,7,0,,350539.88,350911.53,369779.45
Bankstown,2015-03-09,31.6,16.8,23.5,1,0,,403398.49,350539.88,376446.97
Bankstown,2015-03-10,24.0,19.2,21.63,2,0,,399520.5,403398.49,395598.93
Bankstown,2015-03-11,28.4,18.3,22.18,3,0,,405885.74,399520.5,413413.7
Bankstown,2015-03-12,25.9,17.7,21.99,4,0,,393934.53,405885.74,384951.25
Bankstown,2015-03-13,21.7,16.2,18.99,5,0,,374154.9,393934.53,371428.05
Bankstown,2015-03-14,23.6,13.1,18.44,6,0,,337989.53,374154.9,350911.53
Bankstown,2015-03-15,22.2,14.4,19.34,7,0,,326532.32,337989.53,350539.88
Bankstown,2015-03-16,21.8,13.0,17.68,1,0,,365537.66,326532.32,403398.49
Bankstown,2015-03-17,22.0,9.9,17.43,2,0,,376460.3,365537.66,399520.5
Bankstown,2015-03-18,27.0,15.8,20.79,3,0,,393678.48,376460.3,405885.74
Bankstown,2015-03-19,26.8,15.8,20.92,4,0,,408079.28,393678.48,393934.53
Bankstown,2015-03-20,28.4,16.2,20.4,5,0,,398121.75,408079.28,374154.9
Bankstown,2015-03-21,21.0,17.2,18.69,6,0,,340103.46,398121.75,337989.53
Bankstown,2015-03-22,23.7,16.7,19.54,7,0,,336972.43,340103.46,326532.32
Bankstown,2015-03-23,26.1,14.8,20.67,1,0,,385255.93,336972.43,365537.66
Bankstown,2015-03-24,25.1,17.0,19.61,2,0,,390310.5,385255.93,376460.3
Bankstown,2015-03-25,21.7,12.1,17.14,3,0,,372239.42,390310.5,393678.48
Bankstown,2015-03-26,26.3,13.5,19.64,4,0,,372687.13,372239.42,408079.28
Bankstown,2015-03-27,25.1,12.4,18.42,5,0,,356999.2,372687.13,398121.75
Bankstown,2015-03-28,21.1,8.0,15.75,6,0,,331434.14,356999.2,340103.46
Bankstown,2015-03-29,24.0,10.7,17.05,7,0,,328249.45,331434.14,336972.43
Bankstown,2015-03-30,23.6,15.5,18.2,1,0,,370831.07,328249.45,385255.93
Bankstown,2015-03-31,21.1,14.4,17.53,2,0,,371881.05,370831.07,390310.5
Bankstown,2015-04-01,23.2,14.4,18.33,3,0,,375576.61,371881.05,372239.42
Bankstown,2015-04-02,27.4,13.8,18.5,4,0,,374202.34,375576.61,372687.13
Bankstown,2015-04-03,18.4,16.1,16.56,5,1,Good Friday,325175.44,374202.34,356999.2
Bankstown,2015-04-04,17.6,14.0,16.06,6,1,Easter Saturday,333143.17,325175.44,331434.14
Bankstown,2015-04-05,22.5,14.0,17.15,7,1,Easter Sunday,312632.93,333143.17,328249.45
Bankstown,2015-04-06,25.1,12.8,16.91,1,1,Easter Monday,322654.78,312632.93,370831.07
Bankstown,2015-04-07,21.5,11.6,15.62,2,0,,355354.4,322654.78,371881.05
Bankstown,2015-04-08,20.8,13.1,17.3,3,0,,358299.94,355354.4,375576.61
Bankstown,2015-04-09,19.8,12.0,16.26,4,0,,358780.3,358299.94,374202.34
Bankstown,2015-04-10,19.7,13.3,15.66,5,0,,358704.05,358780.3,325175.44
Bankstown,2015-04-11,20.4,12.1,15.83,6,0,,332275.93,358704.05,333143.17
Bankstown,2015-04-12,21.0,11.2,15.64,7,0,,321522.75,332275.93,312632.93
Bankstown,2015-04-13,19.5,11.4,15.23,1,0,,356478.02,321522.75,322654.78
Bankstown,2015-04-14,22.0,9.8,16.26,2,0,,363136.46,356478.02,355354.4
Bankstown,2015-04-15,25.3,10.9,17.49,3,0,,366145.83,363136.46,358299.94
Bankstown,2015-04-16,29.9,12.8,20.48,4,0,,373254.44,366145.83,358780.3
Bankstown,2015-04-17,20.0,18.0,19.12,5,0,,379108.98,373254.44,358704.05
Bankstown,2015-04-18,26.7,17.3,21.19,6,0,,345367.75,379108.98,332275.93
Bankstown,2015-04-19,21.4,12.9,16.32,7,0,,335305.01,345367.75,321522.75
Bankstown,2015-04-20,15.7,11.8,13.99,1,0,,382891.98,335305.01,356478.02
Bankstown,2015-04-21,14.4,12.6,13.39,2,0,,379231.96,382891.98,363136.46
Bankstown,2015-04-22,17.0,12.0,15.25,3,0,,369908.0,379231.96,366145.83
Bankstown,2015-04-23,20.6,11.1,15.13,4,0,,369003.82,369908.0,373254.44
Bankstown,2015-04-24,24.4,11.9,17.6,5,0,,367716.98,369003.82,379108.98
Bankstown,2015-04-25,23.5,9.5,13.95,6,1,ANZAC Day,338109.32,367716.98,345367.75
Bankstown,2015-04-26,16.9,10.5,13.41,7,0,,347092.42,338109.32,335305.01
Bankstown,2015-04-27,18.3,8.9,13.47,1,0,,377934.75,347092.42,382891.98
Bankstown,2015-04-28,17.9,7.7,12.84,2,0,,385057.35,377934.75,379231.96
Bankstown,2015-04-29,17.6,8.0,13.07,3,0,,385183.06,385057.35,369908.0
Bankstown,2015-04-30,18.1,12.6,14.73,4,0,,386923.11,385183.06,369003.82
Bankstown,2015-05-01,19.3,11.8,15.34,5,0,,385609.79,386923.11,367716.98
Bankstown,2015-05-02,21.5,12.9,17.43,6,0,,356461.4,385609.79,338109.32
Bankstown,2015-05-03,20.5,16.8,18.48,7,0,,346730.41,356461.4,347092.42
Bankstown,2015-05-04,20.6,12.3,16.94,1,0,,376314.64,346730.41,377934.75
Bankstown,2015-05-05,26.2,12.0,18.27,2,0,,371402.29,376314.64,385057.35
Bankstown,2015-05-06,19.2,10.7,14.84,3,0,,371779.73,371402.29,385183.06
Bankstown,2015-05-07,18.7,7.8,13.46,4,0,,382888.01,371779.73,386923.11
Bankstown,2015-05-08,19.7,6.6,12.67,5,0,,383494.7,382888.01,385609.79
Bankstown,2015-05-09,19.6,6.8,12.95,6,0,,352172.76,383494.7,356461.4
Bankstown,2015-05-10,19.7,4.5,13.89,7,0,,345709.29,352172.76,346730.41
Bankstown,2015-05-11,20.2,13.5,16.58,1,0,,375245.14,345709.29,376314.64
Bankstown,2015-05-12,20.8,6.1,14.46,2,0,,382955.4,375245.14,371402.29
Bankstown,2015-05-13,15.6,6.6,11.65,3,0,,401311.0,382955.4,371779.73
Bankstown,2015-05-14,16.9,1.9,10.2,4,0,,410822.0,401311.0,382888.01
Bankstown,2015-05-15,18.2,9.2,13.93,5,0,,401956.59,410822.0,383494.7
Bankstown,2015-05-16,18.4,10.2,13.81,6,0,,367617.66,401956.59,352172.76
Bankstown,2015-05-17,18.5,7.0,11.79,7,0,,360551.98,367617.66,345709.29
Bankstown,2015-05-18,18.6,8.0,12.43,1,0,,398583.58,360551.98,375245.14
Bankstown,2015-05-19,20.1,11.3,14.97,2,0,,398081.09,398583.58,382955.4
Bankstown,2015-05-20,23.7,12.2,16.93,3,0,,384585.14,398081.09,401311.0
Bankstown,2015-05-21,19.6,10.7,15.35,4,0,,391033.37,384585.14,410822.0
Bankstown,2015-05-22,16.2,10.8,12.8,5,0,,405182.43,391033.37,401956.59
Bankstown,2015-05-23,17.1,6.9,11.81,6,0,,376967.12,405182.43,367617.66
Bankstown,2015-05-24,17.7,6.3,10.28,7,0,,376175.43,376967.12,360551.98
Bankstown,2015-05-25,17.3,6.2,10.12,1,0,,417373.06,376175.43,398583.58
Bankstown,2015-05-26,17.5,4.3,9.94,2,0,,425472.16,417373.06,398081.09
Bankstown,2015-05-27,19.9,7.2,12.39,3,0,,409576.58,425472.16,384585.14
Bankstown,2015-05-28,21.3,6.5,12.39,4,0,,403349.86,409576.58,391033.37
Bankstown,2015-05-29,18.4,9.4,13.9,5,0,,396156.8,403349.86,405182.43
Bankstown,2015-05-30,17.3,6.7,11.65,6,0,,376026.65,396156.8,376967.12
Bankstown,2015-05-31,14.5,5.4,10.14,7,0,,376686.41,376026.65,376175.43
Bankstown,2015-06-01,14.4,4.7,10.35,1,0,,422085.71,376686.41,417373.06
Bankstown,2015-06-02,14.9,2.7,8.88,2,0,,447632.84,422085.71,425472.16
Bankstown,2015-06-03,16.5,3.8,8.79,3,0,,446759.66,447632.84,409576.58
Bankstown,2015-06-04,16.7,4.2,8.89,4,0,,441932.47,446759.66,403349.86
Bankstown,2015-06-05,15.4,4.9,10.32,5,0,,441519.14,441932.47,396156.8
Bankstown,2015-06-06,19.4,6.7,11.32,6,0,,389828.18,441519.14,376026.65
Bankstown,2015-06-07,20.5,4.8,10.58,7,0,,365778.1,389828.18,376686.41
Bankstown,2015-06-08,21.4,7.1,12.9,1,1,Queen's Birthday,357418.81,365778.1,422085.71
Bankstown,2015-06-09,20.8,6.2,14.09,2,0,,398501.85,357418.81,447632.84
Bankstown,2015-06-10,14.5,5.7,10.61,3,0,,433027.93,398501.85,446759.66
Bankstown,2015-06-11,16.5,10.2,12.74,4,0,,422462.93,433027.93,441932.47
Bankstown,2015-06-12,18.1,11.6,13.46,5,0,,416339.78,422462.93,441519.14
Bankstown,2015-06-13,18.5,7.7,12.4,6,0,,381341.68,416339.78,389828.18
Bankstown,2015-06-14,18.6,6.0,10.01,7,0,,376755.7,381341.68,365778.1
Bankstown,2015-06-15,16.1,6.9,12.92,1,0,,413041.16,376755.7,357418.81
Bankstown,2015-06-16,14.6,10.8,13.32,2,0,,420595.06,413041.16,398501.85
Bankstown,2015-06-17,16.8,10.6,13.6,3,0,,421016.74,420595.06,433027.93
Bankstown,2015-06-18,16.5,7.8,11.61,4,0,,426009.43,421016.74,422462.93
Bankstown,2015-06-19,13.6,8.9,10.46,5,0,,439586.72,426009.43,416339.78
Bankstown,2015-06-20,14.4,7.2,10.21,6,0,,408906.65,439586.72,381341.68
Bankstown,2015-06-21,13.2,6.7,9.92,7,0,,403803.67,408906.65,376755.7
Bankstown,2015-06-22,17.4,5.9,9.6,1,0,,429889.33,403803.67,413041.16
Bankstown,2015-06-23,18.9,4.2,10.2,2,0,,426238.66,429889.33,420595.06
Bankstown,2015-06-24,20.6,7.1,13.03,3,0,,414776.66,426238.66,421016.74
Bankstown,2015-06-25,18.2,9.5,13.48,4,0,,417015.73,414776.66,426009.43
Bankstown,2015-06-26,17.7,5.9,11.26,5,0,,415820.9,417015.73,439586.72
Bankstown,2015-06-27,18.5,4.5,8.29,6,0,,394593.41,415820.9,408906.65
Bankstown,2015-06-28,17.3,3.2,8.24,7,0,,391863.65,394593.41,403803.67
Bankstown,2015-06-29,18.2,5.3,10.06,1,0,,424964.52,391863.65,429889.33
Bankstown,2015-06-30,18.6,4.8,10.47,2,0,,435669.9,424964.52,426238.66
Bankstown,2015-07-01,15.6,5.6,10.21,3,0,,427211.27,435669.9,414776.66
Bankstown,2015-07-02,15.4,2.5,9.32,4,0,,441509.76,427211.27,417015.73
Bankstown,2015-07-03,13.9,3.3,7.82,5,0,,448621.08,441509.76,415820.9
Bankstown,2015-07-04,15.0,1.9,6.59,6,0,,422512.84,448621.08,394593.41
Bankstown,2015-07-05,17.4,2.6,7.9,7,0,,406134.59,422512.84,391863.65
Bankstown,2015-07-06,15.7,0.7,8.08,1,0,,443377.41,406134.59,424964.52
Bankstown,2015-07-07,14.3,4.0,9.31,2,0,,459054.44,443377.41,435669.9
Bankstown,2015-07-08,13.9,4.9,8.48,3,0,,450493.74,459054.44,427211.27
Bankstown,2015-07-09,16.3,2.1,7.21,4,0,,444236.91,450493.74,441509.76
Bankstown,2015-07-10,14.6,2.9,7.66,5,0,,447767.84,444236.91,448621.08
Bankstown,2015-07-11,18.0,2.5,9.53,6,0,,403897.11,447767.84,422512.84
Bankstown,2015-07-12,13.8,6.4,9.48,7,0,,415852.09,403897.11,406134.59
Bankstown,2015-07-13,16.4,6.9,10.73,1,0,,449936.02,415852.09,443377.41
Bankstown,2015-07-14,16.0,5.7,10.65,2,0,,438573.81,449936.02,459054.44
Bankstown,2015-07-15,15.0,0.7,7.78,3,0,,451361.95,438573.81,450493.74
Bankstown,2015-07-16,11.7,4.9,7.87,4,0,,463724.0,451361.95,444236.91
Bankstown,2015-07-17,13.5,5.5,8.34,5,0,,474268.91,463724.0,447767.84
Bankstown,2015-07-18,13.6,6.0,9.36,6,0,,432954.23,474268.91,403897.11
Bankstown,2015-07-19,14.9,5.7,9.44,7,0,,412001.13,432954.23,415852.09
Bankstown,2015-07-20,15.4,5.7,10.21,1,0,,442484.0,412001.13,449936.02
Bankstown,2015-07-21,18.1,4.3,10.64,2,0,,436829.82,442484.0,438573.81
Bankstown,2015-07-22,16.1,5.7,10.05,3,0,,442569.54,436829.82,451361.95
Bankstown,2015-07-23,17.6,8.9,11.87,4,0,,431420.89,442569.54,463724.0
Bankstown,2015-07-24,18.7,8.8,12.84,5,0,,418803.7,431420.89,474268.91
Bankstown,2015-07-25,19.3,5.2,13.39,6,0,,372588.72,418803.7,432954.23
Bankstown,2015-07-26,19.5,5.5,13.18,7,0,,369596.14,372588.72,412001.13
Bankstown,2015-07-27,14.0,6.4,9.85,1,0,,431328.45,369596.14,442484.0
Bankstown,2015-07-28,16.9,3.0,9.11,2,0,,444934.36,431328.45,436829.82
Bankstown,2015-07-29,16.8,5.3,9.41,3,0,,443460.45,444934.36,442569.54
Bankstown,2015-07-30,18.7,3.9,10.69,4,0,,425448.7,443460.45,431420.89
Bankstown,2015-07-31,19.1,7.0,13.01,5,0,,407627.56,425448.7,418803.7
Bankstown,2015-08-01,21.3,3.5,11.83,6,0,,375258.66,407627.56,372588.72
Bankstown,2015-08-02,23.8,6.8,14.84,7,0,,353213.32,375258.66,369596.14
Bankstown,2015-08-03,17.4,4.2,11.73,1,0,,402070.63,353213.32,431328.45
Bankstown,2015-08-04,13.7,3.6,8.57,2,0,,440570.09,402070.63,444934.36
Bankstown,2015-08-05,14.5,3.4,8.65,3,0,,452732.67,440570.09,443460.45
Bankstown,2015-08-06,15.6,3.9,9.94,4,0,,442003.1,452732.67,425448.7
Bankstown,2015-08-07,17.2,3.9,9.74,5,0,,436080.64,442003.1,407627.56
Bankstown,2015-08-08,15.9,5.4,10.02,6,0,,403650.93,436080.64,375258.66
Bankstown,2015-08-09,17.7,2.9,10.13,7,0,,389156.04,403650.93,353213.32
Bankstown,2015-08-10,20.2,4.0,11.69,1,0,,407693.5,389156.04,402070.63
Bankstown,2015-08-11,19.3,3.7,11.88,2,0,,409794.21,407693.5,440570.09
Bankstown,2015-08-12,17.1,2.4,10.27,3,0,,435691.2,409794.21,452732.67
Bankstown,2015-08-13,18.5,8.7,12.78,4,0,,423120.13,435691.2,442003.1
Bankstown,2015-08-14,19.1,2.6,10.36,5,0,,420938.75,423120.13,436080.64
Bankstown,2015-08-15,16.8,5.0,11.45,6,0,,393402.39,420938.75,403650.93
Bankstown,2015-08-16,19.4,7.3,13.85,7,0,,365151.2,393402.39,389156.04
Bankstown,2015-08-17,19.8,4.5,12.47,1,0,,402648.76,365151.2,407693.5
Bankstown,2015-08-18,15.2,6.3,11.56,2,0,,418947.72,402648.76,409794.21
Bankstown,2015-08-19,17.4,6.8,11.19,3,0,,421567.08,418947.72,435691.2
Bankstown,2015-08-20,20.3,4.1,10.65,4,0,,409309.64,421567.08,423120.13
Bankstown,2015-08-21,22.7,6.3,14.32,5,0,,394797.06,409309.64,420938.75
Bankstown,2015-08-22,27.2,10.2,19.84,6,0,,345371.31,394797.06,393402.39
Bankstown,2015-08-23,19.7,14.3,15.89,7,0,,349081.9,345371.31,365151.2
Bankstown,2015-08-24,17.0,14.2,15.58,1,0,,389410.72,349081.9,402648.76
Bankstown,2015-08-25,19.7,12.2,15.38,2,0,,392309.44,389410.72,418947.72
Bankstown,2015-08-26,18.9,11.7,14.91,3,0,,390013.79,392309.44,421567.08
Bankstown,2015-08-27,20.5,9.7,14.15,4,0,,395856.5,390013.79,409309.64
Bankstown,2015-08-28,19.0,8.5,13.45,5,0,,391743.72,395856.5,394797.06
Bankstown,2015-08-29,19.2,5.6,11.91,6,0,,361180.8,391743.72,345371.31
Bankstown,2015-08-30,16.8,6.6,12.21,7,0,,362103.77,361180.8,349081.9
Bankstown,2015-08-31,17.7,5.8,12.05,1,0,,393097.07,362103.77,389410.72
Bankstown,2015-09-01,17.6,4.2,10.34,2,0,,400778.09,393097.07,392309.44
Bankstown,2015-09-02,19.3,4.0,12.38,3,0,,401019.23,400778.09,390013.79
Bankstown,2015-09-03,20.3,10.1,14.41,4,0,,395456.94,401019.23,395856.5
Bankstown,2015-09-04,18.1,12.4,14.12,5,0,,394313.33,395456.94,391743.72
Bankstown,2015-09-05,19.5,7.6,13.51,6,0,,360584.15,394313.33,361180.8
Bankstown,2015-09-06,16.3,10.1,13.73,7,0,,355486.53,360584.15,362103.77
Bankstown,2015-09-07,22.8,8.2,14.98,1,0,,370020.56,355486.53,393097.07
Bankstown,2015-09-08,18.7,6.3,13.5,2,0,,383528.0,370020.56,400778.09
Bankstown,2015-09-09,17.5,6.3,12.62,3,0,,382450.29,383528.0,401019.23
Bankstown,2015-09-10,18.0,8.4,13.66,4,0,,383413.86,382450.29,395456.94
Bankstown,2015-09-11,22.1,11.6,16.35,5,0,,369808.9,383413.86,394313.33
Bankstown,2015-09-12,25.2,7.9,14.67,6,0,,340014.82,369808.9,360584.15
Bankstown,2015-09-13,23.8,10.1,16.69,7,0,,328829.49,340014.82,355486.53
Bankstown,2015-09-14,23.0,9.3,15.54,1,0,,360531.93,328829.49,370020.56
Bankstown,2015-09-15,28.6,9.9,19.04,2,0,,364207.19,360531.93,383528.0
Bankstown,2015-09-16,19.8,7.8,14.44,3,0,,364201.17,364207.19,382450.29
Bankstown,2015-09-17,18.2,9.6,14.44,4,0,,373659.44,364201.17,383413.86
Bankstown,2015-09-18,18.3,12.5,15.09,5,0,,371389.28,373659.44,369808.9
Bankstown,2015-09-19,18.7,12.1,14.67,6,0,,348465.3,371389.28,340014.82
Bankstown,2015-09-20,18.1,9.2,13.91,7,0,,337917.63,348465.3,328829.49
Bankstown,2015-09-21,24.6,8.7,15.57,1,0,,363147.2,337917.63,360531.93
Bankstown,2015-09-22,17.9,11.5,15.06,2,0,,373432.76,363147.2,364207.19
Bankstown,2015-09-23,14.9,8.5,12.03,3,0,,391316.8,373432.76,364201.17
Bankstown,2015-09-24,15.5,7.7,11.58,4,0,,400866.43,391316.8,373659.44
Bankstown,2015-09-25,16.5,10.4,13.23,5,0,,399269.81,400866.43,371389.28
Bankstown,2015-09-26,18.0,10.6,13.39,6,0,,357413.08,399269.81,348465.3
Bankstown,2015-09-27,17.6,12.2,14.36,7,0,,345229.46,357413.08,337917.63
Bankstown,2015-09-28,19.9,9.1,14.76,1,0,,365547.94,345229.46,363147.2
Bankstown,2015-09-29,24.5,8.2,16.82,2,0,,364691.12,365547.94,373432.76
Bankstown,2015-09-30,20.2,13.7,17.27,3,0,,366601.68,364691.12,391316.8
Bankstown,2015-10-01,24.5,13.5,18.05,4,0,,367254.28,366601.68,400866.43
Bankstown,2015-10-02,23.2,14.2,18.19,5,0,,361502.97,367254.28,399269.81
Bankstown,2015-10-03,32.4,11.6,20.01,6,0,,328626.62,361502.97,357413.08
Bankstown,2015-10-04,32.8,11.7,22.4,7,0,,328014.91,328626.62,345229.46
Bankstown,2015-10-05,36.1,12.1,21.91,1,1,Labour Day,343006.37,328014.91,365547.94
Bankstown,2015-10-06,35.4,14.1,23.98,2,0,,396401.71,343006.37,364691.12
Bankstown,2015-10-07,20.4,15.4,18.12,3,0,,360745.46,396401.71,366601.68
Bankstown,2015-10-08,21.1,16.7,17.85,4,0,,359314.72,360745.46,367254.28
Bankstown,2015-10-09,22.6,16.4,19.23,5,0,,365143.38,359314.72,361502.97
Bankstown,2015-10-10,26.1,13.2,18.98,6,0,,339845.07,365143.38,328626.62
Bankstown,2015-10-11,26.6,12.1,16.96,7,0,,330010.01,339845.07,328014.91
Bankstown,2015-10-12,30.0,15.0,21.45,1,0,,370566.44,330010.01,343006.37
Bankstown,2015-10-13,19.5,16.0,18.44,2,0,,371916.26,370566.44,396401.71
Bankstown,2015-10-14,24.1,13.8,17.54,3,0,,368381.97,371916.26,360745.46
Bankstown,2015-10-15,25.4,13.9,19.08,4,0,,375957.64,368381.97,359314.72
Bankstown,2015-10-16,31.2,14.5,21.7,5,0,,387073.35,375957.64,365143.38
Bankstown,2015-10-17,25.0,16.6,21.1,6,0,,347267.56,387073.35,339845.07
Bankstown,2015-10-18,21.3,18.9,19.81,7,0,,327402.68,347267.56,330010.01
Bankstown,2015-10-19,24.7,18.0,21.03,1,0,,374164.67,327402.68,370566.44
Bankstown,2015-10-20,30.8,16.1,21.84,2,0,,385648.54,374164.67,371916.26
Bankstown,2015-10-21,27.1,16.3,21.14,3,0,,379581.32,385648.54,368381.97
Bankstown,2015-10-22,20.9,15.1,17.86,4,0,,367851.9,379581.32,375957.64
Bankstown,2015-10-23,19.5,11.6,16.24,5,0,,354662.2,367851.9,387073.35
Bankstown,2015-10-24,22.5,10.7,16.96,6,0,,324531.48,354662.2,347267.56
Bankstown,2015-10-25,25.0,12.2,18.92,7,0,,322499.51,324531.48,327402.68
Bankstown,2015-10-26,29.3,13.7,20.02,1,0,,366569.16,322499.51,374164.67
Bankstown,2015-10-27,18.6,15.5,16.8,2,0,,359669.76,366569.16,385648.54
Bankstown,2015-10-28,20.4,11.8,16.08,3,0,,360067.58,359669.76,379581.32
Bankstown,2015-10-29,22.3,12.3,17.5,4,0,,359982.33,360067.58,367851.9
Bankstown,2015-10-30,22.8,10.8,17.91,5,0,,358058.09,359982.33,354662.2
Bankstown,2015-10-31,24.6,13.1,19.35,6,0,,332850.0,358058.09,324531.48
Bankstown,2015-11-01,28.2,15.3,21.1,7,0,,328391.53,332850.0,322499.51
Bankstown,2015-11-02,30.5,17.7,22.85,1,0,,373474.6,328391.53,366569.16
Bankstown,2015-11-03,20.5,17.0,18.47,2,0,,360369.97,373474.6,359669.76
Bankstown,2015-11-04,19.4,16.4,17.69,3,0,,361278.62,360369.97,360067.58
Bankstown,2015-11-05,21.6,16.0,18.9,4,0,,362979.42,361278.62,359982.33
Bankstown,2015-11-06,27.9,17.3,20.75,5,0,,362084.47,362979.42,358058.09
Bankstown,2015-11-07,24.4,15.6,18.51,6,0,,329572.54,362084.47,332850.0
Bankstown,2015-11-08,20.3,14.0,17.71,7,0,,316573.31,329572.54,328391.53
Bankstown,2015-11-09,22.9,11.8,17.81,1,0,,355016.12,316573.31,373474.6
Bankstown,2015-11-10,26.5,12.0,19.96,2,0,,369017.64,355016.12,360369.97
Bankstown,2015-11-11,22.8,18.3,20.14,3,0,,368418.04,369017.64,361278.62
Bankstown,2015-11-12,25.2,16.0,20.27,4,0,,371229.46,368418.04,362979.42
Bankstown,2015-11-13,29.0,15.1,19.97,5,0,,367750.64,371229.46,362084.47
Bankstown,2015-11-14,19.8,16.0,17.77,6,0,,333297.74,367750.64,329572.54
Bankstown,2015-11-15,20.1,15.0,17.13,7,0,,319502.31,333297.74,316573.31
Bankstown,2015-11-16,21.1,12.7,17.18,1,0,,355179.5,319502.31,355016.12
Bankstown,2015-11-17,24.9,11.4,19.1,2,0,,367156.2,355179.5,369017.64
Bankstown,2015-11-18,35.3,13.2,24.3,3,0,,399420.01,367156.2,368418.04
Bankstown,2015-11-19,33.7,16.0,25.22,4,0,,435413.73,399420.01,371229.46
Bankstown,2015-11-20,40.4,20.7,29.42,5,0,,464500.78,435413.73,367750.64
Bankstown,2015-11-21,21.1,18.8,19.9,6,0,,349102.79,464500.78,333297.74
Bankstown,2015-11-22,21.1,16.2,19.09,7,0,,330080.59,349102.79,319502.31
Bankstown,2015-11-23,23.9,14.1,19.98,1,0,,376471.65,330080.59,355179.5
Bankstown,2015-11-24,25.0,15.3,20.79,2,0,,383271.51,376471.65,367156.2
Bankstown,2015-11-25,30.9,14.6,23.44,3,0,,403714.0,383271.51,399420.01
Bankstown,2015-11-26,36.7,17.3,27.3,4,0,,427333.65,403714.0,435413.73
Bankstown,2015-11-27,21.7,14.7,18.82,5,0,,373404.13,427333.65,464500.78
Bankstown,2015-11-28,23.1,19.1,20.99,6,0,,346249.9,373404.13,349102.79
Bankstown,2015-11-29,26.9,19.2,22.2,7,0,,352058.73,346249.9,330080.59
Bankstown,2015-11-30,26.4,16.9,21.64,1,0,,399847.11,352058.73,376471.65
Bankstown,2015-12-01,37.3,16.2,26.39,2,0,,436730.9,399847.11,383271.51
Bankstown,2015-12-02,21.1,17.8,19.04,3,0,,376133.24,436730.9,403714.0
Bankstown,2015-12-03,21.1,13.2,18.13,4,0,,365960.39,376133.24,427333.65
Bankstown,2015-12-04,23.2,11.4,17.72,5,0,,369485.04,365960.39,373404.13
Bankstown,2015-12-05,25.8,11.4,19.19,6,0,,348598.52,369485.04,346249.9
Bankstown,2015-12-06,27.1,13.7,20.95,7,0,,350516.4,348598.52,352058.73
Bankstown,2015-12-07,25.4,16.7,21.48,1,0,,396637.15,350516.4,399847.11
Bankstown,2015-12-08,25.7,20.1,22.46,2,0,,402110.8,396637.15,436730.9
Bankstown,2015-12-09,32.6,20.0,25.16,3,0,,430116.81,402110.8,376133.24
Bankstown,2015-12-10,25.4,19.6,22.07,4,0,,411852.47,430116.81,365960.39
Bankstown,2015-12-11,34.3,19.6,26.6,5,0,,420480.93,411852.47,369485.04
Bankstown,2015-12-12,21.7,17.5,19.29,6,0,,343782.46,420480.93,348598.52
Bankstown,2015-12-13,23.8,17.7,20.38,7,0,,334717.78,343782.46,350516.4
Bankstown,2015-12-14,29.7,15.1,22.07,1,0,,404279.52,334717.78,396637.15
Bankstown,2015-12-15,28.0,16.2,21.57,2,0,,409649.26,404279.52,402110.8
Bankstown,2015-12-16,23.1,15.1,19.78,3,0,,385362.39,409649.26,430116.81
Bankstown,2015-12-17,26.9,14.0,20.33,4,0,,391852.47,385362.39,411852.47
Bankstown,2015-12-18,28.8,16.5,23.06,5,0,,418781.87,391852.47,420480.93
Bankstown,2015-12-19,32.8,16.7,23.98,6,0,,405371.84,418781.87,343782.46
Bankstown,2015-12-20,32.8,15.8,24.67,7,0,,407922.13,405371.84,334717.78
Bankstown,2015-12-21,29.2,18.0,21.63,1,0,,407389.59,407922.13,404279.52
Bankstown,2015-12-22,19.3,17.1,17.8,2,0,,370609.31,407389.59,409649.26
Bankstown,2015-12-23,22.8,16.8,20.08,3,0,,361485.94,370609.31,385362.39
Bankstown,2015-12-24,23.8,13.8,19.61,4,0,,345785.68,361485.94,391852.47
Bankstown,2015-12-25,24.8,13.7,20.19,5,1,Christmas Day,301902.05,345785.68,418781.87
Bankstown,2015-12-26,27.2,17.1,21.66,6,1,Boxing Day,318606.73,301902.05,405371.84
Bankstown,2015-12-27,20.9,16.2,18.72,7,0,,304526.37,318606.73,407922.13
Bankstown,2015-12-28,20.8,14.6,17.63,1,1,Boxing Day (observed),306335.43,304526.37,407389.59
Bankstown,2015-12-29,22.7,12.8,18.35,2,0,,329189.94,306335.43,370609.31
Bankstown,2015-12-30,24.5,12.5,18.78,3,0,,339157.17,329189.94,361485.94
Bankstown,2015-12-31,26.2,14.3,20.61,4,0,,347679.16,339157.17,345785.68
Bankstown,2016-01-01,26.0,15.2,20.7,5,1,New Year's Day,329352.88,347679.16,301902.05
Bankstown,2016-01-02,24.2,14.9,20.57,6,0,,323133.95,329352.88,318606.73
Bankstown,2016-01-03,22.9,19.0,21.13,7,0,,317665.92,323133.95,304526.37
Bankstown,2016-01-04,23.1,18.4,20.14,1,0,,353210.4,317665.92,306335.43
Bankstown,2016-01-05,20.3,17.4,18.9,2,0,,358082.97,353210.4,329189.94
Bankstown,2016-01-06,18.1,16.6,17.45,3,0,,357451.06,358082.97,339157.17
Bankstown,2016-01-07,22.5,15.7,19.07,4,0,,351570.67,357451.06,347679.16
Bankstown,2016-01-08,25.2,13.9,19.9,5,0,,355814.96,351570.67,329352.88
Bankstown,2016-01-09,25.5,16.7,21.3,6,0,,344216.79,355814.96,323133.95
Bankstown,2016-01-10,27.1,15.8,21.62,7,0,,352812.68,344216.79,317665.92
Bankstown,2016-01-11,33.9,18.2,25.74,1,0,,436716.4,352812.68,353210.4
Bankstown,2016-01-12,33.8,20.2,24.37,2,0,,435360.14,436716.4,358082.97
Bankstown,2016-01-13,27.3,20.6,23.93,3,0,,438032.58,435360.14,357451.06
Bankstown,2016-01-14,39.1,15.8,24.28,4,0,,449709.69,438032.58,351570.67
Bankstown,2016-01-15,20.4,13.5,16.78,5,0,,360495.64,449709.69,355814.96
Bankstown,2016-01-16,22.2,15.1,18.42,6,0,,326492.1,360495.64,344216.79
Bankstown,2016-01-17,23.7,14.0,19.53,7,0,,324006.75,326492.1,352812.68
Bankstown,2016-01-18,26.1,14.9,21.12,1,0,,383092.64,324006.75,436716.4
Bankstown,2016-01-19,33.2,16.3,24.39,2,0,,425665.84,383092.64,435360.14
Bankstown,2016-01-20,37.6,18.5,27.62,3,0,,461077.73,425665.84,438032.58
Bankstown,2016-01-21,36.1,22.6,26.71,4,0,,471786.4,461077.73,449709.69
Bankstown,2016-01-22,28.1,22.3,24.1,5,0,,427525.41,471786.4,360495.64
Bankstown,2016-01-23,25.6,21.5,23.12,6,0,,366341.92,427525.41,326492.1
Bankstown,2016-01-24,24.0,19.8,21.86,7,0,,341052.04,366341.92,324006.75
Bankstown,2016-01-25,24.5,20.4,22.49,1,0,,378814.64,341052.04,383092.64
Bankstown,2016-01-26,26.8,19.6,22.44,2,1,Australia Day,352127.53,378814.64,425665.84
Bankstown,2016-01-27,24.2,19.4,22.01,3,0,,385893.26,352127.53,461077.73
Bankstown,2016-01-28,28.9,21.5,24.22,4,0,,414895.27,385893.26,471786.4
Bankstown,2016-01-29,28.6,19.9,23.29,5,0,,412777.87,414895.27,427525.41
Bankstown,2016-01-30,26.7,18.8,21.84,6,0,,369643.93,412777.87,366341.92
Bankstown,2016-01-31,29.0,18.2,23.29,7,0,,356753.93,369643.93,341052.04
Bankstown,2016-02-01,25.1,16.7,21.29,1,0,,385942.82,356753.93,378814.64
Bankstown,2016-02-02,25.9,14.8,20.76,2,0,,388994.1,385942.82,352127.53
Bankstown,2016-02-03,29.8,16.8,23.47,3,0,,409880.86,388994.1,385893.26
Bankstown,2016-02-04,23.5,19.0,21.26,4,0,,377637.15,409880.86,414895.27
Bankstown,2016-02-05,24.0,20.1,22.03,5,0,,368440.69,377637.15,412777.87
Bankstown,2016-02-06,25.4,19.6,22.15,6,0,,345193.01,368440.69,369643.93
Bankstown,2016-02-07,25.8,17.5,21.74,7,0,,348232.04,345193.01,356753.93
Bankstown,2016-02-08,27.4,16.8,22.29,1,0,,401412.6,348232.04,385942.82
Bankstown,2016-02-09,25.1,19.3,22.28,2,0,,403206.31,401412.6,388994.1
Bankstown,2016-02-10,28.2,17.9,22.97,3,0,,410950.56,403206.31,409880.86
Bankstown,2016-02-11,27.8,17.2,23.01,4,0,,411007.47,410950.56,377637.15
Bankstown,2016-02-12,28.4,18.8,24.06,5,0,,421946.35,411007.47,368440.69
Bankstown,2016-02-13,29.6,18.6,24.26,6,0,,393218.79,421946.35,345193.01
Bankstown,2016-02-14,35.9,18.9,25.31,7,0,,393270.25,393218.79,348232.04
Bankstown,2016-02-15,28.1,22.0,24.52,1,0,,437835.94,393270.25,401412.6
Bankstown,2016-02-16,25.6,17.1,21.76,2,0,,405826.84,437835.94,403206.31
Bankstown,2016-02-17,23.2,17.6,20.41,3,0,,383909.13,405826.84,410950.56
Bankstown,2016-02-18,26.5,14.9,21.77,4,0,,396461.96,383909.13,411007.47
Bankstown,2016-02-19,30.3,18.2,24.71,5,0,,434776.56,396461.96,421946.35
Bankstown,2016-02-20,27.5,22.6,24.42,6,0,,382942.55,434776.56,393218.79
Bankstown,2016-02-21,27.4,20.2,22.8,7,0,,370034.24,382942.55,393270.25
Bankstown,2016-02-22,29.6,18.9,23.87,1,0,,432434.98,370034.24,437835.94
Bankstown,2016-02-23,30.0,17.1,22.99,2,0,,440782.37,432434.98,405826.84
Bankstown,2016-02-24,30.8,19.1,25.0,3,0,,456131.74,440782.37,383909.13
Bankstown,2016-02-25,37.7,19.2,27.03,4,0,,484358.25,456131.74,396461.96
Bankstown,2016-02-26,26.6,22.7,24.53,5,0,,431360.71,484358.25,434776.56
Bankstown,2016-02-27,26.7,19.7,23.47,6,0,,378886.37,431360.71,382942.55
Bankstown,2016-02-28,28.0,18.0,22.83,7,0,,369335.57,378886.37,370034.24
Bankstown,2016-02-29,26.2,17.6,21.95,1,0,,409254.94,369335.57,432434.98
Bankstown,2016-03-01,28.8,18.7,22.88,2,0,,420332.72,409254.94,440782.37
Bankstown,2016-03-02,29.8,17.1,23.67,3,0,,430493.63,420332.72,456131.74
Bankstown,2016-03-03,30.1,19.3,24.2,4,0,,442619.02,430493.63,484358.25
Bankstown,2016-03-04,28.7,19.2,23.95,5,0,,427598.52,442619.02,431360.71
Bankstown,2016-03-05,28.4,17.2,23.11,6,0,,391388.15,427598.52,378886.37
Bankstown,2016-03-06,28.9,16.7,22.73,7,0,,380976.94,391388.15,369335.57
Bankstown,2016-03-07,29.9,18.0,23.73,1,0,,438333.78,380976.94,409254.94
Bankstown,2016-03-08,29.2,18.8,24.35,2,0,,432971.2,438333.78,420332.72
Bankstown,2016-03-09,32.0,20.4,25.19,3,0,,456426.76,432971.2,430493.63
Bankstown,2016-03-10,27.7,20.1,24.11,4,0,,446846.88,456426.76,442619.02
Bankstown,2016-03-11,28.6,23.6,25.68,5,0,,432895.62,446846.88,427598.52
Bankstown,2016-03-12,30.9,19.5,24.71,6,0,,401527.53,432895.62,391388.15
Bankstown,2016-03-13,28.6,20.3,24.59,7,0,,384559.83,401527.53,380976.94
Bankstown,2016-03-14,30.8,19.9,23.78,1,0,,423177.05,384559.83,438333.78
Bankstown,2016-03-15,24.9,19.6,21.89,2,0,,398701.58,423177.05,432971.2
Bankstown,2016-03-16,24.9,19.4,21.11,3,0,,393311.69,398701.58,456426.76
Bankstown,2016-03-17,25.8,18.5,21.32,4,0,,396833.62,393311.69,446846.88
Bankstown,2016-03-18,27.3,17.1,21.38,5,0,,386635.43,396833.62,432895.62
Bankstown,2016-03-19,21.9,13.8,18.91,6,0,,337407.31,386635.43,401527.53
Bankstown,2016-03-20,21.6,15.4,17.44,7,0,,328673.34,337407.31,384559.83
Bankstown,2016-03-21,20.8,15.3,16.71,1,0,,367512.43,328673.34,423177.05
Bankstown,2016-03-22,22.3,14.1,17.75,2,0,,371193.23,367512.43,398701.58
Bankstown,2016-03-23,25.2,13.9,18.93,3,0,,371983.44,371193.23,393311.69
Bankstown,2016-03-24,28.3,13.7,20.87,4,0,,377285.98,371983.44,396833.62
Bankstown,2016-03-25,24.9,15.9,19.65,5,1,Good Friday,327333.62,377285.98,386635.43
Bankstown,2016-03-26,26.1,15.6,20.83,6,1,Easter Saturday,328960.41,327333.62,337407.31
Bankstown,2016-03-27,24.5,15.8,19.54,7,1,Easter Sunday,320133.22,328960.41,328673.34
Bankstown,2016-03-28,25.1,18.0,21.15,1,1,Easter Monday,334974.47,320133.22,367512.43
Bankstown,2016-03-29,22.5,19.2,20.51,2,0,,378120.55,334974.47,371193.23
Bankstown,2016-03-30,27.0,15.8,21.26,3,0,,374324.36,378120.55,371983.44
Bankstown,2016-03-31,23.8,13.9,18.82,4,0,,370412.37,374324.36,377285.98
Bankstown,2016-04-01,26.5,13.7,20.31,5,0,,372806.94,370412.37,327333.62
Bankstown,2016-04-02,30.6,15.2,22.06,6,0,,344990.87,372806.94,328960.41
Bankstown,2016-04-03,24.2,19.0,21.09,7,0,,335194.69,344990.87,320133.22
Bankstown,2016-04-04,22.6,18.4,20.2,1,0,,379471.3,335194.69,334974.47
Bankstown,2016-04-05,27.5,15.0,21.16,2,0,,387323.52,379471.3,378120.55
Bankstown,2016-04-06,34.3,16.3,24.33,3,0,,398916.86,387323.52,374324.36
Bankstown,2016-04-07,22.0,18.5,19.88,4,0,,377326.96,398916.86,370412.37
Bankstown,2016-04-08,20.5,16.4,18.62,5,0,,377471.94,377326.96,372806.94
Bankstown,2016-04-09,23.1,14.0,17.96,6,0,,342173.64,377471.94,344990.87
Bankstown,2016-04-10,27.9,12.8,18.14,7,0,,328488.72,342173.64,335194.69
Bankstown,2016-04-11,24.7,10.9,17.29,1,0,,364349.87,328488.72,379471.3
Bankstown,2016-04-12,21.3,14.6,18.02,2,0,,372396.65,364349.87,387323.52
Bankstown,2016-04-13,22.5,12.5,17.51,3,0,,365381.53,372396.65,398916.86
Bankstown,2016-04-14,22.2,13.5,17.47,4,0,,370131.0,365381.53,377326.96
Bankstown,2016-04-15,26.0,12.8,19.36,5,0,,370702.72,370131.0,377471.94
Bankstown,2016-04-16,27.1,13.0,19.16,6,0,,343373.58,370702.72,342173.64
Bankstown,2016-04-17,21.6,14.8,18.98,7,0,,332094.16,343373.58,328488.72
Bankstown,2016-04-18,21.6,13.1,17.71,1,0,,367072.77,332094.16,364349.87
Bankstown,2016-04-19,22.4,15.4,18.3,2,0,,371555.82,367072.77,372396.65
Bankstown,2016-04-20,25.5,13.6,18.43,3,0,,372268.12,371555.82,365381.53
Bankstown,2016-04-21,26.2,13.5,19.23,4,0,,377412.53,372268.12,370131.0
Bankstown,2016-04-22,24.3,15.2,18.65,5,0,,373193.92,377412.53,370702.72
Bankstown,2016-04-23,18.0,15.0,16.24,6,0,,337348.79,373193.92,343373.58
Bankstown,2016-04-24,20.9,12.0,16.81,7,0,,323720.98,337348.79,332094.16
Bankstown,2016-04-25,22.3,9.9,15.18,1,1,ANZAC Day,324885.88,323720.98,367072.77
Bankstown,2016-04-26,23.7,10.9,16.5,2,0,,367435.07,324885.88,371555.82
Bankstown,2016-04-27,24.3,11.8,17.2,3,0,,367974.27,367435.07,372268.12
Bankstown,2016-04-28,26.1,12.5,17.64,4,0,,369119.57,367974.27,377412.53
Bankstown,2016-04-29,24.9,12.1,17.39,5,0,,369499.24,369119.57,373193.92
Bankstown,2016-04-30,25.7,16.2,20.13,6,0,,342597.97,369499.24,337348.79
Bankstown,2016-05-01,27.4,14.3,19.51,7,0,,328379.57,342597.97,323720.98
Bankstown,2016-05-02,22.9,8.8,15.64,1,0,,364323.57,328379.57,324885.88
Bankstown,2016-05-03,25.4,7.7,17.0,2,0,,364272.52,364323.57,367435.07
Bankstown,2016-05-04,25.1,10.2,17.16,3,0,,365033.61,364272.52,367974.27
Bankstown,2016-05-05,23.6,10.1,16.17,4,0,,369725.12,365033.61,369119.57
Bankstown,2016-05-06,25.9,9.7,14.9,5,0,,369712.07,369725.12,369499.24
Bankstown,2016-05-07,24.8,8.7,15.35,6,0,,344007.13,369712.07,342597.97
Bankstown,2016-05-08,20.6,13.8,17.02,7,0,,340549.18,344007.13,328379.57
Bankstown,2016-05-09,22.1,17.4,19.42,1,0,,372190.48,340549.18,364323.57
Bankstown,2016-05-10,24.0,16.4,19.93,2,0,,370499.12,372190.48,364272.52
Bankstown,2016-05-11,21.9,7.1,14.98,3,0,,368161.37,370499.12,365033.61
Bankstown,2016-05-12,23.8,9.4,17.15,4,0,,370291.77,368161.37,369725.12
Bankstown,2016-05-13,25.1,9.2,16.67,5,0,,367774.89,370291.77,369712.07
Bankstown,2016-05-14,25.9,6.8,14.56,6,0,,341713.3,367774.89,344007.13
Bankstown,2016-05-15,24.7,7.2,14.85,7,0,,328148.69,341713.3,340549.18
Bankstown,2016-05-16,23.4,8.4,16.27,1,0,,366746.7,328148.69,372190.48
Bankstown,2016-05-17,27.7,10.5,18.81,2,0,,367361.39,366746.7,370499.12
Bankstown,2016-05-18,21.0,7.6,14.07,3,0,,376992.98,367361.39,368161.37
Bankstown,2016-05-19,22.3,7.6,14.78,4,0,,372292.26,376992.98,370291.77
Bankstown,2016-05-20,23.2,7.3,14.03,5,0,,372638.46,372292.26,367774.89
Bankstown,2016-05-21,21.2,10.3,15.32,6,0,,349493.93,372638.46,341713.3
Bankstown,2016-05-22,23.6,11.0,15.34,7,0,,336308.9,349493.93,328148.69
Bankstown,2016-05-23,27.1,9.7,17.51,1,0,,368334.7,336308.9,366746.7
Bankstown,2016-05-24,21.1,8.0,14.69,2,0,,378425.76,368334.7,367361.39
Bankstown,2016-05-25,20.7,4.7,12.17,3,0,,385368.76,378425.76,376992.98
Bankstown,2016-05-26,20.4,11.2,14.55,4,0,,391989.82,385368.76,372292.26
Bankstown,2016-05-27,17.9,8.4,14.76,5,0,,385596.42,391989.82,372638.46
Bankstown,2016-05-28,15.2,3.8,10.02,6,0,,388561.45,385596.42,349493.93
Bankstown,2016-05-29,18.4,3.8,11.19,7,0,,374580.01,388561.45,336308.9
Bankstown,2016-05-30,18.5,5.1,10.18,1,0,,418814.72,374580.01,368334.7
Bankstown,2016-05-31,16.7,5.8,11.85,2,0,,426800.72,418814.72,378425.76
Bankstown,2016-06-01,17.8,10.1,12.9,3,0,,414101.61,426800.72,385368.76
Bankstown,2016-06-02,18.1,8.9,13.27,4,0,,408787.76,414101.61,391989.82
Bankstown,2016-06-03,17.9,10.2,14.61,5,0,,407816.22,408787.76,385596.42
Bankstown,2016-06-04,20.9,14.6,17.29,6,0,,387868.24,407816.22,388561.45
Bankstown,2016-06-05,19.3,13.8,17.23,7,0,,380818.37,387868.24,374580.01
Bankstown,2016-06-06,18.1,8.3,15.02,1,0,,403668.49,380818.37,418814.72
Bankstown,2016-06-07,19.4,7.3,13.31,2,0,,412968.8,403668.49,426800.72
Bankstown,2016-06-08,20.4,9.0,14.34,3,0,,401963.73,412968.8,414101.61
Bankstown,2016-06-09,22.1,11.8,17.34,4,0,,388501.39,401963.73,408787.76
Bankstown,2016-06-10,21.0,8.0,13.5,5,0,,387661.98,388501.39,407816.22
Bankstown,2016-06-11,19.8,7.6,13.76,6,0,,368622.16,387661.98,387868.24
Bankstown,2016-06-12,17.2,5.5,10.48,7,0,,377431.96,368622.16,380818.37
Bankstown,2016-06-13,18.8,5.2,11.44,1,1,Queen's Birthday,381888.6,377431.96,403668.49
Bankstown,2016-06-14,20.7,5.9,10.73,2,0,,413701.37,381888.6,412968.8
Bankstown,2016-06-15,20.3,5.1,10.19,3,0,,417776.23,413701.37,401963.73
Bankstown,2016-06-16,20.9,4.9,11.14,4,0,,409961.67,417776.23,388501.39
Bankstown,2016-06-17,19.5,6.7,12.74,5,0,,412245.85,409961.67,387661.98
Bankstown,2016-06-18,20.3,13.2,15.71,6,0,,379002.88,412245.85,368622.16
Bankstown,2016-06-19,19.2,13.5,16.02,7,0,,381860.74,379002.88,377431.96
Bankstown,2016-06-20,19.9,14.0,16.03,1,0,,405407.75,381860.74,381888.6
Bankstown,2016-06-21,18.0,12.2,15.28,2,0,,416572.14,405407.75,413701.37
Bankstown,2016-06-22,19.6,10.6,14.64,3,0,,409104.92,416572.14,417776.23
Bankstown,2016-06-23,17.1,5.3,12.43,4,0,,421537.75,409104.92,409961.67
Bankstown,2016-06-24,15.9,9.2,12.54,5,0,,430349.0,421537.75,412245.85
Bankstown,2016-06-25,14.3,6.0,9.57,6,0,,422451.11,430349.0,379002.88
Bankstown,2016-06-26,14.1,3.8,8.37,7,0,,429513.89,422451.11,381860.74
Bankstown,2016-06-27,11.7,7.3,9.38,1,0,,471464.69,429513.89,405407.75
Bankstown,2016-06-28,16.3,6.4,10.28,2,0,,460425.03,471464.69,416572.14
Bankstown,2016-06-29,19.1,4.2,8.58,3,0,,455891.37,460425.03,409104.92
Bankstown,2016-06-30,16.4,0.8,7.88,4,0,,464388.26,455891.37,421537.75
Bankstown,2016-07-01,16.3,4.9,11.61,5,0,,441820.91,464388.26,430349.0
Bankstown,2016-07-02,17.4,4.3,10.65,6,0,,408352.01,441820.91,422451.11
Bankstown,2016-07-03,17.1,3.3,7.95,7,0,,402696.24,408352.01,429513.89
Bankstown,2016-07-04,15.1,1.2,6.44,1,0,,453380.23,402696.24,471464.69
Bankstown,2016-07-05,18.3,5.1,11.07,2,0,,453428.26,453380.23,460425.03
Bankstown,2016-07-06,17.2,9.7,13.73,3,0,,443334.36,453428.26,455891.37
Bankstown,2016-07-07,16.6,12.5,13.95,4,0,,431883.82,443334.36,464388.26
Bankstown,2016-07-08,15.2,9.1,12.86,5,0,,434917.33,431883.82,441820.91
Bankstown,2016-07-09,17.4,7.3,12.04,6,0,,402119.11,434917.33,408352.01
Bankstown,2016-07-10,18.7,10.1,13.62,7,0,,383301.55,402119.11,402696.24
Bankstown,2016-07-11,18.6,10.8,15.28,1,0,,412299.89,383301.55,453380.23
Bankstown,2016-07-12,19.8,7.3,13.22,2,0,,410155.37,412299.89,453428.26
Bankstown,2016-07-13,13.5,7.4,10.99,3,0,,439457.26,410155.37,443334.36
Bankstown,2016-07-14,16.3,4.0,9.68,4,0,,449775.01,439457.26,431883.82
Bankstown,2016-07-15,16.9,2.9,9.39,5,0,,448949.52,449775.01,434917.33
Bankstown,2016-07-19,25.0,15.8,20.35,2,0,,393814.2,397436.13,410155.37
Bankstown,2016-07-20,16.8,14.3,15.97,3,0,,406050.57,393814.2,439457.26
Bankstown,2016-07-21,18.7,10.5,14.59,4,0,,397982.51,406050.57,449775.01
Bankstown,2016-07-22,25.4,9.6,17.6,5,0,,382044.63,397982.51,448949.52
Bankstown,2016-07-23,17.6,9.6,14.97,6,0,,364602.0,382044.63,414835.39
Bankstown,2016-07-24,13.9,5.3,9.3,7,0,,404532.6,364602.0,380844.08
Bankstown,2016-07-25,17.2,3.5,11.35,1,0,,426437.35,404532.6,397436.13
Bankstown,2016-07-26,18.0,3.7,12.25,2,0,,423631.71,426437.35,393814.2
Bankstown,2016-07-27,18.2,6.0,13.56,3,0,,420295.41,423631.71,406050.57
Bankstown,2016-07-28,19.0,6.0,12.41,4,0,,423114.43,420295.41,397982.51
Bankstown,2016-07-29,18.4,4.6,11.13,5,0,,426702.38,423114.43,382044.63
Bankstown,2016-07-30,18.1,6.6,11.16,6,0,,396883.92,426702.38,364602.0
Bankstown,2016-07-31,20.5,7.1,11.57,7,0,,377307.63,396883.92,404532.6
Bankstown,2016-08-01,17.3,6.5,11.86,1,0,,421802.15,377307.63,426437.35
Bankstown,2016-08-02,14.9,9.7,11.55,2,0,,442716.86,421802.15,423631.71
Bankstown,2016-08-03,13.9,10.6,11.83,3,0,,450353.47,442716.86,420295.41
Bankstown,2016-08-04,15.9,10.2,11.96,4,0,,441130.42,450353.47,423114.43
Bankstown,2016-08-05,15.0,9.2,11.57,5,0,,437791.63,441130.42,426702.38
Bankstown,2016-08-06,15.4,8.0,11.2,6,0,,405108.38,437791.63,396883.92
Bankstown,2016-08-07,17.0,8.8,12.18,7,0,,385888.53,405108.38,377307.63
Bankstown,2016-08-08,18.7,6.7,10.99,1,0,,412672.42,385888.53,421802.15
Bankstown,2016-08-09,18.7,4.4,11.42,2,0,,415893.7,412672.42,442716.86
Bankstown,2016-08-10,24.4,11.8,17.81,3,0,,386993.23,415893.7,450353.47
Bankstown,2016-08-11,18.9,6.4,13.86,4,0,,395890.24,386993.23,441130.42
Bankstown,2016-08-12,17.6,4.6,11.19,5,0,,414611.11,395890.24,437791.63
Bankstown,2016-08-13,19.5,4.0,11.69,6,0,,378806.58,414611.11,405108.38
Bankstown,2016-08-14,18.9,4.3,10.89,7,0,,370895.06,378806.58,385888.53
Bankstown,2016-08-15,20.0,5.2,11.59,1,0,,401593.7,370895.06,412672.42
Bankstown,2016-08-16,22.0,5.8,12.62,2,0,,397238.11,401593.7,415893.7
Bankstown,2016-08-17,23.6,6.0,12.82,3,0,,391092.7,397238.11,386993.23
Bankstown,2016-08-18,22.7,6.8,14.65,4,0,,388957.7,391092.7,395890.24
Bankstown,2016-08-19,22.9,6.0,14.95,5,0,,385082.88,388957.7,414611.11
Bankstown,2016-08-20,17.1,6.7,12.24,6,0,,367226.72,385082.88,378806.58
Bankstown,2016-08-21,19.4,3.5,11.01,7,0,,368258.55,367226.72,370895.06
Bankstown,2016-08-22,13.9,6.3,9.99,1,0,,438156.33,368258.55,401593.7
Bankstown,2016-08-23,16.9,6.9,11.65,2,0,,426192.05,438156.33,397238.11
Bankstown,2016-08-24,13.7,9.1,12.08,3,0,,440678.16,426192.05,391092.7
Bankstown,2016-08-25,16.2,8.9,11.53,4,0,,428325.72,440678.16,388957.7
Bankstown,2016-08-26,15.4,5.4,10.92,5,0,,430212.36,428325.72,385082.88
Bankstown,2016-08-27,19.2,6.5,11.9,6,0,,386322.32,430212.36,367226.72
Bankstown,2016-08-28,19.4,3.9,11.16,7,0,,369884.88,386322.32,368258.55
Bankstown,2016-08-29,19.0,5.1,11.89,1,0,,407651.55,369884.88,438156.33
Bankstown,2016-08-30,20.8,8.3,14.68,2,0,,403032.65,407651.55,426192.05
Bankstown,2016-08-31,22.9,12.3,17.58,3,0,,390266.12,403032.65,440678.16
Bankstown,2016-09-01,22.2,8.1,15.04,4,0,,381830.8,390266.12,428325.72
Bankstown,2016-09-02,16.7,14.2,15.29,5,0,,397906.66,381830.8,430212.36
Bankstown,2016-09-03,19.9,10.1,16.56,6,0,,356362.21,397906.66,386322.32
Bankstown,2016-09-04,20.2,5.8,12.38,7,0,,345612.81,356362.21,369884.88
Bankstown,2016-09-05,20.7,6.6,13.0,1,0,,384206.06,345612.81,407651.55
Bankstown,2016-09-06,22.6,7.0,13.53,2,0,,384760.36,384206.06,403032.65
Bankstown,2016-09-07,21.4,9.8,15.67,3,0,,379011.01,384760.36,390266.12
Bankstown,2016-09-08,22.3,12.5,16.75,4,0,,378614.34,379011.01,381830.8
Bankstown,2016-09-09,23.6,11.7,17.86,5,0,,373419.36,378614.34,397906.66
Bankstown,2016-09-10,22.0,13.8,18.06,6,0,,345402.65,373419.36,356362.21
Bankstown,2016-09-11,20.0,8.4,13.94,7,0,,335233.49,345402.65,345612.81
Bankstown,2016-09-12,20.8,9.9,15.54,1,0,,368592.75,335233.49,384206.06
Bankstown,2016-09-13,19.3,15.4,16.89,2,0,,377988.54,368592.75,384760.36
Bankstown,2016-09-14,23.7,15.5,19.11,3,0,,376373.8,377988.54,379011.01
Bankstown,2016-09-15,21.1,13.1,17.32,4,0,,370493.72,376373.8,378614.34
Bankstown,2016-09-16,21.2,10.0,15.85,5,0,,366922.65,370493.72,373419.36
Bankstown,2016-09-17,21.8,6.8,15.04,6,0,,344904.54,366922.65,345402.65
Bankstown,2016-09-18,15.2,11.3,13.7,7,0,,359120.72,344904.54,335233.49
Bankstown,2016-09-19,20.1,11.5,15.48,1,0,,368363.05,359120.72,368592.75
Bankstown,2016-09-20,20.0,6.4,13.99,2,0,,378949.98,368363.05,377988.54
Bankstown,2016-09-21,20.1,11.6,14.84,3,0,,387962.15,378949.98,376373.8
Bankstown,2016-09-22,19.3,9.9,15.46,4,0,,382719.18,387962.15,370493.72
Bankstown,2016-09-23,20.5,14.9,17.38,5,0,,370997.59,382719.18,366922.65
Bankstown,2016-09-24,21.7,10.0,16.46,6,0,,337623.76,370997.59,344904.54
Bankstown,2016-09-25,21.2,13.4,15.77,7,0,,328742.71,337623.76,359120.72
Bankstown,2016-09-26,20.4,8.8,13.89,1,0,,359816.05,328742.71,368363.05
Bankstown,2016-09-27,22.7,8.1,15.4,2,0,,368192.8,359816.05,378949.98
Bankstown,2016-09-28,20.0,8.0,14.09,3,0,,364720.4,368192.8,387962.15
Bankstown,2016-09-29,22.0,9.0,14.39,4,0,,374926.36,364720.4,382719.18
Bankstown,2016-09-30,18.3,12.0,14.83,5,0,,371330.72,374926.36,370997.59
Bankstown,2016-10-01,21.2,10.5,16.57,6,0,,332263.49,371330.72,337623.76
Bankstown,2016-10-02,25.4,6.5,16.87,7,0,,315211.24,332263.49,328742.71
Bankstown,2016-10-03,24.7,13.8,20.25,1,1,Labour Day,318407.47,315211.24,359816.05
Bankstown,2016-10-04,23.0,8.2,17.85,2,0,,354617.86,318407.47,368192.8
Bankstown,2016-10-05,22.3,11.0,16.97,3,0,,355010.23,354617.86,364720.4
Bankstown,2016-10-06,27.3,6.1,18.52,4,0,,356271.49,355010.23,374926.36
Bankstown,2016-10-07,29.7,11.4,21.63,5,0,,359350.99,356271.49,371330.72
Bankstown,2016-10-08,22.2,15.8,18.29,6,0,,331218.55,359350.99,332263.49
Bankstown,2016-10-09,21.5,11.0,17.42,7,0,,320945.63,331218.55,315211.24
Bankstown,2016-10-10,32.2,13.1,23.33,1,0,,361712.85,320945.63,318407.47
Bankstown,2016-10-11,19.8,11.3,15.29,2,0,,350379.55,361712.85,354617.86
Bankstown,2016-10-12,22.2,7.2,14.89,3,0,,358612.62,350379.55,355010.23
Bankstown,2016-10-13,16.9,9.6,14.13,4,0,,362683.78,358612.62,356271.49
Bankstown,2016-10-14,20.1,7.5,13.48,5,0,,360529.98,362683.78,359350.99
Bankstown,2016-10-15,25.3,7.1,16.44,6,0,,322447.69,360529.98,331218.55
Bankstown,2016-10-16,29.3,8.9,20.41,7,0,,311956.09,322447.69,320945.63
Bankstown,2016-10-17,23.8,13.3,18.05,1,0,,359828.47,311956.09,361712.85
Bankstown,2016-10-18,24.2,6.7,17.2,2,0,,354850.2,359828.47,350379.55
Bankstown,2016-10-19,22.8,12.8,17.29,3,0,,357484.62,354850.2,358612.62
Bankstown,2016-10-20,20.8,12.1,17.57,4,0,,363103.68,357484.62,362683.78
Bankstown,2016-10-21,27.5,11.3,18.37,5,0,,364731.08,363103.68,360529.98
Bankstown,2016-10-22,19.2,12.5,16.04,6,0,,340202.12,364731.08,322447.69
Bankstown,2016-10-23,17.7,9.3,14.36,7,0,,327310.33,340202.12,311956.09
Bankstown,2016-10-24,18.4,8.3,13.97,1,0,,356639.31,327310.33,359828.47
Bankstown,2016-10-25,24.2,8.1,16.47,2,0,,354982.98,356639.31,354850.2
Bankstown,2016-10-26,28.0,10.5,18.27,3,0,,357419.24,354982.98,357484.62
Bankstown,2016-10-27,20.9,12.0,16.74,4,0,,354083.92,357419.24,363103.68
Bankstown,2016-10-28,19.2,14.4,16.85,5,0,,354393.9,354083.92,364731.08
Bankstown,2016-10-29,24.3,15.7,19.71,6,0,,326511.98,354393.9,340202.12
Bankstown,2016-10-30,28.2,16.8,22.28,7,0,,322929.83,326511.98,327310.33
Bankstown,2016-10-31,22.5,13.5,18.68,1,0,,345753.25,322929.83,356639.31
Bankstown,2016-11-01,22.8,10.3,16.08,2,0,,355905.55,345753.25,354982.98
Bankstown,2016-11-02,24.3,8.8,16.74,3,0,,351328.23,355905.55,357419.24
Bankstown,2016-11-03,26.0,10.5,18.02,4,0,,360964.76,351328.23,354083.92
Bankstown,2016-11-04,30.5,12.6,20.22,5,0,,362491.1,360964.76,354393.9
Bankstown,2016-11-05,24.9,17.2,22.66,6,0,,321970.47,362491.1,326511.98
Bankstown,2016-11-06,23.2,11.7,18.58,7,0,,310079.0,321970.47,322929.83
Bankstown,2016-11-07,30.4,10.5,20.75,1,0,,371806.61,310079.0,345753.25
Bankstown,2016-11-08,24.3,13.7,19.4,2,0,,385091.54,371806.61,355905.55
Bankstown,2016-11-09,21.2,17.2,18.38,3,0,,372531.21,385091.54,351328.23
Bankstown,2016-11-10,24.9,14.7,19.84,4,0,,368605.76,372531.21,360964.76
Bankstown,2016-11-11,23.7,17.7,20.44,5,0,,369201.45,368605.76,362491.1
Bankstown,2016-11-12,33.9,18.3,24.79,6,0,,358045.22,369201.45,321970.47
Bankstown,2016-11-13,28.7,13.6,22.53,7,0,,331160.52,358045.22,310079.0
Bankstown,2016-11-14,22.2,15.9,18.47,1,0,,359231.45,331160.52,371806.61
Bankstown,2016-11-15,20.9,13.0,16.89,2,0,,359892.88,359231.45,385091.54
Bankstown,2016-11-16,22.7,11.1,17.79,3,0,,362323.43,359892.88,372531.21
Bankstown,2016-11-17,24.2,15.2,19.6,4,0,,369022.1,362323.43,368605.76
Bankstown,2016-11-18,34.6,12.4,24.13,5,0,,400657.28,369022.1,369201.45
Bankstown,2016-11-19,22.3,18.9,20.31,6,0,,350173.12,400657.28,358045.22
Bankstown,2016-11-20,25.8,18.7,21.65,7,0,,345564.73,350173.12,331160.52
Bankstown,2016-11-21,29.6,17.1,24.11,1,0,,408740.38,345564.73,359231.45
Bankstown,2016-11-22,33.4,17.8,24.74,2,0,,415310.21,408740.38,359892.88
Bankstown,2016-11-23,30.6,16.1,21.25,3,0,,391787.51,415310.21,362323.43
Bankstown,2016-11-24,21.0,12.9,17.49,4,0,,359748.63,391787.51,369022.1
Bankstown,2016-11-25,23.0,11.4,18.14,5,0,,359100.37,359748.63,400657.28
Bankstown,2016-11-26,25.5,14.7,20.78,6,0,,341259.88,359100.37,350173.12
Bankstown,2016-11-27,24.1,19.1,20.65,7,0,,335993.82,341259.88,345564.73
Bankstown,2016-11-28,27.9,20.2,23.32,1,0,,395163.34,335993.82,408740.38
Bankstown,2016-11-29,23.2,18.9,20.88,2,0,,391283.72,395163.34,415310.21
Bankstown,2016-11-30,25.5,15.4,21.05,3,0,,387117.6,391283.72,391787.51
Bankstown,2016-12-01,31.0,16.2,22.59,4,0,,394672.29,387117.6,359748.63
Bankstown,2016-12-02,35.6,14.8,25.48,5,0,,417863.22,394672.29,359100.37
Bankstown,2016-12-03,24.9,19.5,22.25,6,0,,368247.59,417863.22,341259.88
Bankstown,2016-12-04,27.8,16.3,22.69,7,0,,370721.49,368247.59,335993.82
Bankstown,2016-12-05,33.1,20.0,24.64,1,0,,437562.27,370721.49,395163.34
Bankstown,2016-12-06,24.2,20.2,21.96,2,0,,404359.05,437562.27,391283.72
Bankstown,2016-12-07,24.8,18.1,21.27,3,0,,386514.29,404359.05,387117.6
Bankstown,2016-12-08,29.0,19.7,24.95,4,0,,415879.3,386514.29,394672.29
Bankstown,2016-12-09,25.9,17.7,20.87,5,0,,363285.76,415879.3,417863.22
Bankstown,2016-12-10,23.5,13.6,19.36,6,0,,340189.51,363285.76,368247.59
Bankstown,2016-12-11,26.6,19.3,22.45,7,0,,344562.04,340189.51,370721.49
Bankstown,2016-12-12,27.9,18.0,23.14,1,0,,409361.44,344562.04,437562.27
Bankstown,2016-12-13,38.1,19.4,28.07,2,0,,458729.27,409361.44,404359.05
Bankstown,2016-12-14,36.1,20.3,28.35,3,0,,450770.56,458729.27,386514.29
Bankstown,2016-12-15,20.3,16.5,17.82,4,0,,379738.69,450770.56,415879.3
Bankstown,2016-12-16,21.4,17.0,19.01,5,0,,377706.9,379738.69,363285.76
Bankstown,2016-12-17,33.5,18.4,24.34,6,0,,371850.6,377706.9,340189.51
Bankstown,2016-12-18,20.8,17.5,18.73,7,0,,328835.45,371850.6,344562.04
Bankstown,2016-12-19,22.9,17.2,19.74,1,0,,365310.2,328835.45,409361.44
Bankstown,2016-12-20,29.1,13.9,22.41,2,0,,401711.63,365310.2,458729.27
Bankstown,2016-12-21,24.0,18.0,20.94,3,0,,386501.56,401711.63,450770.56
Bankstown,2016-12-22,24.1,19.9,21.24,4,0,,370141.45,386501.56,379738.69
Bankstown,2016-12-23,24.7,20.2,22.07,5,0,,370013.2,370141.45,377706.9
Bankstown,2016-12-24,28.1,17.4,21.85,6,0,,352473.36,370013.2,371850.6
Bankstown,2016-12-25,27.7,17.5,21.88,7,1,Christmas Day,323507.67,352473.36,328835.45
Bankstown,2016-12-26,29.6,18.4,24.88,1,1,Boxing Day,353835.25,323507.67,365310.2
Bankstown,2016-12-27,26.5,20.3,23.6,2,1,Christmas Day (observed),366570.55,353835.25,401711.63
Bankstown,2016-12-28,29.9,19.0,24.42,3,0,,396529.66,366570.55,386501.56
Bankstown,2016-12-29,38.2,21.5,28.36,4,0,,430688.95,396529.66,370141.45
Bankstown,2016-12-30,34.6,22.9,28.05,5,0,,423274.2,430688.95,370013.2
Bankstown,2016-12-31,27.7,22.6,24.85,6,0,,393378.87,423274.2,352473.36
Bankstown,2017-01-01,27.2,22.5,23.94,7,1,New Year's Day,354595.19,393378.87,323507.67
Bankstown,2017-01-02,24.4,19.4,21.68,1,1,New Year's Day (observed),337241.55,354595.19,353835.25
Bankstown,2017-01-03,24.9,18.7,21.9,2,0,,359586.54,337241.55,366570.55
Bankstown,2017-01-04,24.9,19.4,21.56,3,0,,361901.84,359586.54,396529.66
Bankstown,2017-01-05,25.0,19.4,21.71,4,0,,369989.09,361901.84,430688.95
Bankstown,2017-01-06,26.1,18.5,21.57,5,0,,375151.3,369989.09,423274.2
Bankstown,2017-01-07,26.9,15.9,22.13,6,0,,355851.85,375151.3,393378.87
Bankstown,2017-01-08,29.5,16.1,23.68,7,0,,370080.05,355851.85,354595.19
Bankstown,2017-01-09,30.2,19.0,24.24,1,0,,435850.61,370080.05,337241.55
Bankstown,2017-01-10,34.1,22.1,26.62,2,0,,446686.34,435850.61,359586.54
Bankstown,2017-01-11,40.7,22.3,28.9,3,0,,478204.44,446686.34,361901.84
Bankstown,2017-01-12,28.1,22.0,24.45,4,0,,430133.9,478204.44,369989.09
Bankstown,2017-01-13,31.6,22.1,27.38,5,0,,476078.57,430133.9,375151.3
Bankstown,2017-01-14,31.3,23.4,26.82,6,0,,433885.61,476078.57,355851.85
Bankstown,2017-01-15,24.9,22.1,23.46,7,0,,365607.37,433885.61,370080.05
Bankstown,2017-01-16,28.7,19.0,24.29,1,0,,429271.68,365607.37,435850.61
Bankstown,2017-01-17,38.2,18.6,28.16,2,0,,500151.18,429271.68,446686.34
Bankstown,2017-01-18,38.0,19.7,25.98,3,0,,494331.59,500151.18,478204.44
Bankstown,2017-01-19,22.6,19.0,21.0,4,0,,395585.67,494331.59,430133.9
Bankstown,2017-01-20,30.5,20.6,24.53,5,0,,410115.17,395585.67,476078.57
Bankstown,2017-01-21,24.3,20.6,22.18,6,0,,351211.73,410115.17,433885.61
Bankstown,2017-01-22,27.0,19.8,22.89,7,0,,355342.97,351211.73,365607.37
Bankstown,2017-01-23,30.9,20.3,25.85,1,0,,452150.63,355342.97,429271.68
Bankstown,2017-01-24,36.5,20.8,28.54,2,0,,476340.79,452150.63,500151.18
Bankstown,2017-01-25,23.9,19.2,21.73,3,0,,393770.15,476340.79,494331.59
Bankstown,2017-01-26,24.2,18.5,21.89,4,1,Australia Day,353019.46,393770.15,395585.67
Bankstown,2017-01-27,26.2,20.0,22.78,5,0,,391600.2,353019.46,410115.17
Bankstown,2017-01-28,31.0,18.0,25.04,6,0,,411629.01,391600.2,351211.73
Bankstown,2017-01-29,27.7,22.2,24.74,7,0,,409373.45,411629.01,355342.97
Bankstown,2017-01-30,39.7,21.7,28.47,1,0,,511005.77,409373.45,452150.63
Bankstown,2017-01-31,39.6,21.1,26.82,2,0,,493023.53,511005.77,476340.79
Bankstown,2017-02-01,22.9,20.4,21.69,3,0,,412752.15,493023.53,393770.15
Bankstown,2017-02-02,25.1,21.9,23.11,4,0,,406042.94,412752.15,353019.46
Bankstown,2017-02-03,26.1,21.8,24.06,5,0,,413396.22,406042.94,391600.2
Bankstown,2017-02-04,32.1,21.3,26.05,6,0,,428640.5,413396.22,411629.01
Bankstown,2017-02-05,40.2,25.5,32.27,7,0,,470876.4,428640.5,409373.45
Bankstown,2017-02-06,30.9,23.2,27.08,1,0,,513142.28,470876.4,511005.77
Bankstown,2017-02-07,24.4,20.5,22.05,2,0,,428399.78,513142.28,493023.53
Bankstown,2017-02-08,27.0,21.3,23.9,3,0,,418975.87,428399.78,412752.15
Bankstown,2017-02-09,31.7,21.3,25.55,4,0,,466507.46,418975.87,406042.94
Bankstown,2017-02-10,42.9,21.3,29.54,5,0,,520266.28,466507.46,413396.22
Bankstown,2017-02-11,39.1,22.7,29.12,6,0,,508108.36,520266.28,428640.5
Bankstown,2017-02-12,29.5,21.3,24.54,7,0,,427508.5,508108.36,470876.4
Bankstown,2017-02-13,24.6,15.4,21.48,1,0,,390190.38,427508.5,513142.28
Bankstown,2017-02-14,22.5,18.1,20.23,2,0,,389588.27,390190.38,428399.78
Bankstown,2017-02-15,26.1,17.6,21.58,3,0,,392638.25,389588.27,418975.87
Bankstown,2017-02-16,32.0,16.8,24.74,4,0,,438491.57,392638.25,466507.46
Bankstown,2017-02-17,32.9,19.5,24.17,5,0,,434180.27,438491.57,520266.28
Bankstown,2017-02-18,26.6,21.2,23.28,6,0,,377628.26,434180.27,508108.36
Bankstown,2017-02-19,25.4,18.0,21.19,7,0,,340913.78,377628.26,427508.5
Bankstown,2017-02-20,27.3,15.1,20.49,1,0,,364474.76,340913.78,390190.38
Bankstown,2017-02-21,26.0,13.0,20.6,2,0,,378888.5,364474.76,389588.27
Bankstown,2017-02-22,27.7,16.1,23.08,3,0,,397994.89,378888.5,392638.25
Bankstown,2017-02-23,28.8,18.9,23.95,4,0,,421714.04,397994.89,438491.57
Bankstown,2017-02-24,26.4,18.6,22.69,5,0,,407465.24,421714.04,434180.27
Bankstown,2017-02-25,21.9,18.4,19.43,6,0,,346727.39,407465.24,377628.26
Bankstown,2017-02-26,24.3,17.8,20.47,7,0,,334188.2,346727.39,340913.78
Bankstown,2017-02-27,25.3,18.1,21.43,1,0,,383885.41,334188.2,364474.76
Bankstown,2017-02-28,26.5,18.7,21.9,2,0,,396477.33,383885.41,378888.5
Bankstown,2017-03-01,24.7,20.0,22.04,3,0,,396368.12,396477.33,397994.89
Bankstown,2017-03-02,26.0,19.6,22.28,4,0,,401312.95,396368.12,421714.04
Bankstown,2017-03-03,24.7,20.1,21.66,5,0,,393722.1,401312.95,407465.24
Bankstown,2017-03-04,23.4,19.9,21.17,6,0,,359080.56,393722.1,346727.39
Bankstown,2017-03-05,23.0,19.4,21.18,7,0,,344380.81,359080.56,334188.2
Bankstown,2017-03-06,24.6,18.6,21.58,1,0,,374012.82,344380.81,383885.41
Bankstown,2017-03-07,21.3,16.5,18.85,2,0,,373048.93,374012.82,396477.33
Bankstown,2017-03-08,21.8,16.0,18.27,3,0,,372892.71,373048.93,396368.12
Bankstown,2017-03-09,23.2,16.9,19.73,4,0,,374175.21,372892.71,401312.95
Bankstown,2017-03-10,24.2,16.2,19.77,5,0,,374756.58,374175.21,393722.1
Bankstown,2017-03-11,24.4,14.8,19.13,6,0,,343697.54,374756.58,359080.56
Bankstown,2017-03-12,27.8,13.8,21.16,7,0,,338662.32,343697.54,344380.81
Bankstown,2017-03-13,28.1,18.5,23.37,1,0,,385912.0,338662.32,374012.82
Bankstown,2017-03-14,25.4,20.1,22.48,2,0,,389833.71,385912.0,373048.93
Bankstown,2017-03-15,25.6,19.8,22.36,3,0,,391734.31,389833.71,372892.71
Bankstown,2017-03-16,26.0,20.7,22.77,4,0,,404016.92,391734.31,374175.21
Bankstown,2017-03-17,21.6,18.9,20.23,5,0,,380933.09,404016.92,374756.58
Bankstown,2017-03-18,23.9,19.1,21.95,6,0,,349282.22,380933.09,343697.54
Bankstown,2017-03-19,26.7,21.2,23.97,7,0,,359511.96,349282.22,338662.32
Bankstown,2017-03-20,28.4,22.1,24.46,1,0,,415141.9,359511.96,385912.0
Bankstown,2017-03-21,27.9,21.8,23.72,2,0,,422106.96,415141.9,389833.71
Bankstown,2017-03-22,31.3,20.4,23.99,3,0,,412379.94,422106.96,391734.31
Bankstown,2017-03-23,22.8,18.6,20.38,4,0,,389580.4,412379.94,404016.92
Bankstown,2017-03-24,23.3,18.1,19.79,5,0,,378380.62,389580.4,380933.09
Bankstown,2017-03-25,25.2,17.8,20.89,6,0,,354111.92,378380.62,349282.22
Bankstown,2017-03-26,28.5,17.0,22.21,7,0,,356888.84,354111.92,359511.96
Bankstown,2017-03-27,27.7,16.5,21.14,1,0,,400332.81,356888.84,415141.9
Bankstown,2017-03-28,23.3,20.4,21.8,2,0,,399133.87,400332.81,422106.96
Bankstown,2017-03-29,31.6,21.3,25.01,3,0,,426728.83,399133.87,412379.94
Bankstown,2017-03-30,24.7,15.1,19.91,4,0,,399069.09,426728.83,389580.4
Bankstown,2017-03-31,21.3,14.4,18.12,5,0,,364459.44,399069.09,378380.62
Bankstown,2017-04-01,24.6,12.8,19.16,6,0,,335050.95,364459.44,354111.92
Bankstown,2017-04-02,20.8,15.1,18.27,7,0,,328579.21,335050.95,356888.84
Bankstown,2017-04-03,19.5,14.0,15.73,1,0,,366231.07,328579.21,400332.81
Bankstown,2017-04-04,21.3,14.0,16.42,2,0,,369647.77,366231.07,399133.87
Bankstown,2017-04-05,21.8,12.1,16.61,3,0,,367787.38,369647.77,426728.83
Bankstown,2017-04-06,23.0,10.9,16.38,4,0,,369206.92,367787.38,399069.09
Bankstown,2017-04-07,23.6,10.2,16.99,5,0,,368023.49,369206.92,364459.44
Bankstown,2017-04-08,24.9,12.3,18.47,6,0,,339803.81,368023.49,335050.95
Bankstown,2017-04-09,27.2,12.3,18.43,7,0,,328994.52,339803.81,328579.21
Bankstown,2017-04-10,17.4,10.4,13.9,1,0,,358227.99,328994.52,366231.07
Bankstown,2017-04-11,23.0,12.0,17.69,2,0,,366919.82,358227.99,369647.77
Bankstown,2017-04-12,21.9,15.0,17.62,3,0,,367264.21,366919.82,367787.38
Bankstown,2017-04-13,21.8,14.7,17.42,4,0,,364268.31,367264.21,369206.92
Bankstown,2017-04-14,23.6,11.0,16.53,5,1,Good Friday,321663.06,364268.31,368023.49
Bankstown,2017-04-15,23.3,11.1,16.71,6,1,Easter Saturday,323113.27,321663.06,339803.81
Bankstown,2017-04-16,25.9,11.3,17.0,7,1,Easter Sunday,315069.03,323113.27,328994.52
Bankstown,2017-04-17,23.7,12.1,17.48,1,1,Easter Monday,324647.55,315069.03,358227.99
Bankstown,2017-04-18,24.3,13.4,18.21,2,0,,361476.48,324647.55,366919.82
Bankstown,2017-04-19,22.8,10.8,17.08,3,0,,364142.44,361476.48,367264.21
Bankstown,2017-04-20,23.8,13.0,17.33,4,0,,365176.28,364142.44,364268.31
Bankstown,2017-04-21,25.4,11.7,18.11,5,0,,363824.21,365176.28,321663.06
Bankstown,2017-04-22,24.0,15.5,19.01,6,0,,339739.8,363824.21,323113.27
Bankstown,2017-04-23,26.1,13.7,18.1,7,0,,323235.76,339739.8,315069.03
Bankstown,2017-04-24,25.1,13.2,18.86,1,0,,356664.5,323235.76,324647.55
Bankstown,2017-04-25,27.2,15.3,20.08,2,1,ANZAC Day,330848.86,356664.5,361476.48
Bankstown,2017-04-26,23.8,13.3,17.53,3,0,,364381.44,330848.86,364142.44
Bankstown,2017-04-27,18.6,11.4,15.06,4,0,,376069.45,364381.44,365176.28
Bankstown,2017-04-28,19.6,9.3,13.68,5,0,,376838.92,376069.45,363824.21
Bankstown,2017-04-29,21.3,8.4,14.26,6,0,,348686.43,376838.92,339739.8
Bankstown,2017-04-30,21.2,11.0,15.94,7,0,,336627.7,348686.43,323235.76
Bankstown,2017-05-01,24.4,9.4,15.95,1,0,,365528.34,336627.7,356664.5
Bankstown,2017-05-02,22.3,10.3,16.39,2,0,,375086.6,365528.34,330848.86
Bankstown,2017-05-03,18.2,13.2,15.37,3,0,,382285.24,375086.6,364381.44
Bankstown,2017-05-04,19.3,9.3,14.91,4,0,,386407.85,382285.24,376069.45
Bankstown,2017-05-05,22.5,9.7,15.85,5,0,,377574.12,386407.85,376838.92
Bankstown,2017-05-06,24.9,8.8,16.02,6,0,,347627.43,377574.12,348686.43
Bankstown,2017-05-07,20.8,9.0,13.58,7,0,,342806.53,347627.43,336627.7
Bankstown,2017-05-08,17.9,8.4,12.73,1,0,,389506.51,342806.53,365528.34
Bankstown,2017-05-09,18.9,8.0,13.13,2,0,,393921.24,389506.51,375086.6
Bankstown,2017-05-10,20.4,9.0,13.11,3,0,,391617.73,393921.24,382285.24
Bankstown,2017-05-11,19.9,8.2,13.34,4,0,,389646.99,391617.73,386407.85
Bankstown,2017-05-12,19.2,10.7,14.92,5,0,,390219.83,389646.99,377574.12
Bankstown,2017-05-13,21.8,10.7,16.19,6,0,,359406.99,390219.83,347627.43
Bankstown,2017-05-14,19.0,10.8,14.31,7,0,,354251.32,359406.99,342806.53
Bankstown,2017-05-15,19.9,11.7,15.01,1,0,,389556.23,354251.32,389506.51
Bankstown,2017-05-16,20.4,8.8,13.21,2,0,,395268.28,389556.23,393921.24
Bankstown,2017-05-17,20.8,5.9,12.19,3,0,,397257.54,395268.28,391617.73
Bankstown,2017-05-18,22.3,8.6,14.2,4,0,,389163.97,397257.54,389646.99
Bankstown,2017-05-19,20.1,11.3,16.39,5,0,,392714.34,389163.97,390219.83
Bankstown,2017-05-20,22.5,15.8,18.06,6,0,,354916.01,392714.34,359406.99
Bankstown,2017-05-21,20.9,11.0,15.35,7,0,,347204.59,354916.01,354251.32
Bankstown,2017-05-22,21.0,9.9,14.61,1,0,,382793.04,347204.59,389556.23
Bankstown,2017-05-23,23.6,12.3,16.29,2,0,,387356.59,382793.04,395268.28
Bankstown,2017-05-24,22.0,11.0,15.38,3,0,,375975.47,387356.59,397257.54
Bankstown,2017-05-25,21.0,9.0,13.22,4,0,,391329.12,375975.47,389163.97
Bankstown,2017-05-26,19.3,6.3,12.78,5,0,,393244.98,391329.12,392714.34
Bankstown,2017-05-27,20.9,9.8,13.95,6,0,,363959.71,393244.98,354916.01
Bankstown,2017-05-28,22.8,7.1,14.78,7,0,,354771.57,363959.71,347204.59
Bankstown,2017-05-29,16.7,7.1,12.29,1,0,,400851.17,354771.57,382793.04
Bankstown,2017-05-30,17.3,2.5,10.15,2,0,,429636.97,400851.17,387356.59
Bankstown,2017-05-31,15.3,6.9,11.68,3,0,,434303.93,429636.97,375975.47
Bankstown,2017-06-01,16.6,7.0,11.31,4,0,,435866.53,434303.93,391329.12
Bankstown,2017-06-02,16.6,7.3,12.88,5,0,,429470.08,435866.53,393244.98
Bankstown,2017-06-03,17.3,10.2,14.02,6,0,,395860.37,429470.08,363959.71
Bankstown,2017-06-04,18.0,8.5,12.18,7,0,,383139.24,395860.37,354771.57
Bankstown,2017-06-05,19.0,5.6,10.13,1,0,,420411.17,383139.24,400851.17
Bankstown,2017-06-06,16.7,4.6,10.03,2,0,,438475.03,420411.17,429636.97
Bankstown,2017-06-07,15.6,9.2,12.57,3,0,,455558.56,438475.03,434303.93
Bankstown,2017-06-08,17.6,10.6,14.11,4,0,,431323.67,455558.56,435866.53
Bankstown,2017-06-09,18.3,8.9,14.08,5,0,,421951.13,431323.67,429470.08
Bankstown,2017-06-10,17.1,13.4,14.98,6,0,,393962.48,421951.13,395860.37
Bankstown,2017-06-11,17.5,9.9,13.53,7,0,,379360.05,393962.48,383139.24
Bankstown,2017-06-12,19.2,9.7,13.55,1,1,Queen's Birthday,378804.03,379360.05,420411.17
Bankstown,2017-06-13,17.7,7.8,13.15,2,0,,419896.03,378804.03,438475.03
Bankstown,2017-06-14,18.9,9.8,14.2,3,0,,418381.26,419896.03,455558.56
Bankstown,2017-06-15,19.6,8.6,12.68,4,0,,420786.3,418381.26,431323.67
Bankstown,2017-06-16,17.3,10.7,13.47,5,0,,426499.39,420786.3,421951.13
Bankstown,2017-06-17,18.8,12.4,14.86,6,0,,395045.08,426499.39,393962.48
Bankstown,2017-06-18,17.5,10.3,13.48,7,0,,387569.4,395045.08,379360.05
Bankstown,2017-06-19,18.2,9.6,13.91,1,0,,421760.44,387569.4,378804.03
Bankstown,2017-06-20,18.6,8.0,12.35,2,0,,426510.76,421760.44,419896.03
Bankstown,2017-06-21,18.3,5.7,11.53,3,0,,433390.42,426510.76,418381.26
Bankstown,2017-06-22,17.9,7.8,11.68,4,0,,428249.25,433390.42,420786.3
Bankstown,2017-06-23,17.3,6.5,9.75,5,0,,432617.33,428249.25,426499.39
Bankstown,2017-06-24,18.8,5.7,10.92,6,0,,395215.25,432617.33,395045.08
Bankstown,2017-06-25,18.3,3.3,9.6,7,0,,391500.28,395215.25,387569.4
Bankstown,2017-06-26,18.4,3.2,9.3,1,0,,430903.48,391500.28,421760.44
Bankstown,2017-06-27,15.7,5.4,10.06,2,0,,455314.41,430903.48,426510.76
Bankstown,2017-06-28,14.4,9.2,11.22,3,0,,452517.85,455314.41,433390.42
Bankstown,2017-06-29,16.6,7.5,10.7,4,0,,446836.22,452517.85,428249.25
Bankstown,2017-06-30,15.2,5.1,9.85,5,0,,446016.06,446836.22,432617.33
Bankstown,2017-07-01,15.1,4.1,8.5,6,0,,428560.56,446016.06,395215.25
Bankstown,2017-07-02,16.6,2.7,7.5,7,0,,417580.11,428560.56,391500.28
Bankstown,2017-07-03,14.4,2.3,7.92,1,0,,464264.16,417580.11,430903.48
Bankstown,2017-07-04,21.6,6.1,12.51,2,0,,419827.49,464264.16,455314.41
Bankstown,2017-07-05,19.6,6.9,13.82,3,0,,416419.21,419827.49,452517.85
Bankstown,2017-07-06,17.5,4.5,9.83,4,0,,424549.0,416419.21,446836.22
Bankstown,2017-07-07,18.1,2.3,7.84,5,0,,436053.92,424549.0,446016.06
Bankstown,2017-07-08,17.3,1.4,8.49,6,0,,409381.95,436053.92,428560.56
Bankstown,2017-07-09,17.2,1.9,8.46,7,0,,399377.73,409381.95,417580.11
Bankstown,2017-07-10,17.0,1.3,8.76,1,0,,441356.27,399377.73,464264.16
Bankstown,2017-07-11,16.8,4.3,10.33,2,0,,445686.69,441356.27,419827.49
Bankstown,2017-07-12,14.7,5.8,9.62,3,0,,448760.7,445686.69,416419.21
Bankstown,2017-07-13,17.1,6.1,10.31,4,0,,437426.83,448760.7,424549.0
Bankstown,2017-07-14,19.8,3.5,10.4,5,0,,429753.98,437426.83,436053.92
Bankstown,2017-07-15,18.2,8.7,12.74,6,0,,399713.34,429753.98,409381.95
Bankstown,2017-07-16,17.0,4.1,9.8,7,0,,397703.1,399713.34,399377.73
Bankstown,2017-07-17,18.1,3.6,9.51,1,0,,435123.51,397703.1,441356.27
Bankstown,2017-07-18,22.8,3.4,12.13,2,0,,419514.22,435123.51,445686.69
Bankstown,2017-07-19,16.8,6.5,12.42,3,0,,425040.27,419514.22,448760.7
Bankstown,2017-07-20,16.3,4.5,10.94,4,0,,433384.72,425040.27,437426.83
Bankstown,2017-07-21,16.2,4.8,9.85,5,0,,443983.03,433384.72,429753.98
Bankstown,2017-07-22,18.2,3.0,8.55,6,0,,416763.03,443983.03,399713.34
Bankstown,2017-07-23,21.6,1.7,12.07,7,0,,388473.34,416763.03,397703.1
Bankstown,2017-07-24,19.8,4.2,12.69,1,0,,412556.08,388473.34,435123.51
Bankstown,2017-07-25,20.0,2.6,11.03,2,0,,421401.81,412556.08,419514.22
Bankstown,2017-07-26,20.8,6.4,16.02,3,0,,402781.39,421401.81,425040.27
Bankstown,2017-07-27,18.0,5.3,11.16,4,0,,421935.34,402781.39,433384.72
Bankstown,2017-07-28,18.6,5.8,13.0,5,0,,413280.72,421935.34,443983.03
Bankstown,2017-07-29,20.0,3.2,10.21,6,0,,389993.59,413280.72,416763.03
Bankstown,2017-07-30,25.7,4.9,17.11,7,0,,359906.61,389993.59,388473.34
Bankstown,2017-07-31,16.4,10.1,13.39,1,0,,415016.01,359906.61,412556.08
Bankstown,2017-08-01,16.7,6.4,11.41,2,0,,421092.37,415016.01,421401.81
Bankstown,2017-08-02,16.8,2.6,10.24,3,0,,426861.42,421092.37,402781.39
Bankstown,2017-08-03,16.4,8.6,12.64,4,0,,427846.2,426861.42,421935.34
Bankstown,2017-08-04,17.0,8.5,12.39,5,0,,413889.54,427846.2,413280.72
Bankstown,2017-08-05,19.2,5.7,13.35,6,0,,378084.45,413889.54,389993.59
Bankstown,2017-08-06,20.6,10.2,15.44,7,0,,362514.52,378084.45,359906.61
Bankstown,2017-08-07,17.7,10.6,14.03,1,0,,406878.42,362514.52,415016.01
Bankstown,2017-08-08,18.1,6.0,12.45,2,0,,413526.38,406878.42,421092.37
Bankstown,2017-08-09,18.9,5.6,11.87,3,0,,411655.49,413526.38,426861.42
Bankstown,2017-08-10,23.4,4.9,14.18,4,0,,400273.21,411655.49,427846.2
Bankstown,2017-08-11,25.1,10.6,17.7,5,0,,377758.84,400273.21,413889.54
Bankstown,2017-08-12,21.1,6.5,14.0,6,0,,357418.76,377758.84,378084.45
Bankstown,2017-08-13,19.6,7.3,12.6,7,0,,351631.35,357418.76,362514.52
Bankstown,2017-08-14,22.2,5.0,11.48,1,0,,390258.88,351631.35,406878.42
Bankstown,2017-08-15,22.3,5.8,13.78,2,0,,401332.1,390258.88,413526.38
Bankstown,2017-08-16,21.2,13.4,19.16,3,0,,372194.04,401332.1,411655.49
Bankstown,2017-08-17,21.8,4.3,14.65,4,0,,375066.29,372194.04,400273.21
Bankstown,2017-08-18,16.7,11.0,13.7,5,0,,393832.46,375066.29,377758.84
Bankstown,2017-08-19,15.4,8.5,11.7,6,0,,385332.05,393832.46,357418.76
Bankstown,2017-08-20,15.0,4.7,9.86,7,0,,384228.8,385332.05,351631.35
Bankstown,2017-08-21,16.3,6.7,11.14,1,0,,431724.46,384228.8,390258.88
Bankstown,2017-08-22,18.4,5.0,11.62,2,0,,405479.29,431724.46,401332.1
Bankstown,2017-08-23,21.2,4.2,11.67,3,0,,399124.87,405479.29,372194.04
Bankstown,2017-08-24,17.1,4.3,11.52,4,0,,409358.76,399124.87,375066.29
Bankstown,2017-08-25,16.1,8.1,12.14,5,0,,408076.87,409358.76,393832.46
Bankstown,2017-08-26,19.8,6.2,11.52,6,0,,373043.91,408076.87,385332.05
Bankstown,2017-08-27,18.6,4.3,9.41,7,0,,375524.41,373043.91,384228.8
Bankstown,2017-08-28,14.5,6.5,10.71,1,0,,426977.02,375524.41,431724.46
Bankstown,2017-08-29,15.5,6.1,10.19,2,0,,428604.45,426977.02,405479.29
Bankstown,2017-08-30,17.0,5.1,12.05,3,0,,415132.28,428604.45,399124.87
Bankstown,2017-08-31,15.6,6.9,11.92,4,0,,416418.61,415132.28,409358.76
Bankstown,2017-09-01,16.7,6.4,11.07,5,0,,409805.9,416418.61,408076.87
Bankstown,2017-09-02,21.7,4.7,12.13,6,0,,370263.95,409805.9,373043.91
Bankstown,2017-09-03,28.6,6.7,17.51,7,0,,339634.01,370263.95,375524.41
Bankstown,2017-09-04,21.5,8.2,16.85,1,0,,370636.96,339634.01,426977.02
Bankstown,2017-09-05,17.9,7.1,14.21,2,0,,389584.27,370636.96,428604.45
Bankstown,2017-09-06,18.9,8.4,14.44,3,0,,388831.97,389584.27,415132.28
Bankstown,2017-09-07,20.2,5.7,13.6,4,0,,383206.53,388831.97,416418.61
Bankstown,2017-09-08,19.6,9.5,14.98,5,0,,384832.87,383206.53,409805.9
Bankstown,2017-09-09,17.6,7.4,11.94,6,0,,362540.13,384832.87,370263.95
Bankstown,2017-09-10,18.2,4.7,11.52,7,0,,352083.27,362540.13,339634.01
Bankstown,2017-09-11,23.5,5.6,13.7,1,0,,374469.05,352083.27,370636.96
Bankstown,2017-09-12,27.8,7.3,16.2,2,0,,372104.64,374469.05,389584.27
Bankstown,2017-09-13,33.2,9.6,23.88,3,0,,364044.11,372104.64,388831.97
Bankstown,2017-09-14,18.7,11.4,14.08,4,0,,369086.7,364044.11,383206.53
Bankstown,2017-09-15,22.0,7.3,15.04,5,0,,370831.97,369086.7,384832.87
Bankstown,2017-09-16,22.4,8.6,14.84,6,0,,348054.93,370831.97,362540.13
Bankstown,2017-09-17,16.7,5.4,11.14,7,0,,344252.09,348054.93,352083.27
Bankstown,2017-09-18,24.6,4.8,13.74,1,0,,368543.66,344252.09,374469.05
Bankstown,2017-09-19,23.7,8.2,15.99,2,0,,365607.53,368543.66,372104.64
Bankstown,2017-09-20,19.3,8.3,13.4,3,0,,371492.73,365607.53,364044.11
Bankstown,2017-09-21,23.9,7.6,15.02,4,0,,366640.32,371492.73,369086.7
Bankstown,2017-09-22,29.8,8.6,18.56,5,0,,363772.42,366640.32,370831.97
Bankstown,2017-09-23,34.0,9.6,22.29,6,0,,338222.2,363772.42,348054.93
Bankstown,2017-09-24,28.9,11.8,24.87,7,0,,326711.78,338222.2,344252.09
Bankstown,2017-09-25,26.4,9.0,18.48,1,0,,352560.05,326711.78,368543.66
Bankstown,2017-09-26,20.5,6.8,14.6,2,0,,361683.13,352560.05,365607.53
Bankstown,2017-09-27,22.2,13.4,18.31,3,0,,366820.02,361683.13,371492.73
Bankstown,2017-09-28,25.1,11.8,20.38,4,0,,361909.37,366820.02,366640.32
Bankstown,2017-09-29,25.5,9.3,18.02,5,0,,352003.11,361909.37,363772.42
Bankstown,2017-09-30,23.6,11.1,17.93,6,0,,323763.49,352003.11,338222.2
Bankstown,2017-10-01,22.7,8.3,14.95,7,0,,312085.08,323763.49,326711.78
Bankstown,2017-10-02,23.5,8.8,16.94,1,1,Labour Day,320596.73,312085.08,352560.05
Bankstown,2017-10-03,23.0,14.0,18.07,2,0,,360373.8,320596.73,361683.13
Bankstown,2017-10-04,21.5,12.8,17.2,3,0,,358362.1,360373.8,366820.02
Bankstown,2017-10-05,26.0,14.4,19.88,4,0,,365615.1,358362.1,361909.37
Bankstown,2017-10-06,20.4,15.3,17.71,5,0,,357000.09,365615.1,352003.11
Bankstown,2017-10-07,19.9,12.8,16.01,6,0,,325904.09,357000.09,323763.49
Bankstown,2017-10-08,21.3,10.6,16.59,7,0,,326063.22,325904.09,312085.08
Bankstown,2017-10-09,32.5,14.6,21.74,1,0,,363852.68,326063.22,320596.73
Bankstown,2017-10-10,22.0,15.4,18.53,2,0,,359655.22,363852.68,360373.8
Bankstown,2017-10-11,24.2,18.1,20.15,3,0,,361548.13,359655.22,358362.1
Bankstown,2017-10-12,28.2,14.4,21.42,4,0,,357779.73,361548.13,365615.1
Bankstown,2017-10-13,24.1,11.5,17.13,5,0,,357093.31,357779.73,357000.09
Bankstown,2017-10-14,18.3,16.1,17.57,6,0,,333792.32,357093.31,325904.09
Bankstown,2017-10-15,21.5,14.6,18.51,7,0,,319954.86,333792.32,326063.22
Bankstown,2017-10-16,23.7,11.7,17.37,1,0,,354976.6,319954.86,363852.68
Bankstown,2017-10-17,23.6,14.3,19.36,2,0,,363006.46,354976.6,359655.22
Bankstown,2017-10-18,24.0,14.7,20.75,3,0,,365278.08,363006.46,361548.13
Bankstown,2017-10-19,26.4,13.6,21.01,4,0,,370607.27,365278.08,357779.73
Bankstown,2017-10-20,20.0,14.5,16.97,5,0,,368645.15,370607.27,357093.31
Bankstown,2017-10-21,19.0,12.2,15.45,6,0,,329405.4,368645.15,333792.32
Bankstown,2017-10-22,21.1,11.7,15.67,7,0,,322462.63,329405.4,319954.86
Bankstown,2017-10-23,20.6,10.6,16.22,1,0,,352435.67,322462.63,354976.6
Bankstown,2017-10-24,27.2,10.5,19.07,2,0,,359498.48,352435.67,363006.46
Bankstown,2017-10-25,30.6,15.7,21.64,3,0,,367376.03,359498.48,365278.08
Bankstown,2017-10-26,22.6,14.6,19.08,4,0,,363484.66,367376.03,370607.27
Bankstown,2017-10-27,22.0,14.8,18.9,5,0,,359663.77,363484.66,368645.15
Bankstown,2017-10-28,27.0,16.2,21.26,6,0,,335579.38,359663.77,329405.4
Bankstown,2017-10-29,30.5,17.3,23.82,7,0,,334998.66,335579.38,322462.63
Bankstown,2017-10-30,34.8,15.5,24.26,1,0,,382575.39,334998.66,352435.67
Bankstown,2017-10-31,19.3,12.5,16.48,2,0,,354128.14,382575.39,359498.48
Bankstown,2017-11-01,20.4,12.1,16.76,3,0,,353439.07,354128.14,367376.03
Bankstown,2017-11-02,21.1,13.4,18.06,4,0,,357332.84,353439.07,363484.66
Bankstown,2017-11-03,29.3,16.2,21.27,5,0,,363442.6,357332.84,359663.77
Bankstown,2017-11-04,16.8,14.9,15.73,6,0,,334916.15,363442.6,335579.38
Bankstown,2017-11-05,17.8,14.3,15.8,7,0,,330468.26,334916.15,334998.66
Bankstown,2017-11-06,24.8,14.4,18.98,1,0,,363423.17,330468.26,382575.39
Bankstown,2017-11-07,19.3,11.6,16.8,2,0,,356152.29,363423.17,354128.14
Bankstown,2017-11-08,19.4,11.2,16.0,3,0,,357117.42,356152.29,353439.07
Bankstown,2017-11-09,22.4,9.9,16.48,4,0,,358617.24,357117.42,357332.84
Bankstown,2017-11-10,22.8,11.2,17.49,5,0,,358662.23,358617.24,363442.6
Bankstown,2017-11-11,23.0,11.6,17.95,6,0,,334792.93,358662.23,334916.15
Bankstown,2017-11-12,22.1,13.0,18.0,7,0,,322836.42,334792.93,330468.26
Bankstown,2017-11-13,22.2,14.9,18.28,1,0,,362591.02,322836.42,363423.17
Bankstown,2017-11-14,22.7,10.9,17.91,2,0,,362698.19,362591.02,356152.29
Bankstown,2017-11-15,24.8,12.8,20.14,3,0,,369439.1,362698.19,357117.42
Bankstown,2017-11-16,24.8,14.1,20.3,4,0,,372866.2,369439.1,358617.24
Bankstown,2017-11-17,24.8,18.6,21.4,5,0,,370833.21,372866.2,358662.23
Bankstown,2017-11-18,23.1,16.8,19.98,6,0,,339611.41,370833.21,334792.93
Bankstown,2017-11-19,23.9,14.3,19.78,7,0,,324478.96,339611.41,322836.42
Bankstown,2017-11-20,21.8,15.6,18.84,1,0,,361463.7,324478.96,362591.02
Bankstown,2017-11-21,22.8,14.3,18.99,2,0,,365859.33,361463.7,362698.19
Bankstown,2017-11-22,23.8,15.6,18.89,3,0,,366338.45,365859.33,369439.1
Bankstown,2017-11-23,25.5,14.6,20.04,4,0,,374808.38,366338.45,372866.2
Bankstown,2017-11-24,29.2,15.1,22.04,5,0,,381024.31,374808.38,370833.21
Bankstown,2017-11-25,27.1,15.3,21.48,6,0,,355361.74,381024.31,339611.41
Bankstown,2017-11-26,27.4,16.7,21.93,7,0,,350635.74,355361.74,324478.96
Bankstown,2017-11-27,26.6,19.2,22.3,1,0,,387787.46,350635.74,361463.7
Bankstown,2017-11-28,25.4,17.3,22.18,2,0,,394499.76,387787.46,365859.33
Bankstown,2017-11-29,27.1,18.8,22.51,3,0,,398417.99,394499.76,366338.45
Bankstown,2017-11-30,27.5,18.7,22.95,4,0,,407883.89,398417.99,374808.38
Bankstown,2017-12-01,28.7,19.5,24.13,5,0,,413540.88,407883.89,381024.31
Bankstown,2017-12-02,30.3,17.9,21.83,6,0,,356566.43,413540.88,355361.74
Bankstown,2017-12-03,28.3,14.5,21.59,7,0,,328085.48,356566.43,350635.74
Bankstown,2017-12-04,18.5,15.6,17.02,1,0,,368052.91,328085.48,387787.46
Bankstown,2017-12-05,23.4,16.3,19.24,2,0,,366983.77,368052.91,394499.76
Bankstown,2017-12-06,24.1,15.5,20.28,3,0,,365276.73,366983.77,398417.99
Bankstown,2017-12-07,31.3,13.6,23.98,4,0,,382557.56,365276.73,407883.89
Bankstown,2017-12-08,29.0,18.4,21.95,5,0,,377604.71,382557.56,413540.88
Bankstown,2017-12-09,24.2,16.5,20.22,6,0,,342530.36,377604.71,356566.43
Bankstown,2017-12-10,24.9,14.7,20.59,7,0,,338146.74,342530.36,328085.48
Bankstown,2017-12-11,27.3,15.5,21.97,1,0,,389851.62,338146.74,368052.91
Bankstown,2017-12-12,26.8,20.2,23.23,2,0,,406974.5,389851.62,366983.77
Bankstown,2017-12-13,29.3,17.2,23.92,3,0,,431528.04,406974.5,365276.73
Bankstown,2017-12-14,39.0,19.5,27.88,4,0,,466765.06,431528.04,382557.56
Bankstown,2017-12-15,25.7,20.9,22.9,5,0,,419321.27,466765.06,377604.71
Bankstown,2017-12-16,32.8,21.9,25.66,6,0,,411618.73,419321.27,342530.36
Bankstown,2017-12-17,25.5,21.1,22.7,7,0,,375948.01,411618.73,338146.74
Bankstown,2017-12-18,30.1,21.3,24.75,1,0,,440999.13,375948.01,389851.62
Bankstown,2017-12-19,33.7,20.9,27.3,2,0,,485173.69,440999.13,406974.5
Bankstown,2017-12-20,38.7,21.4,26.04,3,0,,468923.85,485173.69,431528.04
Bankstown,2017-12-21,22.7,20.8,21.78,4,0,,391669.49,468923.85,466765.06
Bankstown,2017-12-22,26.8,18.8,22.62,5,0,,386385.66,391669.49,419321.27
Bankstown,2017-12-23,31.6,18.0,24.41,6,0,,385043.34,386385.66,411618.73
Bankstown,2017-12-24,39.8,19.2,25.74,7,0,,387965.4,385043.34,375948.01
Bankstown,2017-12-25,21.4,18.5,20.39,1,1,Christmas Day,302300.41,387965.4,440999.13
Bankstown,2017-12-26,23.4,19.0,20.83,2,1,Boxing Day,311606.2,302300.41,485173.69
Bankstown,2017-12-27,26.4,18.2,22.18,3,0,,353967.95,311606.2,468923.85
Bankstown,2017-12-28,29.1,16.5,23.14,4,0,,385900.0,353967.95,391669.49
Bankstown,2017-12-29,32.1,19.1,25.37,5,0,,411636.83,385900.0,386385.66
Bankstown,2017-12-30,34.7,22.0,25.59,6,0,,379656.38,411636.83,385043.34
Bankstown,2017-12-31,26.4,21.0,23.25,7,0,,342930.54,379656.38,387965.4
Bankstown,2018-01-01,28.1,19.5,23.83,1,1,New Year's Day,353567.49,342930.54,302300.41
Bankstown,2018-01-02,27.7,18.2,22.83,2,0,,378965.84,353567.49,311606.2
Bankstown,2018-01-03,23.5,19.8,21.23,3,0,,360065.93,378965.84,353967.95
Bankstown,2018-01-04,23.3,16.3,19.78,4,0,,362772.07,360065.93,385900.0
Bankstown,2018-01-05,28.0,14.2,21.47,5,0,,385022.79,362772.07,411636.83
Bankstown,2018-01-06,31.0,17.9,25.39,6,0,,404557.93,385022.79,379656.38
Bankstown,2018-01-07,43.9,20.1,28.68,7,0,,445401.38,404557.93,342930.54
Bankstown,2018-01-08,35.2,22.1,26.73,1,0,,457780.7,445401.38,353567.49
Bankstown,2018-01-09,32.0,20.2,23.85,2,0,,425439.99,457780.7,378965.84
Bankstown,2018-01-10,23.5,19.1,21.16,3,0,,382741.8,425439.99,360065.93
Bankstown,2018-01-11,24.3,17.5,21.76,4,0,,393359.12,382741.8,362772.07
Bankstown,2018-01-12,29.2,19.3,24.26,5,0,,436628.85,393359.12,385022.79
Bankstown,2018-01-13,34.2,18.4,26.43,6,0,,396547.46,436628.85,404557.93
Bankstown,2018-01-14,23.2,14.2,18.49,7,0,,324557.19,396547.46,445401.38
Bankstown,2018-01-15,24.6,15.7,20.58,1,0,,361764.59,324557.19,457780.7
Bankstown,2018-01-16,22.2,17.7,20.06,2,0,,364142.94,361764.59,425439.99
Bankstown,2018-01-17,23.2,16.2,19.8,3,0,,364469.53,364142.94,382741.8
Bankstown,2018-01-18,29.6,12.3,20.72,4,0,,387246.97,364469.53,393359.12
Bankstown,2018-01-19,33.2,13.9,22.69,5,0,,415263.41,387246.97,436628.85
Bankstown,2018-01-20,35.5,13.4,22.14,6,0,,390108.36,415263.41,396547.46
Bankstown,2018-01-21,29.6,16.9,23.24,7,0,,395608.04,390108.36,324557.19
Bankstown,2018-01-22,35.5,17.9,25.2,1,0,,455408.88,395608.04,361764.59
Bankstown,2018-01-23,28.3,21.3,24.78,2,0,,438473.55,455408.88,364142.94
Bankstown,2018-01-24,30.8,20.7,25.47,3,0,,449363.31,438473.55,364469.53
Bankstown,2018-01-25,28.9,21.8,24.59,4,0,,433754.4,449363.31,387246.97
Bankstown,2018-01-26,28.3,23.7,25.29,5,1,Australia Day,401323.41,433754.4,415263.41
Bankstown,2018-01-27,29.6,24.0,26.12,6,0,,413950.03,401323.41,390108.36
Bankstown,2018-01-28,28.6,23.7,25.67,7,0,,401230.69,413950.03,395608.04
Bankstown,2018-01-29,29.5,22.3,25.62,1,0,,444435.24,401230.69,455408.88
Bankstown,2018-01-30,30.4,19.2,24.81,2,0,,447901.93,444435.24,438473.55
Bankstown,2018-01-31,21.4,17.8,19.67,3,0,,375136.46,447901.93,449363.31
Bankstown,2018-02-01,22.9,16.1,18.85,4,0,,362446.12,375136.46,433754.4
Bankstown,2018-02-02,22.8,15.1,18.74,5,0,,362807.38,362446.12,401323.41
Bankstown,2018-02-03,24.0,16.0,18.96,6,0,,336926.45,362807.38,413950.03
Bankstown,2018-02-04,24.0,15.3,19.89,7,0,,333811.02,336926.45,401230.69
Bankstown,2018-02-05,26.5,14.4,20.94,1,0,,381569.33,333811.02,444435.24
Bankstown,2018-02-06,27.5,17.3,22.35,2,0,,394793.45,381569.33,447901.93
Bankstown,2018-02-07,27.5,17.6,22.76,3,0,,404239.81,394793.45,375136.46
Bankstown,2018-02-08,29.5,16.1,23.37,4,0,,424274.62,404239.81,362446.12
Bankstown,2018-02-09,28.3,19.7,23.8,5,0,,436270.93,424274.62,362807.38
Bankstown,2018-02-10,29.8,20.6,24.46,6,0,,409072.34,436270.93,336926.45
Bankstown,2018-02-11,28.1,20.9,23.53,7,0,,375598.02,409072.34,333811.02
Bankstown,2018-02-12,28.2,19.4,24.22,1,0,,422938.97,375598.02,381569.33
Bankstown,2018-02-13,27.8,21.5,24.68,2,0,,434655.27,422938.97,394793.45
Bankstown,2018-02-14,38.5,21.8,27.73,3,0,,467799.64,434655.27,404239.81
Bankstown,2018-02-15,27.6,21.2,23.88,4,0,,433737.69,467799.64,424274.62
Bankstown,2018-02-16,29.7,16.5,21.89,5,0,,411972.44,433737.69,436270.93
Bankstown,2018-02-17,27.8,20.4,24.5,6,0,,383074.17,411972.44,409072.34
Bankstown,2018-02-18,29.5,19.5,24.68,7,0,,396007.69,383074.17,375598.02
Bankstown,2018-02-19,27.5,19.6,23.55,1,0,,416661.16,396007.69,422938.97
Bankstown,2018-02-20,22.3,19.0,20.92,2,0,,375054.47,416661.16,434655.27
Bankstown,2018-02-21,24.3,17.1,20.05,3,0,,376290.27,375054.47,467799.64
Bankstown,2018-02-22,25.9,17.0,21.72,4,0,,387550.71,376290.27,433737.69
Bankstown,2018-02-23,27.7,16.0,22.62,5,0,,407539.46,387550.71,411972.44
Bankstown,2018-02-24,33.2,19.4,26.09,6,0,,411758.2,407539.46,383074.17
Bankstown,2018-02-25,24.4,17.0,20.21,7,0,,361249.57,411758.2,396007.69
Bankstown,2018-02-26,22.1,16.6,18.95,1,0,,370850.96,361249.57,416661.16
Bankstown,2018-02-27,23.9,14.5,19.15,2,0,,373321.74,370850.96,375054.47
Bankstown,2018-02-28,29.0,12.9,22.06,3,0,,390054.91,373321.74,376290.27
Bankstown,2018-03-01,24.5,20.0,22.29,4,0,,392970.71,390054.91,387550.71
Bankstown,2018-03-02,25.0,18.8,21.45,5,0,,385965.2,392970.71,407539.46
Bankstown,2018-03-03,28.1,18.2,23.1,6,0,,379063.43,385965.2,411758.2
Bankstown,2018-03-04,24.8,19.6,22.48,7,0,,360733.16,379063.43,361249.57
Bankstown,2018-03-05,24.0,18.0,21.15,1,0,,387933.87,360733.16,370850.96
Bankstown,2018-03-06,23.9,17.7,20.04,2,0,,372103.24,387933.87,373321.74
Bankstown,2018-03-07,24.0,17.1,20.62,3,0,,370909.09,372103.24,390054.91
Bankstown,2018-03-08,23.7,15.3,20.24,4,0,,374237.09,370909.09,392970.71
Bankstown,2018-03-09,24.3,19.6,21.74,5,0,,375107.27,374237.09,385965.2
Bankstown,2018-03-10,26.0,17.1,20.88,6,0,,344822.89,375107.27,379063.43
Bankstown,2018-03-11,27.9,14.4,20.8,7,0,,341638.32,344822.89,360733.16
Bankstown,2018-03-12,26.8,14.4,20.97,1,0,,375827.1,341638.32,387933.87
Bankstown,2018-03-13,21.4,18.9,19.82,2,0,,381320.57,375827.1,372103.24
Bankstown,2018-03-14,26.3,18.3,21.28,3,0,,389955.47,381320.57,370909.09
Bankstown,2018-03-15,33.6,18.3,24.3,4,0,,410133.48,389955.47,374237.09
Bankstown,2018-03-16,24.8,21.4,22.83,5,0,,393195.01,410133.48,375107.27
Bankstown,2018-03-17,33.2,18.9,24.49,6,0,,385026.22,393195.01,344822.89
Bankstown,2018-03-18,38.8,17.4,28.88,7,0,,407756.29,385026.22,341638.32
Bankstown,2018-03-19,30.8,20.0,24.34,1,0,,423183.74,407756.29,375827.1
Bankstown,2018-03-20,27.2,15.1,22.18,2,0,,397353.12,423183.74,381320.57
Bankstown,2018-03-21,21.0,17.7,19.46,3,0,,373013.34,397353.12,389955.47
Bankstown,2018-03-22,22.3,17.7,19.21,4,0,,368638.66,373013.34,410133.48
Bankstown,2018-03-23,24.2,16.4,20.8,5,0,,368197.31,368638.66,393195.01
Bankstown,2018-03-24,26.0,15.0,20.17,6,0,,344413.91,368197.31,385026.22
Bankstown,2018-03-25,32.0,17.7,23.67,7,0,,345234.52,344413.91,407756.29
Bankstown,2018-03-26,25.8,16.1,21.5,1,0,,359060.84,345234.52,423183.74
Bankstown,2018-03-27,23.9,11.1,18.04,2,0,,361632.79,359060.84,397353.12
Bankstown,2018-03-28,27.3,14.3,21.01,3,0,,377739.6,361632.79,373013.34
Bankstown,2018-03-29,27.5,16.1,21.29,4,0,,388979.48,377739.6,368638.66
Bankstown,2018-03-30,29.1,17.9,22.69,5,1,Good Friday,350571.05,388979.48,368197.31
Bankstown,2018-03-31,24.0,18.6,21.77,6,1,Easter Saturday,339141.15,350571.05,344413.91
Bankstown,2018-04-01,30.0,16.5,22.61,7,1,Easter Sunday,339901.61,339141.15,345234.52
Bankstown,2018-04-02,33.1,17.6,23.23,1,1,Easter Monday,351877.15,339901.61,359060.84
Bankstown,2018-04-03,23.9,19.7,21.48,2,0,,373863.26,351877.15,361632.79
Bankstown,2018-04-04,24.0,18.2,21.43,3,0,,377322.48,373863.26,377739.6
Bankstown,2018-04-05,27.9,16.2,21.71,4,0,,389764.39,377322.48,388979.48
Bankstown,2018-04-06,25.4,16.4,21.25,5,0,,381117.17,389764.39,350571.05
Bankstown,2018-04-07,28.3,16.7,22.35,6,0,,357629.22,381117.17,339141.15
Bankstown,2018-04-08,28.0,17.8,21.7,7,0,,347219.18,357629.22,339901.61
Bankstown,2018-04-09,35.2,16.8,22.29,1,0,,383752.18,347219.18,351877.15
Bankstown,2018-04-10,24.3,17.8,20.83,2,0,,378186.23,383752.18,373863.26
Bankstown,2018-04-11,28.4,15.9,22.15,3,0,,388730.4,378186.23,377322.48
Bankstown,2018-04-12,33.6,16.0,24.32,4,0,,401529.62,388730.4,389764.39
Bankstown,2018-04-13,31.9,21.2,26.71,5,0,,402056.53,401529.62,381117.17
Bankstown,2018-04-14,30.5,21.1,26.01,6,0,,353764.68,402056.53,357629.22
Bankstown,2018-04-15,24.4,15.9,20.83,7,0,,317500.08,353764.68,347219.18
Bankstown,2018-04-16,29.2,12.7,21.47,1,0,,364073.36,317500.08,383752.18
Bankstown,2018-04-17,21.8,14.9,18.8,2,0,,367149.85,364073.36,378186.23
Bankstown,2018-04-18,23.7,13.6,18.83,3,0,,366170.39,367149.85,388730.4
Bankstown,2018-04-19,26.1,11.9,18.33,4,0,,368890.77,366170.39,401529.62
Bankstown,2018-04-20,23.8,13.7,18.89,5,0,,366603.32,368890.77,402056.53
Bankstown,2018-04-21,23.0,13.8,18.42,6,0,,335775.94,366603.32,353764.68
Bankstown,2018-04-22,22.8,11.7,17.52,7,0,,328344.07,335775.94,317500.08
Bankstown,2018-04-23,24.7,12.4,17.78,1,0,,363453.14,328344.07,364073.36
Bankstown,2018-04-24,23.2,13.2,17.66,2,0,,365198.3,363453.14,367149.85
Bankstown,2018-04-25,23.8,13.2,18.34,3,1,ANZAC Day,332959.94,365198.3,366170.39
Bankstown,2018-04-26,23.4,14.8,19.04,4,0,,361147.76,332959.94,368890.77
Bankstown,2018-04-27,20.1,15.1,17.4,5,0,,359594.6,361147.76,366603.32
Bankstown,2018-04-28,19.7,14.2,16.05,6,0,,340475.89,359594.6,335775.94
Bankstown,2018-04-29,20.7,12.5,16.26,7,0,,332821.1,340475.89,328344.07
Bankstown,2018-04-30,20.8,11.0,15.18,1,0,,366875.52,332821.1,363453.14
Bankstown,2018-05-01,24.6,9.8,15.86,2,0,,370685.28,366875.52,365198.3
Bankstown,2018-05-02,22.7,10.1,15.51,3,0,,373118.07,370685.28,332959.94
Bankstown,2018-05-03,27.3,10.5,17.87,4,0,,369684.51,373118.07,361147.76
Bankstown,2018-05-04,26.6,14.9,20.99,5,0,,362693.49,369684.51,359594.6
Bankstown,2018-05-05,23.4,7.3,13.93,6,0,,339207.35,362693.49,340475.89
Bankstown,2018-05-06,22.7,6.0,13.63,7,0,,336512.26,339207.35,332821.1
Bankstown,2018-05-07,24.9,8.4,15.44,1,0,,366402.35,336512.26,366875.52
Bankstown,2018-05-08,26.4,9.7,15.79,2,0,,374867.04,366402.35,370685.28
Bankstown,2018-05-09,25.1,9.7,15.98,3,0,,368408.29,374867.04,373118.07
Bankstown,2018-05-10,25.6,9.3,14.93,4,0,,372431.07,368408.29,369684.51
Bankstown,2018-05-11,16.2,9.0,13.02,5,0,,388974.7,372431.07,362693.49
Bankstown,2018-05-12,16.9,10.5,14.44,6,0,,371649.47,388974.7,339207.35
Bankstown,2018-05-13,17.8,13.1,15.28,7,0,,359558.46,371649.47,336512.26
Bankstown,2018-05-14,18.8,13.5,15.78,1,0,,385046.07,359558.46,366402.35
Bankstown,2018-05-15,19.3,9.6,14.16,2,0,,392299.46,385046.07,374867.04
Bankstown,2018-05-16,17.4,9.2,13.58,3,0,,398973.94,392299.46,368408.29
Bankstown,2018-05-17,20.1,6.5,12.88,4,0,,401015.99,398973.94,372431.07
Bankstown,2018-05-18,19.7,5.0,11.07,5,0,,397893.97,401015.99,388974.7
Bankstown,2018-05-19,19.3,6.1,12.22,6,0,,372344.48,397893.97,371649.47
Bankstown,2018-05-20,21.1,5.9,12.03,7,0,,360590.38,372344.48,359558.46
Bankstown,2018-05-21,18.9,6.7,12.37,1,0,,384428.63,360590.38,385046.07
Bankstown,2018-05-22,23.6,6.2,15.08,2,0,,387678.93,384428.63,392299.46
Bankstown,2018-05-23,21.6,9.6,15.7,3,0,,388989.56,387678.93,398973.94
Bankstown,2018-05-24,19.4,6.9,13.2,4,0,,395471.07,388989.56,401015.99
Bankstown,2018-05-25,18.5,8.4,14.22,5,0,,391683.27,395471.07,397893.97
Bankstown,2018-05-26,20.8,7.1,12.62,6,0,,366583.32,391683.27,372344.48
Bankstown,2018-05-27,21.7,6.7,12.88,7,0,,360071.53,366583.32,360590.38
Bankstown,2018-05-28,21.9,8.7,13.61,1,0,,393851.52,360071.53,384428.63
Bankstown,2018-05-29,24.5,8.2,15.77,2,0,,394933.69,393851.52,387678.93
Bankstown,2018-05-30,17.9,7.9,13.31,3,0,,405891.09,394933.69,388989.56
Bankstown,2018-05-31,17.4,4.6,11.43,4,0,,417580.37,405891.09,395471.07
Bankstown,2018-06-01,16.1,11.1,13.49,5,0,,425647.2,417580.37,391683.27
Bankstown,2018-06-02,16.7,10.2,14.22,6,0,,401538.6,425647.2,366583.32
Bankstown,2018-06-03,17.8,11.6,15.01,7,0,,372823.39,401538.6,360071.53
Bankstown,2018-06-04,18.2,7.8,13.57,1,0,,407826.13,372823.39,393851.52
Bankstown,2018-06-05,14.6,9.5,12.68,2,0,,423413.59,407826.13,394933.69
Bankstown,2018-06-06,17.0,10.3,13.04,3,0,,421247.42,423413.59,405891.09
Bankstown,2018-06-07,19.3,7.7,12.2,4,0,,408793.22,421247.42,417580.37
Bankstown,2018-06-08,16.8,7.5,11.28,5,0,,418464.41,408793.22,425647.2
Bankstown,2018-06-09,15.6,9.1,12.49,6,0,,392673.97,418464.41,401538.6
Bankstown,2018-06-10,17.0,9.2,12.66,7,0,,375664.96,392673.97,372823.39
Bankstown,2018-06-11,17.6,8.2,12.08,1,1,Queen's Birthday,373997.97,375664.96,407826.13
Bankstown,2018-06-12,18.0,5.1,10.24,2,0,,426263.21,373997.97,423413.59
Bankstown,2018-06-13,19.2,5.7,10.82,3,0,,419470.91,426263.21,421247.42
Bankstown,2018-06-14,18.7,4.5,9.82,4,0,,420723.44,419470.91,408793.22
Bankstown,2018-06-15,19.4,6.0,13.72,5,0,,416832.06,420723.44,418464.41
Bankstown,2018-06-16,17.9,4.0,11.03,6,0,,397783.17,416832.06,392673.97
Bankstown,2018-06-17,15.2,6.5,11.55,7,0,,402713.16,397783.17,375664.96
Bankstown,2018-06-18,16.7,10.1,12.4,1,0,,448596.34,402713.16,373997.97
Bankstown,2018-06-19,14.8,8.8,11.63,2,0,,463907.69,448596.34,426263.21
Bankstown,2018-06-20,17.0,10.6,13.42,3,0,,434453.77,463907.69,419470.91
Bankstown,2018-06-21,16.4,7.6,11.65,4,0,,442922.83,434453.77,420723.44
Bankstown,2018-06-22,18.9,4.9,10.32,5,0,,438236.39,442922.83,416832.06
Bankstown,2018-06-23,19.4,3.7,9.67,6,0,,413885.77,438236.39,397783.17
Bankstown,2018-06-24,15.8,3.9,9.65,7,0,,411582.52,413885.77,402713.16
Bankstown,2018-06-25,16.7,4.3,9.04,1,0,,447437.66,411582.52,448596.34
Bankstown,2018-06-26,16.6,3.3,9.17,2,0,,452460.11,447437.66,463907.69
Bankstown,2018-06-27,17.2,6.8,11.57,3,0,,448246.56,452460.11,434453.77
Bankstown,2018-06-28,18.5,7.6,12.31,4,0,,444023.54,448246.56,442922.83
Bankstown,2018-06-29,14.8,5.7,9.26,5,0,,443664.07,444023.54,438236.39
Bankstown,2018-06-30,19.0,2.8,10.13,6,0,,405428.5,443664.07,413885.77
Bankstown,2018-07-01,16.6,3.4,9.82,7,0,,409039.03,405428.5,411582.52
Bankstown,2018-07-02,17.0,8.4,12.03,1,0,,437983.93,409039.03,447437.66
Bankstown,2018-07-03,18.2,6.2,10.55,2,0,,434727.74,437983.93,452460.11
Bankstown,2018-07-04,19.3,5.1,11.94,3,0,,421705.64,434727.74,448246.56
Bankstown,2018-07-05,24.1,7.9,15.29,4,0,,403550.77,421705.64,444023.54
Bankstown,2018-07-06,24.5,7.7,18.26,5,0,,389714.52,403550.77,443664.07
Bankstown,2018-07-07,17.2,3.7,10.95,6,0,,390910.14,389714.52,405428.5
Bankstown,2018-07-08,16.9,7.7,13.16,7,0,,386207.41,390910.14,409039.03
Bankstown,2018-07-09,15.9,5.8,10.96,1,0,,425907.3,386207.41,437983.93
Bankstown,2018-07-10,16.7,5.3,9.63,2,0,,441634.96,425907.3,434727.74
Bankstown,2018-07-11,17.8,3.7,8.97,3,0,,443720.28,441634.96,421705.64
Bankstown,2018-07-12,18.5,3.4,9.36,4,0,,442087.65,443720.28,403550.77
Bankstown,2018-07-13,17.1,3.5,9.89,5,0,,438707.82,442087.65,389714.52
Bankstown,2018-07-14,16.6,3.7,8.79,6,0,,417176.56,438707.82,390910.14
Bankstown,2018-07-15,17.4,1.5,7.07,7,0,,416575.14,417176.56,386207.41
Bankstown,2018-07-16,17.2,-1.3,7.3,1,0,,457483.07,416575.14,425907.3
Bankstown,2018-07-17,22.0,1.6,12.88,2,0,,430465.04,457483.07,441634.96
Bankstown,2018-07-18,20.6,3.9,12.39,3,0,,410273.02,430465.04,443720.28
Bankstown,2018-07-19,20.8,0.2,9.63,4,0,,425147.65,410273.02,442087.65
Bankstown,2018-07-20,19.5,3.3,12.39,5,0,,425168.76,425147.65,438707.82
Bankstown,2018-07-21,17.2,3.9,10.55,6,0,,405220.52,425168.76,417176.56
Bankstown,2018-07-22,16.8,1.5,8.21,7,0,,409445.56,405220.52,416575.14
Bankstown,2018-07-23,19.4,0.6,9.11,1,0,,438203.54,409445.56,457483.07
Bankstown,2018-07-24,23.4,6.2,15.74,2,0,,407386.8,438203.54,430465.04
Bankstown,2018-07-25,22.1,3.8,12.5,3,0,,404031.13,407386.8,410273.02
Bankstown,2018-07-26,19.6,3.6,10.18,4,0,,414538.69,404031.13,425147.65
Bankstown,2018-07-27,20.6,2.8,9.4,5,0,,413250.58,414538.69,425168.76
Bankstown,2018-07-28,21.0,3.8,12.3,6,0,,390932.18,413250.58,405220.52
Bankstown,2018-07-29,24.8,11.6,18.08,7,0,,356386.9,390932.18,409445.56
Bankstown,2018-07-30,18.9,6.1,12.2,1,0,,401974.59,356386.9,438203.54
Bankstown,2018-07-31,20.7,2.0,10.41,2,0,,415992.59,401974.59,407386.8
Bankstown,2018-08-01,20.5,4.0,12.67,3,0,,404841.46,415992.59,404031.13
Bankstown,2018-08-02,18.3,4.9,11.59,4,0,,415398.18,404841.46,414538.69
Bankstown,2018-08-03,22.6,4.8,13.28,5,0,,401293.03,415398.18,413250.58
Bankstown,2018-08-04,19.3,5.1,12.75,6,0,,371805.38,401293.03,390932.18
Bankstown,2018-08-05,19.9,2.4,11.48,7,0,,367260.84,371805.38,356386.9
Bankstown,2018-08-06,18.5,6.5,12.64,1,0,,412751.75,367260.84,401974.59
Bankstown,2018-08-07,16.6,5.3,12.76,2,0,,414308.32,412751.75,415992.59
Bankstown,2018-08-08,19.0,2.5,10.88,3,0,,416772.81,414308.32,404841.46
Bankstown,2018-08-09,18.7,3.7,10.88,4,0,,413471.15,416772.81,415398.18
Bankstown,2018-08-10,22.3,4.2,11.93,5,0,,404480.01,413471.15,401293.03
Bankstown,2018-08-11,25.3,10.6,17.93,6,0,,361773.13,404480.01,371805.38
Bankstown,2018-08-12,15.7,7.0,11.85,7,0,,371480.01,361773.13,367260.84
Bankstown,2018-08-13,18.9,7.2,12.99,1,0,,406372.97,371480.01,412751.75
Bankstown,2018-08-14,22.1,5.5,12.5,2,0,,401989.19,406372.97,414308.32
Bankstown,2018-08-15,24.9,5.7,17.51,3,0,,387825.39,401989.19,416772.81
Bankstown,2018-08-16,20.6,7.5,15.48,4,0,,383541.24,387825.39,413471.15
Bankstown,2018-08-17,17.2,2.6,10.28,5,0,,402941.55,383541.24,404480.01
Bankstown,2018-08-18,22.0,1.7,11.72,6,0,,377232.26,402941.55,361773.13
Bankstown,2018-08-19,15.8,6.7,12.18,7,0,,381112.13,377232.26,371480.01
Bankstown,2018-08-20,14.8,5.1,9.65,1,0,,420901.08,381112.13,406372.97
Bankstown,2018-08-21,16.8,4.4,11.8,2,0,,420624.53,420901.08,401989.19
Bankstown,2018-08-22,16.5,5.2,10.67,3,0,,417080.99,420624.53,387825.39
Bankstown,2018-08-23,16.6,3.3,10.9,4,0,,418270.74,417080.99,383541.24
Bankstown,2018-08-24,16.9,8.1,12.63,5,0,,405411.86,418270.74,402941.55
Bankstown,2018-08-25,18.6,6.7,11.76,6,0,,382545.21,405411.86,377232.26
Bankstown,2018-08-26,17.8,8.2,12.09,7,0,,382678.42,382545.21,381112.13
Bankstown,2018-08-27,13.5,10.8,12.64,1,0,,424759.29,382678.42,420901.08
Bankstown,2018-08-28,13.7,4.0,9.9,2,0,,426627.08,424759.29,420624.53
Bankstown,2018-08-29,15.3,1.7,8.25,3,0,,426800.87,426627.08,417080.99
Bankstown,2018-08-30,16.4,2.1,9.61,4,0,,427092.16,426800.87,418270.74
Bankstown,2018-08-31,16.8,6.1,11.7,5,0,,425209.47,427092.16,405411.86
Bankstown,2018-09-01,21.0,5.3,14.58,6,0,,365512.17,425209.47,382545.21
Bankstown,2018-09-02,15.1,5.6,11.51,7,0,,374157.02,365512.17,382678.42
Bankstown,2018-09-03,13.9,6.4,10.4,1,0,,420139.46,374157.02,424759.29
Bankstown,2018-09-04,17.2,6.4,11.77,2,0,,409957.84,420139.46,426627.08
Bankstown,2018-09-05,17.2,5.3,10.23,3,0,,406419.31,409957.84,426800.87
Bankstown,2018-09-06,19.7,7.0,13.64,4,0,,400658.99,406419.31,427092.16
Bankstown,2018-09-07,23.5,9.2,15.44,5,0,,381553.27,400658.99,425209.47
Bankstown,2018-09-08,15.9,8.8,12.96,6,0,,377704.62,381553.27,365512.17
Bankstown,2018-09-09,22.4,5.3,14.14,7,0,,342026.42,377704.62,374157.02
Bankstown,2018-09-10,19.3,8.0,14.12,1,0,,372928.89,342026.42,420139.46
Bankstown,2018-09-11,21.7,10.1,15.41,2,0,,372114.91,372928.89,409957.84
Bankstown,2018-09-12,30.0,9.5,18.9,3,0,,359800.71,372114.91,406419.31
Bankstown,2018-09-13,18.9,11.0,15.49,4,0,,361590.9,359800.71,400658.99
Bankstown,2018-09-14,23.2,13.2,17.56,5,0,,360520.74,361590.9,381553.27
Bankstown,2018-09-15,31.3,8.4,20.43,6,0,,338224.97,360520.74,377704.62
Bankstown,2018-09-16,15.5,8.5,12.62,7,0,,334562.39,338224.97,342026.42
Bankstown,2018-09-17,17.7,5.3,12.35,1,0,,376173.52,334562.39,372928.89
Bankstown,2018-09-18,24.3,5.4,15.49,2,0,,364584.42,376173.52,372114.91
Bankstown,2018-09-19,28.5,7.8,18.73,3,0,,358614.19,364584.42,359800.71
Bankstown,2018-09-20,15.9,7.5,12.17,4,0,,374510.75,358614.19,361590.9
Bankstown,2018-09-21,20.2,4.7,12.58,5,0,,372553.94,374510.75,360520.74
Bankstown,2018-09-22,23.0,6.9,14.28,6,0,,345302.7,372553.94,338224.97
Bankstown,2018-09-23,19.6,10.0,15.36,7,0,,333291.83,345302.7,334562.39
Bankstown,2018-09-24,15.5,9.6,12.92,1,0,,382833.45,333291.83,376173.52
Bankstown,2018-09-25,17.1,8.1,12.95,2,0,,385316.18,382833.45,364584.42
Bankstown,2018-09-26,16.0,7.6,11.9,3,0,,396886.27,385316.18,358614.19
Bankstown,2018-09-27,20.7,5.9,12.79,4,0,,376534.62,396886.27,374510.75
Bankstown,2018-09-28,29.8,7.8,17.0,5,0,,360282.58,376534.62,372553.94
Bankstown,2018-09-29,19.9,11.1,15.3,6,0,,330941.91,360282.58,345302.7
Bankstown,2018-09-30,17.1,7.3,12.83,7,0,,327962.12,330941.91,333291.83
Bankstown,2018-10-01,20.6,7.7,14.69,1,1,Labour Day,323012.67,327962.12,382833.45
Bankstown,2018-10-02,22.7,8.1,15.85,2,0,,357183.84,323012.67,385316.18
Bankstown,2018-10-03,26.2,10.5,17.97,3,0,,365990.12,357183.84,396886.27
Bankstown,2018-10-04,17.0,14.6,15.68,4,0,,375870.84,365990.12,376534.62
Bankstown,2018-10-05,15.8,12.9,14.51,5,0,,383534.99,375870.84,360282.58
Bankstown,2018-10-06,18.0,13.2,15.0,6,0,,348699.28,383534.99,330941.91
Bankstown,2018-10-07,17.5,11.2,14.6,7,0,,339289.65,348699.28,327962.12
Bankstown,2018-10-08,20.2,12.6,17.02,1,0,,359843.18,339289.65,323012.67
Bankstown,2018-10-09,24.1,10.2,16.72,2,0,,362303.97,359843.18,357183.84
Bankstown,2018-10-10,18.4,13.8,15.26,3,0,,374279.76,362303.97,365990.12
Bankstown,2018-10-11,16.8,12.8,14.14,4,0,,377391.14,374279.76,375870.84
Bankstown,2018-10-12,16.7,12.1,13.85,5,0,,376110.75,377391.14,383534.99
Bankstown,2018-10-13,20.0,10.7,15.28,6,0,,345328.26,376110.75,348699.28
Bankstown,2018-10-14,21.0,14.7,16.7,7,0,,328579.09,345328.26,339289.65
Bankstown,2018-10-15,21.7,13.9,17.38,1,0,,361917.75,328579.09,359843.18
Bankstown,2018-10-16,22.7,14.6,18.96,2,0,,361512.99,361917.75,362303.97
Bankstown,2018-10-17,24.3,17.7,19.5,3,0,,368464.36,361512.99,374279.76
Bankstown,2018-10-18,24.1,16.7,19.25,4,0,,366489.91,368464.36,377391.14
Bankstown,2018-10-19,28.4,16.3,20.4,5,0,,359173.49,366489.91,376110.75
Bankstown,2018-10-20,29.2,16.6,20.89,6,0,,340438.01,359173.49,345328.26
Bankstown,2018-10-21,19.3,15.2,17.14,7,0,,325043.35,340438.01,328579.09
Bankstown,2018-10-22,22.2,15.3,18.62,1,0,,352343.34,325043.35,361917.75
Bankstown,2018-10-23,26.7,13.3,20.04,2,0,,364246.36,352343.34,361512.99
Bankstown,2018-10-24,18.9,16.3,17.23,3,0,,357185.89,364246.36,368464.36
Bankstown,2018-10-25,21.8,15.1,18.05,4,0,,356070.94,357185.89,366489.91
Bankstown,2018-10-26,20.5,13.0,17.39,5,0,,354359.11,356070.94,359173.49
Bankstown,2018-10-27,24.1,13.2,19.15,6,0,,329003.99,354359.11,340438.01
Bankstown,2018-10-28,18.5,15.4,17.18,7,0,,326662.72,329003.99,325043.35
Bankstown,2018-10-29,20.5,14.1,17.43,1,0,,355893.62,326662.72,352343.34
Bankstown,2018-10-30,25.2,11.0,19.03,2,0,,361373.09,355893.62,364246.36
Bankstown,2018-10-31,24.6,13.0,19.13,3,0,,368474.48,361373.09,357185.89
Bankstown,2018-11-01,27.7,17.8,22.39,4,0,,388320.02,368474.48,356070.94
Bankstown,2018-11-02,36.3,18.9,28.46,5,0,,419751.41,388320.02,354359.11
Bankstown,2018-11-03,33.0,19.2,23.92,6,0,,371023.03,419751.41,329003.99
Bankstown,2018-11-04,24.2,16.4,21.01,7,0,,340465.65,371023.03,326662.72
Bankstown,2018-11-05,27.7,16.8,20.76,1,0,,383533.23,340465.65,355893.62
Bankstown,2018-11-06,32.1,19.1,25.45,2,0,,409234.09,383533.23,361373.09
Bankstown,2018-11-07,22.7,12.4,19.54,3,0,,388048.81,409234.09,368474.48
Bankstown,2018-11-08,18.2,11.9,15.04,4,0,,351229.05,388048.81,388320.02
Bankstown,2018-11-09,21.1,9.1,16.49,5,0,,346034.47,351229.05,419751.41
Bankstown,2018-11-10,21.3,11.6,16.75,6,0,,324640.2,346034.47,371023.03
Bankstown,2018-11-11,23.6,11.1,17.62,7,0,,317539.57,324640.2,340465.65
Bankstown,2018-11-12,24.1,12.7,18.75,1,0,,358085.91,317539.57,383533.23
Bankstown,2018-11-13,24.7,14.0,20.34,2,0,,371941.78,358085.91,409234.09
Bankstown,2018-11-14,22.4,16.5,19.75,3,0,,371102.07,371941.78,388048.81
Bankstown,2018-11-15,22.8,14.5,17.61,4,0,,364661.01,371102.07,351229.05
Bankstown,2018-11-16,20.7,13.4,17.52,5,0,,355842.95,364661.01,346034.47
Bankstown,2018-11-17,21.1,12.0,17.04,6,0,,329231.76,355842.95,324640.2
Bankstown,2018-11-18,21.7,12.5,18.05,7,0,,317407.11,329231.76,317539.57
Bankstown,2018-11-19,22.5,10.7,17.73,1,0,,349935.5,317407.11,358085.91
Bankstown,2018-11-20,25.0,12.7,20.45,2,0,,362262.84,349935.5,371941.78
Bankstown,2018-11-21,28.0,20.5,24.08,3,0,,371467.79,362262.84,371102.07
Bankstown,2018-11-22,24.4,15.9,20.87,4,0,,349876.27,371467.79,364661.01
Bankstown,2018-11-23,23.5,14.0,18.5,5,0,,337354.1,349876.27,355842.95
Bankstown,2018-11-24,25.0,13.2,18.44,6,0,,315791.65,337354.1,329231.76
Bankstown,2018-11-25,22.3,11.5,17.97,7,0,,317716.6,315791.65,317407.11
Bankstown,2018-11-26,22.7,15.2,19.04,1,0,,353624.31,317716.6,349935.5
Bankstown,2018-11-27,24.5,15.5,19.86,2,0,,367891.85,353624.31,362262.84
Bankstown,2018-11-28,20.1,16.1,18.32,3,0,,371966.64,367891.85,371467.79
Bankstown,2018-11-29,21.9,15.2,18.16,4,0,,358647.2,371966.64,349876.27
Bankstown,2018-11-30,23.8,13.4,19.19,5,0,,355085.69,358647.2,337354.1
Bankstown,2018-12-01,25.9,16.0,21.35,6,0,,341353.2,355085.69,315791.65
Bankstown,2018-12-02,33.6,14.8,22.76,7,0,,343900.36,341353.2,317716.6
Bankstown,2018-12-03,30.7,14.3,22.82,1,0,,365263.5,343900.36,353624.31
Bankstown,2018-12-04,22.6,16.8,19.97,2,0,,369724.63,365263.5,367891.85
Bankstown,2018-12-05,21.3,16.5,18.77,3,0,,363166.35,369724.63,371966.64
Bankstown,2018-12-06,24.9,17.3,20.36,4,0,,373067.93,363166.35,358647.2
Bankstown,2018-12-07,25.4,13.8,21.03,5,0,,375995.77,373067.93,355085.69
Bankstown,2018-12-08,27.0,14.8,21.53,6,0,,363597.77,375995.77,341353.2
Bankstown,2018-12-09,27.1,16.9,22.21,7,0,,364157.72,363597.77,343900.36
Bankstown,2018-12-10,26.5,20.6,22.83,1,0,,395245.0,364157.72,365263.5
Bankstown,2018-12-11,22.5,19.9,20.79,2,0,,380037.75,395245.0,369724.63
Bankstown,2018-12-12,23.6,16.9,20.58,3,0,,380616.64,380037.75,363166.35
Bankstown,2018-12-13,28.0,18.5,22.48,4,0,,394278.58,380616.64,373067.93
Bankstown,2018-12-14,25.4,19.1,21.6,5,0,,382837.8,394278.58,375995.77
Bankstown,2018-12-15,27.7,21.0,23.64,6,0,,367497.14,382837.8,363597.77
Bankstown,2018-12-16,29.5,20.8,24.59,7,0,,367579.26,367497.14,364157.72
Bankstown,2018-12-17,29.4,19.2,24.34,1,0,,412252.81,367579.26,395245.0
Bankstown,2018-12-18,25.7,20.8,22.82,2,0,,402862.32,412252.81,380037.75
Bankstown,2018-12-19,23.6,20.4,21.65,3,0,,398894.7,402862.32,380616.64
Bankstown,2018-12-20,29.3,18.4,22.77,4,0,,417779.02,398894.7,394278.58
Bankstown,2018-12-21,22.9,18.9,21.15,5,0,,371284.12,417779.02,382837.8
Bankstown,2018-12-22,20.7,16.6,18.54,6,0,,328405.46,371284.12,367497.14
Bankstown,2018-12-23,22.5,14.4,17.89,7,0,,316094.25,328405.46,367579.26
Bankstown,2018-12-24,24.9,12.0,19.71,1,0,,335314.88,316094.25,412252.81
Bankstown,2018-12-25,29.3,16.1,23.07,2,1,Christmas Day,329140.55,335314.88,402862.32
Bankstown,2018-12-26,30.4,17.6,22.99,3,1,Boxing Day,357880.07,329140.55,398894.7
Bankstown,2018-12-27,32.1,17.9,23.08,4,0,,405457.46,357880.07,417779.02
Bankstown,2018-12-28,33.6,19.0,26.01,5,0,,421027.63,405457.46,371284.12
Bankstown,2018-12-29,33.9,18.6,25.68,6,0,,407376.71,421027.63,328405.46
Bankstown,2018-12-30,35.4,19.2,25.78,7,0,,402263.51,407376.71,316094.25
Bankstown,2018-12-31,32.8,19.9,24.24,1,0,,405023.08,402263.51,335314.88
Bankstown,2019-01-01,32.8,21.7,26.38,2,1,New Year's Day,397576.81,405023.08,329140.55
Bankstown,2019-01-02,28.9,21.3,23.94,3,0,,419793.03,397576.81,357880.07
Bankstown,2019-01-03,27.2,21.6,23.97,4,0,,413402.43,419793.03,405457.46
Bankstown,2019-01-04,29.8,19.0,24.43,5,0,,441857.98,413402.43,421027.63
Bankstown,2019-01-05,37.9,19.3,23.66,6,0,,412076.9,441857.98,407376.71
Bankstown,2019-01-06,21.1,17.9,19.3,7,0,,333009.61,412076.9,402263.51
Bankstown,2019-01-07,22.6,19.4,20.96,1,0,,372457.04,333009.61,405023.08
Bankstown,2019-01-08,28.8,20.4,23.82,2,0,,411339.27,372457.04,397576.81
Bankstown,2019-01-09,29.7,20.4,23.56,3,0,,409963.4,411339.27,419793.03
Bankstown,2019-01-10,22.3,20.6,21.15,4,0,,387672.63,409963.4,413402.43
Bankstown,2019-01-11,27.5,20.7,23.2,5,0,,398542.65,387672.63,441857.98
Bankstown,2019-01-12,32.9,19.3,25.01,6,0,,405159.36,398542.65,412076.9
Bankstown,2019-01-13,26.2,21.3,23.37,7,0,,368840.45,405159.36,333009.61
Bankstown,2019-01-14,28.4,21.0,24.54,1,0,,438517.06,368840.45,372457.04
Bankstown,2019-01-15,29.9,22.1,25.75,2,0,,479784.41,438517.06,411339.27
Bankstown,2019-01-16,31.8,21.4,25.96,3,0,,495056.95,479784.41,409963.4
Bankstown,2019-01-17,33.2,22.8,26.65,4,0,,499342.29,495056.95,387672.63
Bankstown,2019-01-18,34.6,23.2,28.13,5,0,,503885.71,499342.29,398542.65
Bankstown,2019-01-19,26.3,21.5,23.43,6,0,,408832.77,503885.71,405159.36
Bankstown,2019-01-20,25.2,21.1,22.87,7,0,,374243.08,408832.77,368840.45
Bankstown,2019-01-21,26.3,21.8,23.68,1,0,,426895.13,374243.08,438517.06
Bankstown,2019-01-22,31.7,19.8,25.84,2,0,,468416.48,426895.13,479784.41
Bankstown,2019-01-23,29.4,21.5,24.29,3,0,,447839.37,468416.48,495056.95
Bankstown,2019-01-24,26.7,21.7,23.72,4,0,,432182.05,447839.37,499342.29
Bankstown,2019-01-25,32.6,21.2,26.88,5,0,,490637.4,432182.05,503885.71
Bankstown,2019-01-26,33.6,22.0,25.71,6,0,,466392.85,490637.4,408832.77
Bankstown,2019-01-27,35.5,22.0,25.86,7,0,,427374.36,466392.85,374243.08
Bankstown,2019-01-28,27.5,22.6,24.56,1,1,Australia Day,404988.83,427374.36,426895.13
Bankstown,2019-01-29,30.4,22.4,25.98,2,0,,477833.8,404988.83,468416.48
Bankstown,2019-01-30,31.0,22.1,25.75,3,0,,476721.35,477833.8,447839.37
Bankstown,2019-01-31,38.8,20.6,26.89,4,0,,477584.32,476721.35,432182.05
Bankstown,2019-02-01,21.2,17.8,19.27,5,0,,385602.03,477584.32,490637.4
Bankstown,2019-02-02,25.9,20.0,22.46,6,0,,376000.48,385602.03,466392.85
Bankstown,2019-02-03,29.9,19.5,24.31,7,0,,403063.42,376000.48,427374.36
Bankstown,2019-02-04,32.0,20.3,25.84,1,0,,458062.86,403063.42,404988.83
Bankstown,2019-02-05,26.5,22.8,24.59,2,0,,435978.32,458062.86,477833.8
Bankstown,2019-02-06,29.2,20.1,24.33,3,0,,437647.65,435978.32,476721.35
Bankstown,2019-02-07,29.3,19.3,25.28,4,0,,445942.62,437647.65,477584.32
Bankstown,2019-02-08,31.9,20.2,24.22,5,0,,434489.73,445942.62,385602.03
Bankstown,2019-02-09,32.4,19.1,25.67,6,0,,377031.54,434489.73,376000.48
Bankstown,2019-02-10,23.5,14.8,19.97,7,0,,336664.96,377031.54,403063.42
Bankstown,2019-02-11,27.7,15.0,21.87,1,0,,393001.18,336664.96,458062.86
Bankstown,2019-02-12,36.0,16.4,25.86,2,0,,432217.63,393001.18,435978.32
Bankstown,2019-02-13,24.7,18.9,21.46,3,0,,384665.35,432217.63,437647.65
Bankstown,2019-02-14,25.3,15.9,20.86,4,0,,377736.4,384665.35,445942.62
Bankstown,2019-02-15,27.0,15.3,21.12,5,0,,381144.81,377736.4,434489.73
Bankstown,2019-02-16,27.4,16.8,22.51,6,0,,361427.65,381144.81,377031.54
Bankstown,2019-02-17,30.0,16.6,22.98,7,0,,375050.32,361427.65,336664.96
Bankstown,2019-02-18,30.7,17.5,24.68,1,0,,436376.9,375050.32,393001.18
Bankstown,2019-02-19,28.9,19.2,23.0,2,0,,416317.55,436376.9,432217.63
Bankstown,2019-02-20,22.3,18.5,20.12,3,0,,389681.02,416317.55,384665.35
Bankstown,2019-02-21,23.3,19.0,20.95,4,0,,387004.43,389681.02,377736.4
Bankstown,2019-02-22,22.7,18.2,19.82,5,0,,371139.66,387004.43,381144.81
Bankstown,2019-02-23,22.6,18.3,19.45,6,0,,337364.27,371139.66,361427.65
Bankstown,2019-02-24,23.8,19.3,21.3,7,0,,327018.42,337364.27,375050.32
Bankstown,2019-02-25,24.7,15.2,20.14,1,0,,371206.96,327018.42,436376.9
Bankstown,2019-02-26,27.1,13.0,20.86,2,0,,382472.21,371206.96,416317.55
Bankstown,2019-02-27,25.5,15.7,20.92,3,0,,388457.76,382472.21,389681.02
Bankstown,2019-02-28,28.0,18.3,23.15,4,0,,402960.73,388457.76,387004.43
Bankstown,2019-03-01,27.9,19.0,23.55,5,0,,402789.0,402960.73,371139.66
Bankstown,2019-03-02,27.8,19.1,22.76,6,0,,371762.57,402789.0,337364.27
Bankstown,2019-03-03,28.5,17.7,23.09,7,0,,371859.58,371762.57,327018.42
Bankstown,2019-03-04,29.6,18.0,22.93,1,0,,423437.28,371859.58,371206.96
Bankstown,2019-03-05,29.2,18.5,24.05,2,0,,427310.13,423437.28,382472.21
Bankstown,2019-03-06,35.2,18.5,25.38,3,0,,411445.42,427310.13,388457.76
Bankstown,2019-03-07,21.6,16.9,19.09,4,0,,370578.01,411445.42,402960.73
Bankstown,2019-03-08,27.7,16.9,22.81,5,0,,394532.84,370578.01,402789.0
Bankstown,2019-03-09,24.3,18.7,21.71,6,0,,362875.77,394532.84,371762.57
Bankstown,2019-03-10,29.9,17.2,22.88,7,0,,369920.95,362875.77,371859.58
Bankstown,2019-03-11,26.4,21.5,24.12,1,0,,407017.42,369920.95,423437.28
Bankstown,2019-03-12,34.6,18.9,25.36,2,0,,422641.49,407017.42,427310.13
Bankstown,2019-03-13,22.5,18.7,20.73,3,0,,387756.25,422641.49,411445.42
Bankstown,2019-03-14,27.0,17.6,21.73,4,0,,397805.54,387756.25,370578.01
Bankstown,2019-03-15,22.9,15.9,19.28,5,0,,369223.0,397805.54,394532.84
Bankstown,2019-03-16,23.9,18.7,20.96,6,0,,343770.81,369223.0,362875.77
Bankstown,2019-03-17,21.6,17.7,19.7,7,0,,342166.67,343770.81,369920.95
Bankstown,2019-03-18,21.7,17.5,19.11,1,0,,367596.15,342166.67,407017.42
Bankstown,2019-03-19,24.8,17.9,20.67,2,0,,377264.35,367596.15,422641.49
Bankstown,2019-03-20,25.3,18.6,21.74,3,0,,383777.13,377264.35,387756.25
Bankstown,2019-03-21,25.6,18.2,21.41,4,0,,385298.45,383777.13,397805.54
Bankstown,2019-03-22,25.3,18.3,21.5,5,0,,378908.95,385298.45,369223.0
Bankstown,2019-03-23,28.4,16.8,21.52,6,0,,351117.64,378908.95,343770.81
Bankstown,2019-03-24,31.2,20.7,23.75,7,0,,361682.84,351117.64,342166.67
Bankstown,2019-03-25,26.2,19.8,22.44,1,0,,378681.56,361682.84,367596.15
Bankstown,2019-03-26,25.2,15.4,20.29,2,0,,363671.45,378681.56,377264.35
Bankstown,2019-03-27,22.0,11.7,18.12,3,0,,366328.14,363671.45,383777.13
Bankstown,2019-03-28,25.4,16.2,20.96,4,0,,375162.05,366328.14,385298.45
Bankstown,2019-03-29,27.2,14.0,21.53,5,0,,377522.46,375162.05,378908.95
Bankstown,2019-03-30,26.0,13.6,19.0,6,0,,339236.5,377522.46,351117.64
Bankstown,2019-03-31,20.9,10.2,15.69,7,0,,314348.3,339236.5,361682.84
Bankstown,2019-04-01,20.7,10.5,16.84,1,0,,358123.79,314348.3,378681.56
Bankstown,2019-04-02,21.8,13.7,18.18,2,0,,367021.54,358123.79,363671.45
Bankstown,2019-04-03,26.1,13.7,18.7,3,0,,366432.09,367021.54,366328.14
Bankstown,2019-04-04,22.6,14.0,17.8,4,0,,371788.38,366432.09,375162.05
Bankstown,2019-04-05,21.3,15.8,18.35,5,0,,369178.62,371788.38,377522.46
Bankstown,2019-04-06,29.0,15.3,21.13,6,0,,340687.24,369178.62,339236.5
Bankstown,2019-04-07,26.7,15.6,21.09,7,0,,336440.22,340687.24,314348.3
Bankstown,2019-04-08,33.0,13.8,21.64,1,0,,377170.46,336440.22,358123.79
Bankstown,2019-04-09,26.9,15.6,19.92,2,0,,369461.82,377170.46,367021.54
Bankstown,2019-04-10,18.8,11.4,15.77,3,0,,362749.79,369461.82,366432.09
Bankstown,2019-04-11,19.6,9.7,14.64,4,0,,368354.92,362749.79,371788.38
Bankstown,2019-04-12,21.4,11.3,15.91,5,0,,365552.25,368354.92,369178.62
Bankstown,2019-04-13,26.2,11.1,17.78,6,0,,337323.9,365552.25,340687.24
Bankstown,2019-04-14,22.1,13.4,17.76,7,0,,327531.46,337323.9,336440.22
Bankstown,2019-04-15,22.5,12.1,17.29,1,0,,354534.53,327531.46,377170.46
Bankstown,2019-04-16,23.1,12.0,17.28,2,0,,362491.09,354534.53,369461.82
Bankstown,2019-04-17,25.1,12.7,17.21,3,0,,366860.38,362491.09,362749.79
Bankstown,2019-04-18,26.4,12.4,18.32,4,0,,364448.61,366860.38,368354.92
Bankstown,2019-04-19,23.3,15.0,18.28,5,1,Good Friday,326458.26,364448.61,365552.25
Bankstown,2019-04-20,25.5,13.9,18.68,6,1,Easter Saturday,326611.28,326458.26,337323.9
Bankstown,2019-04-21,26.0,14.7,20.23,7,1,Easter Sunday,319455.43,326611.28,327531.46
Bankstown,2019-04-22,26.0,15.7,19.67,1,1,Easter Monday,328846.89,319455.43,354534.53
Bankstown,2019-04-23,23.5,15.7,19.75,2,0,,359366.97,328846.89,362491.09
Bankstown,2019-04-24,25.6,14.1,19.37,3,0,,357156.12,359366.97,366860.38
Bankstown,2019-04-25,26.0,13.5,18.24,4,1,ANZAC Day,329019.35,357156.12,364448.61
Bankstown,2019-04-26,28.6,15.4,20.59,5,0,,344795.94,329019.35,326458.26
Bankstown,2019-04-27,18.8,10.5,15.45,6,0,,330965.18,344795.94,326611.28
Bankstown,2019-04-28,22.1,7.7,13.89,7,0,,326888.64,330965.18,319455.43
Bankstown,2019-04-29,21.6,9.0,14.96,1,0,,367059.31,326888.64,328846.89
Bankstown,2019-04-30,24.5,10.9,17.29,2,0,,370902.83,367059.31,359366.97
Bankstown,2019-05-01,24.0,13.6,18.56,3,0,,375028.29,370902.83,357156.12
Bankstown,2019-05-02,25.0,16.1,20.1,4,0,,376775.68,375028.29,329019.35
Bankstown,2019-05-03,23.0,17.1,19.24,5,0,,375204.66,376775.68,344795.94
Bankstown,2019-05-04,21.5,14.2,18.04,6,0,,344386.19,375204.66,330965.18
Bankstown,2019-05-05,18.9,11.1,14.84,7,0,,337390.23,344386.19,326888.64
Bankstown,2019-05-06,20.1,8.6,14.16,1,0,,368215.09,337390.23,367059.31
Bankstown,2019-05-07,22.5,5.8,12.67,2,0,,376987.01,368215.09,370902.83
Bankstown,2019-05-08,20.9,5.7,13.8,3,0,,377794.85,376987.01,375028.29
Bankstown,2019-05-09,20.3,5.6,13.54,4,0,,386451.74,377794.85,376775.68
Bankstown,2019-05-10,19.0,7.7,12.73,5,0,,400139.53,386451.74,375204.66
Bankstown,2019-05-11,20.7,9.1,15.1,6,0,,364506.14,400139.53,344386.19
Bankstown,2019-05-12,20.4,8.4,13.26,7,0,,355635.03,364506.14,337390.23
Bankstown,2019-05-13,22.4,6.3,13.8,1,0,,384807.54,355635.03,368215.09
Bankstown,2019-05-14,22.8,9.0,14.48,2,0,,384033.72,384807.54,376987.01
Bankstown,2019-05-15,21.8,8.7,13.42,3,0,,386144.48,384033.72,377794.85
Bankstown,2019-05-16,22.1,8.8,13.44,4,0,,387151.66,386144.48,386451.74
Bankstown,2019-05-17,23.2,8.4,13.62,5,0,,379041.57,387151.66,400139.53
Bankstown,2019-05-18,22.0,8.8,14.33,6,0,,352836.33,379041.57,364506.14
Bankstown,2019-05-19,21.7,10.6,15.37,7,0,,347083.15,352836.33,355635.03
Bankstown,2019-05-20,23.1,9.7,14.58,1,0,,380743.48,347083.15,384807.54
Bankstown,2019-05-21,26.0,9.5,14.96,2,0,,374613.5,380743.48,384033.72
Bankstown,2019-05-22,23.1,10.1,15.59,3,0,,378827.41,374613.5,386144.48
Bankstown,2019-05-23,23.6,11.1,15.75,4,0,,376934.89,378827.41,387151.66
Bankstown,2019-05-24,23.5,9.5,15.16,5,0,,375057.33,376934.89,379041.57
Bankstown,2019-05-25,26.5,7.6,14.96,6,0,,347478.0,375057.33,352836.33
Bankstown,2019-05-26,22.4,7.1,13.35,7,0,,339562.36,347478.0,347083.15
Bankstown,2019-05-27,19.0,4.4,11.65,1,0,,400773.23,339562.36,380743.48
Bankstown,2019-05-28,18.7,4.8,12.57,2,0,,412787.86,400773.23,374613.5
Bankstown,2019-05-29,18.6,10.3,15.21,3,0,,408600.29,412787.86,378827.41
Bankstown,2019-05-30,15.8,6.7,10.97,4,0,,425305.22,408600.29,376934.89
Bankstown,2019-05-31,19.2,5.0,11.92,5,0,,429848.02,425305.22,375057.33
Bankstown,2019-06-01,18.6,7.5,13.56,6,0,,395255.21,429848.02,347478.0
Bankstown,2019-06-02,19.8,9.3,13.4,7,0,,380481.36,395255.21,339562.36
Bankstown,2019-06-03,17.4,9.0,12.72,1,0,,417977.66,380481.36,400773.23
Bankstown,2019-06-04,14.4,7.1,10.58,2,0,,460948.34,417977.66,412787.86
Bankstown,2019-06-05,15.4,9.0,11.21,3,0,,450513.89,460948.34,408600.29
Bankstown,2019-06-06,17.8,2.2,10.31,4,0,,436577.87,450513.89,425305.22
Bankstown,2019-06-07,16.0,8.7,12.68,5,0,,429584.57,436577.87,429848.02
Bankstown,2019-06-08,14.8,8.7,11.79,6,0,,408618.3,429584.57,395255.21
Bankstown,2019-06-09,21.6,6.7,13.37,7,0,,362751.07,408618.3,380481.36
Bankstown,2019-06-10,21.3,7.2,14.07,1,1,Queen's Birthday,358349.18,362751.07,417977.66
Bankstown,2019-06-11,21.5,6.7,12.62,2,0,,390592.47,358349.18,460948.34
Bankstown,2019-06-12,22.3,6.2,13.17,3,0,,393951.76,390592.47,450513.89
Bankstown,2019-06-13,22.2,12.8,17.69,4,0,,388685.51,393951.76,436577.87
Bankstown,2019-06-14,19.1,7.8,12.42,5,0,,401686.54,388685.51,429584.57
Bankstown,2019-06-15,19.5,4.7,11.93,6,0,,386271.52,401686.54,408618.3
Bankstown,2019-06-16,14.6,9.6,12.66,7,0,,393931.12,386271.52,362751.07
Bankstown,2019-06-17,15.9,9.2,12.83,1,0,,423506.5,393931.12,358349.18
Bankstown,2019-06-18,18.9,9.7,13.73,2,0,,418468.11,423506.5,390592.47
Bankstown,2019-06-19,15.5,5.6,10.02,3,0,,426133.57,418468.11,393951.76
Bankstown,2019-06-20,15.3,4.2,8.78,4,0,,452944.61,426133.57,388685.51
Bankstown,2019-06-21,14.6,6.6,9.81,5,0,,457011.74,452944.61,401686.54
Bankstown,2019-06-22,14.5,4.9,9.65,6,0,,438201.08,457011.74,386271.52
Bankstown,2019-06-23,15.6,4.8,10.35,7,0,,428294.53,438201.08,393931.12
Bankstown,2019-06-24,15.9,9.4,11.55,1,0,,453623.47,428294.53,423506.5
Bankstown,2019-06-25,16.8,8.6,13.23,2,0,,440453.31,453623.47,418468.11
Bankstown,2019-06-26,17.9,9.5,13.4,3,0,,430613.73,440453.31,426133.57
Bankstown,2019-06-27,18.9,8.0,12.16,4,0,,424715.41,430613.73,452944.61
Bankstown,2019-06-28,20.1,8.5,12.69,5,0,,414434.81,424715.41,457011.74
Bankstown,2019-06-29,20.3,5.9,13.05,6,0,,385371.5,414434.81,438201.08
Bankstown,2019-06-30,17.0,6.1,13.3,7,0,,374372.89,385371.5,428294.53
Bankstown,2019-07-01,17.1,3.8,9.48,1,0,,433770.05,374372.89,453623.47
Bankstown,2019-07-02,20.2,3.7,9.0,2,0,,435288.58,433770.05,440453.31
Bankstown,2019-07-03,18.5,3.7,11.88,3,0,,436841.3,435288.58,430613.73
Bankstown,2019-07-04,16.8,7.5,13.31,4,0,,426836.76,436841.3,424715.41
Bankstown,2019-07-05,16.9,9.6,13.31,5,0,,417661.72,426836.76,414434.81
Bankstown,2019-07-06,19.2,9.1,13.22,6,0,,384909.39,417661.72,385371.5
Bankstown,2019-07-07,19.1,10.1,12.99,7,0,,378234.2,384909.39,374372.89
Bankstown,2019-07-08,20.1,8.4,13.37,1,0,,408758.73,378234.2,433770.05
Bankstown,2019-07-09,17.5,5.0,10.93,2,0,,416095.11,408758.73,435288.58
Bankstown,2019-07-10,16.7,4.6,10.49,3,0,,425865.77,416095.11,436841.3
Bankstown,2019-07-11,19.2,8.0,14.48,4,0,,417744.76,425865.77,426836.76
Bankstown,2019-07-12,19.6,8.3,14.96,5,0,,408524.73,417744.76,417661.72
Bankstown,2019-07-13,16.3,9.3,13.32,6,0,,395590.77,408524.73,384909.39
Bankstown,2019-07-14,16.3,4.1,9.94,7,0,,402724.94,395590.77,378234.2
Bankstown,2019-07-15,17.5,5.0,12.98,1,0,,424033.6,402724.94,408758.73
Bankstown,2019-07-16,20.3,5.2,12.58,2,0,,427047.46,424033.6,416095.11
Bankstown,2019-07-17,19.0,6.6,12.72,3,0,,416337.41,427047.46,425865.77
Bankstown,2019-07-18,19.7,5.0,12.14,4,0,,415429.89,416337.41,417744.76
Bankstown,2019-07-19,20.1,2.0,9.67,5,0,,420477.1,415429.89,408524.73
Bankstown,2019-07-20,19.8,2.4,9.46,6,0,,392695.3,420477.1,395590.77
Bankstown,2019-07-21,23.2,2.4,10.56,7,0,,370135.29,392695.3,402724.94
Bankstown,2019-07-22,22.1,5.7,13.01,1,0,,402209.9,370135.29,424033.6
Bankstown,2019-07-23,22.6,3.7,11.37,2,0,,396510.94,402209.9,427047.46
Bankstown,2019-07-24,19.2,4.7,11.66,3,0,,401955.16,396510.94,416337.41
Bankstown,2019-07-25,19.2,4.1,10.77,4,0,,421280.97,401955.16,415429.89
Bankstown,2019-07-26,18.1,3.8,9.9,5,0,,426043.93,421280.97,420477.1
Bankstown,2019-07-27,18.5,8.1,12.51,6,0,,386591.84,426043.93,392695.3
Bankstown,2019-07-28,18.2,4.4,9.82,7,0,,381012.02,386591.84,370135.29
Bankstown,2019-07-29,20.0,4.2,11.23,1,0,,420606.87,381012.02,402209.9
Bankstown,2019-07-30,15.1,10.0,12.51,2,0,,428535.72,420606.87,396510.94
Bankstown,2019-07-31,16.3,7.6,11.77,3,0,,429613.83,428535.72,401955.16
Bankstown,2019-08-01,19.4,7.9,11.76,4,0,,417930.16,429613.83,421280.97
Bankstown,2019-08-02,17.9,7.0,11.07,5,0,,418770.57,417930.16,426043.93
Bankstown,2019-08-03,20.7,4.4,10.56,6,0,,387607.13,418770.57,386591.84
Bankstown,2019-08-04,17.1,7.5,11.82,7,0,,383811.76,387607.13,381012.02
Bankstown,2019-08-05,20.3,5.8,11.8,1,0,,406970.06,383811.76,420606.87
Bankstown,2019-08-06,20.9,2.0,9.08,2,0,,415079.49,406970.06,428535.72
Bankstown,2019-08-07,22.5,1.6,10.76,3,0,,410439.76,415079.49,429613.83
Bankstown,2019-08-08,19.9,3.1,12.64,4,0,,412231.84,410439.76,417930.16
Bankstown,2019-08-09,16.9,10.9,13.99,5,0,,414198.08,412231.84,418770.57
Bankstown,2019-08-10,14.7,8.7,11.64,6,0,,409199.56,414198.08,387607.13
Bankstown,2019-08-11,15.1,5.2,11.31,7,0,,411006.6,409199.56,383811.76
Bankstown,2019-08-12,17.8,4.4,11.2,1,0,,429068.77,411006.6,406970.06
Bankstown,2019-08-13,17.8,2.8,9.35,2,0,,435035.3,429068.77,415079.49
Bankstown,2019-08-14,18.9,5.2,9.98,3,0,,433267.31,435035.3,410439.76
Bankstown,2019-08-15,20.3,3.0,9.47,4,0,,418960.14,433267.31,412231.84
Bankstown,2019-08-16,24.1,1.6,12.6,5,0,,404881.21,418960.14,414198.08
Bankstown,2019-08-17,17.7,6.7,12.04,6,0,,369378.46,404881.21,409199.56
Bankstown,2019-08-18,20.5,5.4,12.71,7,0,,353479.12,369378.46,411006.6
Bankstown,2019-08-19,16.0,9.3,13.29,1,0,,397164.76,353479.12,429068.77
Bankstown,2019-08-20,20.1,6.2,13.05,2,0,,408972.72,397164.76,435035.3
Bankstown,2019-08-21,21.0,3.6,15.23,3,0,,390952.71,408972.72,433267.31
Bankstown,2019-08-22,18.6,7.9,14.0,4,0,,401224.08,390952.71,418960.14
Bankstown,2019-08-23,18.1,5.1,11.22,5,0,,409698.74,401224.08,404881.21
Bankstown,2019-08-24,24.6,1.4,11.01,6,0,,362326.06,409698.74,369378.46
Bankstown,2019-08-25,21.2,3.4,12.85,7,0,,352111.9,362326.06,353479.12
Bankstown,2019-08-26,15.6,12.5,13.72,1,0,,405019.5,352111.9,397164.76
Bankstown,2019-08-27,16.7,11.5,13.84,2,0,,403741.15,405019.5,408972.72
Bankstown,2019-08-28,21.1,7.8,13.45,3,0,,393142.64,403741.15,390952.71
Bankstown,2019-08-29,13.8,5.6,11.11,4,0,,431137.37,393142.64,401224.08
Bankstown,2019-08-30,14.6,10.4,12.63,5,0,,431891.62,431137.37,409698.74
Bankstown,2019-08-31,16.9,12.3,14.38,6,0,,383074.79,431891.62,362326.06
Bankstown,2019-09-01,22.9,7.9,14.61,7,0,,348416.22,383074.79,352111.9
Bankstown,2019-09-02,19.5,7.2,12.82,1,0,,377863.61,348416.22,405019.5
Bankstown,2019-09-03,22.8,7.3,14.1,2,0,,371946.05,377863.61,403741.15
Bankstown,2019-09-04,27.5,6.4,15.23,3,0,,368964.06,371946.05,393142.64
Bankstown,2019-09-05,21.3,11.5,16.59,4,0,,366966.53,368964.06,431137.37
Bankstown,2019-09-06,29.5,11.0,17.48,5,0,,364998.48,366966.53,431891.62
Bankstown,2019-09-07,18.2,6.2,14.25,6,0,,345366.97,364998.48,383074.79
Bankstown,2019-09-08,18.5,10.3,14.29,7,0,,343069.58,345366.97,348416.22
Bankstown,2019-09-09,17.3,10.1,13.16,1,0,,387333.12,343069.58,377863.61
Bankstown,2019-09-10,16.4,7.1,11.83,2,0,,398891.53,387333.12,371946.05
Bankstown,2019-09-11,19.5,5.9,12.65,3,0,,383889.66,398891.53,368964.06
Bankstown,2019-09-12,25.5,5.9,13.54,4,0,,378770.63,383889.66,366966.53
Bankstown,2019-09-13,19.7,10.7,15.6,5,0,,364261.25,378770.63,364998.48
Bankstown,2019-09-14,18.8,6.9,12.46,6,0,,338279.86,364261.25,345366.97
Bankstown,2019-09-15,27.1,6.5,15.89,7,0,,324389.41,338279.86,343069.58
Bankstown,2019-09-16,27.1,9.4,16.82,1,0,,356104.7,324389.41,387333.12
Bankstown,2019-09-17,14.6,8.5,12.12,2,0,,412611.12,356104.7,398891.53
Bankstown,2019-09-18,16.5,13.4,14.79,3,0,,392898.06,412611.12,383889.66
Bankstown,2019-09-19,20.4,14.2,16.78,4,0,,371137.2,392898.06,378770.63
Bankstown,2019-09-20,21.4,12.0,17.54,5,0,,358154.53,371137.2,364261.25
Bankstown,2019-09-21,24.5,15.0,19.51,6,0,,332852.42,358154.53,338279.86
Bankstown,2019-09-22,23.2,15.7,18.39,7,0,,317118.63,332852.42,324389.41
Bankstown,2019-09-23,20.8,7.6,15.11,1,0,,350257.21,317118.63,356104.7
Bankstown,2019-09-24,21.4,6.6,13.28,2,0,,357285.0,350257.21,412611.12
Bankstown,2019-09-25,19.6,6.8,13.85,3,0,,358207.94,357285.0,392898.06
Bankstown,2019-09-26,20.2,10.6,16.13,4,0,,360371.45,358207.94,371137.2
Bankstown,2019-09-27,25.4,10.7,17.23,5,0,,346536.35,360371.45,358154.53
Bankstown,2019-09-28,19.1,10.4,15.39,6,0,,326396.96,346536.35,332852.42
Bankstown,2019-09-29,21.4,8.9,15.7,7,0,,319614.08,326396.96,317118.63
Bankstown,2019-09-30,18.4,12.2,15.08,1,0,,359917.24,319614.08,350257.21
Bankstown,2019-10-01,20.0,8.7,15.01,2,0,,360787.76,359917.24,357285.0
Bankstown,2019-10-02,25.4,8.2,16.32,3,0,,349644.94,360787.76,358207.94
Bankstown,2019-10-03,29.9,10.1,19.06,4,0,,354142.68,349644.94,360371.45
Bankstown,2019-10-04,32.7,10.7,19.29,5,0,,350598.41,354142.68,346536.35
Bankstown,2019-10-05,18.2,15.0,16.48,6,0,,333603.76,350598.41,326396.96
Bankstown,2019-10-06,23.4,15.3,18.65,7,0,,314803.4,333603.76,319614.08
Bankstown,2019-10-07,21.1,16.5,18.94,1,1,Labour Day,318625.29,314803.4,359917.24
Bankstown,2019-10-08,23.0,12.8,16.52,2,0,,352570.02,318625.29,360787.76
Bankstown,2019-10-09,17.9,9.7,14.74,3,0,,349651.2,352570.02,349644.94
Bankstown,2019-10-10,18.7,9.9,14.81,4,0,,351039.46,349651.2,354142.68
Bankstown,2019-10-11,17.3,10.2,14.06,5,0,,360045.74,351039.46,350598.41
Bankstown,2019-10-12,17.0,11.2,13.79,6,0,,348070.93,360045.74,333603.76
Bankstown,2019-10-13,18.5,9.8,13.88,7,0,,325095.31,348070.93,314803.4
Bankstown,2019-10-14,22.0,9.1,16.23,1,0,,350509.04,325095.31,318625.29
Bankstown,2019-10-15,25.2,11.3,17.62,2,0,,350883.46,350509.04,352570.02
Bankstown,2019-10-16,25.1,14.4,19.59,3,0,,357374.05,350883.46,349651.2
Bankstown,2019-10-17,27.4,15.5,20.84,4,0,,348495.61,357374.05,351039.46
Bankstown,2019-10-18,24.8,8.1,16.65,5,0,,336875.44,348495.61,360045.74
Bankstown,2019-10-19,28.2,7.1,19.3,6,0,,318477.55,336875.44,348070.93
Bankstown,2019-10-20,20.3,7.7,14.99,7,0,,310903.92,318477.55,325095.31
Bankstown,2019-10-21,22.8,8.4,15.88,1,0,,346791.31,310903.92,350509.04
Bankstown,2019-10-22,24.1,9.0,16.33,2,0,,349576.24,346791.31,350883.46
Bankstown,2019-10-23,25.1,12.8,18.61,3,0,,355035.95,349576.24,357374.05
Bankstown,2019-10-24,25.8,15.8,20.6,4,0,,364907.84,355035.95,348495.61
Bankstown,2019-10-25,35.0,13.9,24.22,5,0,,381433.59,364907.84,336875.44
Bankstown,2019-10-26,30.6,18.8,25.75,6,0,,335804.64,381433.59,318477.55
Bankstown,2019-10-27,22.3,12.0,17.59,7,0,,307784.27,335804.64,310903.92
Bankstown,2019-10-28,20.5,10.7,15.99,1,0,,345061.46,307784.27,346791.31
Bankstown,2019-10-29,25.3,10.5,18.27,2,0,,350941.22,345061.46,349576.24
Bankstown,2019-10-30,28.6,13.8,20.66,3,0,,364140.3,350941.22,355035.95
Bankstown,2019-10-31,28.2,14.8,20.85,4,0,,375220.22,364140.3,364907.84
Bankstown,2019-11-01,25.9,12.9,20.33,5,0,,370611.02,375220.22,381433.59
Bankstown,2019-11-02,27.6,15.1,21.54,6,0,,347095.26,370611.02,335804.64
Bankstown,2019-11-03,30.4,15.2,21.79,7,0,,343402.55,347095.26,307784.27
Bankstown,2019-11-04,23.4,16.2,19.31,1,0,,356380.74,343402.55,345061.46
Bankstown,2019-11-05,18.5,11.5,16.16,2,0,,350790.4,356380.74,350941.22
Bankstown,2019-11-06,28.5,9.9,18.64,3,0,,340191.14,350790.4,364140.3
Bankstown,2019-11-07,29.9,16.4,24.54,4,0,,360226.37,340191.14,375220.22
Bankstown,2019-11-08,29.9,14.3,23.61,5,0,,359715.83,360226.37,370611.02
Bankstown,2019-11-09,19.0,12.3,15.92,6,0,,312268.02,359715.83,347095.26
Bankstown,2019-11-10,23.0,13.7,18.04,7,0,,308812.83,312268.02,343402.55
Bankstown,2019-11-11,25.9,11.7,19.19,1,0,,350836.97,308812.83,356380.74
Bankstown,2019-11-12,35.5,11.6,25.3,2,0,,377989.78,350836.97,350790.4
Bankstown,2019-11-13,22.0,12.6,17.51,3,0,,340892.52,377989.78,340191.14
Bankstown,2019-11-14,24.8,11.1,18.56,4,0,,350710.5,340892.52,360226.37
Bankstown,2019-11-15,32.8,10.7,22.81,5,0,,360479.83,350710.5,359715.83
Bankstown,2019-11-16,21.4,16.8,19.27,6,0,,325505.6,360479.83,312268.02
Bankstown,2019-11-17,20.9,17.0,18.61,7,0,,320624.69,325505.6,308812.83
Bankstown,2019-11-18,25.9,13.1,19.52,1,0,,354370.33,320624.69,350836.97
Bankstown,2019-11-19,34.6,11.8,22.78,2,0,,384330.15,354370.33,377989.78
Bankstown,2019-11-20,22.9,16.8,19.6,3,0,,371360.68,384330.15,340892.52
Bankstown,2019-11-21,27.2,14.7,21.51,4,0,,403510.89,371360.68,350710.5
Bankstown,2019-11-22,22.3,17.3,19.96,5,0,,387434.98,403510.89,360479.83
Bankstown,2019-11-23,22.1,18.2,19.85,6,0,,346238.22,387434.98,325505.6
Bankstown,2019-11-24,22.7,18.7,19.89,7,0,,334319.27,346238.22,320624.69
Bankstown,2019-11-25,30.5,17.2,22.48,1,0,,381505.1,334319.27,354370.33
Bankstown,2019-11-26,34.2,17.5,26.04,2,0,,385129.27,381505.1,384330.15
Bankstown,2019-11-27,22.7,9.6,17.42,3,0,,349278.59,385129.27,371360.68
Bankstown,2019-11-28,26.8,12.1,19.9,4,0,,366602.07,349278.59,403510.89
Bankstown,2019-11-29,29.3,19.4,23.21,5,0,,389730.62,366602.07,387434.98
Bankstown,2019-11-30,21.9,17.1,19.76,6,0,,340860.28,389730.62,346238.22
Bankstown,2019-12-01,23.5,17.2,19.68,7,0,,320846.33,340860.28,334319.27
Bankstown,2019-12-02,22.5,11.7,18.93,1,0,,343841.12,320846.33,381505.1
Bankstown,2019-12-03,28.4,8.9,19.91,2,0,,348050.43,343841.12,385129.27
Bankstown,2019-12-04,29.7,13.1,21.76,3,0,,359848.72,348050.43,349278.59
Bankstown,2019-12-05,33.3,11.4,22.39,4,0,,380097.76,359848.72,366602.07
Bankstown,2019-12-06,28.4,15.4,21.72,5,0,,380019.23,380097.76,389730.62
Bankstown,2019-12-07,26.2,14.9,20.77,6,0,,342865.92,380019.23,340860.28
Bankstown,2019-12-08,24.6,18.4,21.41,7,0,,332497.7,342865.92,320846.33
Bankstown,2019-12-09,25.9,20.0,22.46,1,0,,394173.45,332497.7,343841.12
Bankstown,2019-12-10,36.1,16.7,21.71,2,0,,413771.55,394173.45,348050.43
Bankstown,2019-12-11,21.8,17.9,19.44,3,0,,371928.32,413771.55,359848.72
Bankstown,2019-12-12,22.1,18.2,19.51,4,0,,366103.12,371928.32,380097.76
Bankstown,2019-12-13,23.1,17.3,19.9,5,0,,360995.71,366103.12,380019.23
Bankstown,2019-12-14,27.5,16.8,21.77,6,0,,347742.04,360995.71,342865.92
Bankstown,2019-12-15,28.3,19.7,23.28,7,0,,354380.92,347742.04,332497.7
Bankstown,2019-12-16,22.3,18.3,20.44,1,0,,368750.57,354380.92,394173.45
Bankstown,2019-12-17,24.3,13.2,19.66,2,0,,370670.93,368750.57,413771.55
Bankstown,2019-12-18,27.3,13.4,21.11,3,0,,385412.34,370670.93,371928.32
Bankstown,2019-12-19,40.0,16.5,27.53,4,0,,422884.52,385412.34,366103.12
Bankstown,2019-12-20,26.6,19.0,22.05,5,0,,392092.21,422884.52,360995.71
Bankstown,2019-12-21,33.5,20.0,24.62,6,0,,399457.17,392092.21,347742.04
Bankstown,2019-12-22,20.9,18.1,19.2,7,0,,327592.41,399457.17,354380.92
Bankstown,2019-12-23,24.5,16.8,20.25,1,0,,349780.23,327592.41,368750.57
Bankstown,2019-12-24,27.4,19.4,22.54,2,0,,361062.75,349780.23,370670.93
Bankstown,2019-12-25,27.4,19.9,22.76,3,1,Christmas Day,317628.96,361062.75,385412.34
Bankstown,2019-12-26,28.1,18.0,23.76,4,1,Boxing Day,333638.74,317628.96,422884.52
Bankstown,2019-12-27,28.5,19.2,23.65,5,0,,360393.59,333638.74,392092.21
Bankstown,2019-12-28,29.9,16.6,24.31,6,0,,369325.03,360393.59,399457.17
Bankstown,2019-12-29,29.3,18.1,23.69,7,0,,371819.56,369325.03,327592.41
Bankstown,2019-12-30,31.0,18.1,24.17,1,0,,399427.25,371819.56,349780.23
Bankstown,2019-12-31,42.1,17.7,26.31,2,0,,408178.89,399427.25,361062.75
Bankstown,2020-01-01,24.7,19.1,21.4,3,1,New Year's Day,339887.61,408178.89,317628.96
Bankstown,2020-01-02,25.3,19.9,22.14,4,0,,364425.94,339887.61,333638.74
Bankstown,2020-01-03,30.3,21.9,24.93,5,0,,403666.87,364425.94,360393.59
Bankstown,2020-01-04,44.7,20.1,30.65,6,0,,449051.87,403666.87,369325.03
Bankstown,2020-01-05,24.6,20.4,22.48,7,0,,349984.93,449051.87,371819.56
Bankstown,2020-01-06,25.2,17.4,21.1,1,0,,365738.4,349984.93,399427.25
Bankstown,2020-01-07,29.4,19.9,24.11,2,0,,395548.66,365738.4,408178.89
Bankstown,2020-01-08,26.1,21.2,23.01,3,0,,395305.3,395548.66,339887.61
Bankstown,2020-01-09,25.2,21.3,22.71,4,0,,384000.27,395305.3,364425.94
Bankstown,2020-01-10,30.2,21.8,26.41,5,0,,436723.29,384000.27,403666.87
Bankstown,2020-01-11,26.5,18.9,21.08,6,0,,348659.75,436723.29,449051.87
Bankstown,2020-01-12,21.6,18.1,19.48,7,0,,326036.0,348659.75,349984.93
Bankstown,2020-01-13,26.2,15.4,20.51,1,0,,355543.06,326036.0,365738.4
Bankstown,2020-01-14,27.1,16.5,22.03,2,0,,378964.09,355543.06,395548.66
Bankstown,2020-01-15,27.5,16.0,21.22,3,0,,390356.65,378964.09,395305.3
Bankstown,2020-01-16,27.9,20.2,22.51,4,0,,391083.05,390356.65,384000.27
Bankstown,2020-01-17,22.1,18.3,20.23,5,0,,368019.9,391083.05,436723.29
Bankstown,2020-01-18,23.2,19.4,21.26,6,0,,341375.14,368019.9,348659.75
Bankstown,2020-01-19,25.1,18.7,21.43,7,0,,337297.39,341375.14,326036.0
Bankstown,2020-01-20,29.0,19.5,23.5,1,0,,390447.97,337297.39,355543.06
Bankstown,2020-01-21,30.2,15.8,21.7,2,0,,389147.32,390447.97,378964.09
Bankstown,2020-01-22,30.3,18.0,24.8,3,0,,426826.88,389147.32,390356.65
Bankstown,2020-01-23,41.1,18.0,32.25,4,0,,488348.06,426826.88,391083.05
Bankstown,2020-01-24,30.1,22.4,24.61,5,0,,429207.01,488348.06,368019.9
Bankstown,2020-01-25,28.5,23.3,25.49,6,0,,396652.14,429207.01,341375.14
Bankstown,2020-01-26,35.3,24.2,28.48,7,0,,420022.54,396652.14,337297.39
Bankstown,2020-01-27,28.3,22.9,25.19,1,1,Australia Day,411117.4,420022.54,390447.97
Bankstown,2020-01-28,30.3,22.0,25.64,2,0,,462230.19,411117.4,389147.32
Bankstown,2020-01-29,27.1,20.1,24.03,3,0,,428169.16,462230.19,426826.88
Bankstown,2020-01-30,29.5,17.1,23.71,4,0,,441215.54,428169.16,488348.06
Bankstown,2020-01-31,31.9,21.0,26.6,5,0,,490449.95,441215.54,429207.01
Bankstown,2020-02-01,40.1,23.5,30.87,6,0,,511351.5,490449.95,396652.14
Bankstown,2020-02-02,27.1,22.1,24.98,7,0,,446363.26,511351.5,420022.54
Bankstown,2020-02-03,32.2,20.1,23.45,1,0,,415352.55,446363.26,411117.4
Bankstown,2020-02-04,21.9,17.4,19.95,2,0,,356772.66,415352.55,462230.19
Bankstown,2020-02-05,25.4,14.8,21.15,3,0,,366670.54,356772.66,428169.16
Bankstown,2020-02-06,24.1,20.1,21.45,4,0,,375826.71,366670.54,441215.54
Bankstown,2020-02-07,21.3,18.7,19.95,5,0,,369000.74,375826.71,490449.95
Bankstown,2020-02-08,23.4,19.1,20.92,6,0,,341617.3,369000.74,511351.5
Bankstown,2020-02-09,21.6,19.8,20.76,7,0,,339111.35,341617.3,446363.26
Bankstown,2020-02-10,27.4,20.6,22.79,1,0,,375672.7,339111.35,415352.55
Bankstown,2020-02-11,30.0,19.8,24.04,2,0,,397658.47,375672.7,356772.66
Bankstown,2020-02-12,26.0,21.4,23.34,3,0,,395804.29,397658.47,366670.54
Bankstown,2020-02-13,26.1,21.5,23.33,4,0,,403905.55,395804.29,375826.71
Bankstown,2020-02-14,26.0,19.6,22.94,5,0,,386962.17,403905.55,369000.74
Bankstown,2020-02-15,26.1,17.4,21.96,6,0,,358900.63,386962.17,341617.3
Bankstown,2020-02-16,25.7,19.1,22.48,7,0,,351046.97,358900.63,339111.35
Bankstown,2020-02-17,25.1,19.8,22.22,1,0,,390900.72,351046.97,375672.7
Bankstown,2020-02-18,30.4,19.1,23.6,2,0,,418356.09,390900.72,397658.47
Bankstown,2020-02-19,28.3,18.6,23.08,3,0,,373186.42,418356.09,395804.29
Bankstown,2020-02-20,23.0,15.7,20.01,4,0,,363422.35,373186.42,403905.55
Bankstown,2020-02-21,24.3,19.0,21.47,5,0,,367295.21,363422.35,386962.17
Bankstown,2020-02-22,23.1,18.0,20.61,6,0,,340303.99,367295.21,358900.63
Bankstown,2020-02-23,24.2,19.0,21.82,7,0,,340322.74,340303.99,351046.97
Bankstown,2020-02-24,27.3,17.3,22.16,1,0,,384285.98,340322.74,390900.72
Bankstown,2020-02-25,28.7,18.3,23.13,2,0,,403094.98,384285.98,418356.09
Bankstown,2020-02-26,31.9,20.0,24.99,3,0,,405309.24,403094.98,373186.42
Bankstown,2020-02-27,25.2,18.7,21.7,4,0,,375720.67,405309.24,363422.35
Bankstown,2020-02-28,24.1,11.9,19.62,5,0,,362560.47,375720.67,367295.21
Bankstown,2020-02-29,26.6,15.5,21.17,6,0,,345951.05,362560.47,340303.99
Bankstown,2020-03-01,28.8,16.6,22.32,7,0,,359268.74,345951.05,340322.74
Bankstown,2020-03-02,37.2,16.5,23.29,1,0,,413838.25,359268.74,384285.98
Bankstown,2020-03-03,21.2,18.5,19.73,2,0,,381677.6,413838.25,403094.98
Bankstown,2020-03-04,25.3,18.6,20.93,3,0,,382754.86,381677.6,405309.24
Bankstown,2020-03-05,22.8,21.2,21.98,4,0,,388504.04,382754.86,375720.67
Bankstown,2020-03-06,26.0,20.5,22.34,5,0,,378491.55,388504.04,362560.47
Bankstown,2020-03-07,22.7,18.3,20.39,6,0,,332433.93,378491.55,345951.05
Bankstown,2020-03-08,21.5,16.6,18.4,7,0,,319558.72,332433.93,359268.74
Bankstown,2020-03-09,21.7,16.7,18.6,1,0,,349656.33,319558.72,413838.25
Bankstown,2020-03-10,22.7,15.2,18.48,2,0,,354750.09,349656.33,381677.6
Bankstown,2020-03-11,24.5,12.6,18.5,3,0,,356091.96,354750.09,382754.86
Bankstown,2020-03-12,24.7,14.6,19.12,4,0,,359716.27,356091.96,388504.04
Bankstown,2020-03-13,25.4,12.4,18.93,5,0,,352001.44,359716.27,378491.55
Bankstown,2020-03-14,19.0,13.0,15.97,6,0,,334665.77,352001.44,332433.93
Bankstown,2020-03-15,20.0,15.0,17.33,7,0,,318754.5,334665.77,319558.72
Bankstown,2020-03-16,21.7,15.3,17.68,1,0,,352051.46,318754.5,349656.33
Bankstown,2020-03-17,22.1,13.8,17.8,2,0,,354597.73,352051.46,354750.09
Bankstown,2020-03-18,26.4,11.2,17.5,3,0,,349965.05,354597.73,356091.96
Bankstown,2020-03-19,32.8,14.0,22.13,4,0,,369428.88,349965.05,359716.27
Bankstown,2020-03-20,34.6,16.3,24.98,5,0,,383523.96,369428.88,352001.44
Bankstown,2020-03-21,24.2,15.1,19.76,6,0,,336329.34,383523.96,334665.77
Bankstown,2020-03-22,28.7,16.0,21.8,7,0,,325764.12,336329.34,318754.5
Bankstown,2020-03-23,21.5,16.2,18.92,1,0,,348273.3,325764.12,352051.46
Bankstown,2020-03-24,22.1,14.9,18.93,2,0,,353587.03,348273.3,354597.73
Bankstown,2020-03-25,24.8,15.4,19.58,3,0,,351550.96,353587.03,349965.05
Bankstown,2020-03-26,21.7,15.7,18.72,4,0,,349920.38,351550.96,369428.88
Bankstown,2020-03-27,22.1,13.7,18.11,5,0,,340263.96,349920.38,383523.96
Bankstown,2020-03-28,24.1,13.6,18.69,6,0,,319259.93,340263.96,336329.34
Bankstown,2020-03-29,23.9,16.5,20.22,7,0,,315950.57,319259.93,325764.12
Bankstown,2020-03-30,25.4,17.3,20.33,1,0,,347277.21,315950.57,348273.3
Bankstown,2020-03-31,25.2,14.5,19.04,2,0,,344932.73,347277.21,353587.03
Bankstown,2020-04-01,23.7,16.2,20.01,3,0,,350156.15,344932.73,351550.96
Bankstown,2020-04-02,25.3,15.3,19.75,4,0,,354115.76,350156.15,349920.38
Bankstown,2020-04-03,25.5,14.7,19.7,5,0,,350816.59,354115.76,340263.96
Bankstown,2020-04-04,25.9,13.8,21.46,6,0,,316928.35,350816.59,319259.93
Bankstown,2020-04-05,24.2,9.4,17.22,7,0,,299265.74,316928.35,315950.57
Bankstown,2020-04-06,24.0,10.0,17.27,1,0,,332987.71,299265.74,347277.21
Bankstown,2020-04-07,20.2,13.9,17.12,2,0,,343771.63,332987.71,344932.73
Bankstown,2020-04-08,19.4,15.6,17.36,3,0,,346952.44,343771.63,350156.15
Bankstown,2020-04-09,21.7,14.5,17.9,4,0,,344057.51,346952.44,354115.76
Bankstown,2020-04-10,22.9,13.0,17.09,5,1,Good Friday,324973.65,344057.51,350816.59
Bankstown,2020-04-11,26.3,10.1,17.59,6,1,Easter Saturday,304426.98,324973.65,316928.35
Bankstown,2020-04-12,20.6,9.9,14.59,7,1,Easter Sunday,301241.23,304426.98,299265.74
Bankstown,2020-04-13,21.9,7.4,14.45,1,1,Easter Monday,309490.24,301241.23,332987.71
Bankstown,2020-04-14,25.6,10.0,15.79,2,0,,332674.98,309490.24,343771.63
Bankstown,2020-04-15,27.8,11.9,17.4,3,0,,338626.15,332674.98,346952.44
Bankstown,2020-04-16,25.8,14.3,19.73,4,0,,342123.99,338626.15,344057.51
Bankstown,2020-04-17,26.6,11.6,19.47,5,0,,332110.56,342123.99,324973.65
Bankstown,2020-04-18,23.0,9.4,15.36,6,0,,313395.23,332110.56,304426.98
Bankstown,2020-04-19,20.9,8.6,14.56,7,0,,311082.91,313395.23,301241.23
Bankstown,2020-04-20,19.5,11.0,14.25,1,0,,342521.13,311082.91,309490.24
Bankstown,2020-04-21,25.3,9.7,17.19,2,0,,338707.44,342521.13,332674.98
Bankstown,2020-04-22,24.9,10.3,16.01,3,0,,335608.96,338707.44,338626.15
Bankstown,2020-04-23,24.4,8.5,15.73,4,0,,338394.59,335608.96,342123.99
Bankstown,2020-04-24,27.6,12.5,18.08,5,0,,336426.99,338394.59,332110.56
Bankstown,2020-04-25,26.9,10.4,17.48,6,1,ANZAC Day,310926.18,336426.99,313395.23
Bankstown,2020-04-26,27.1,9.7,17.58,7,0,,312997.45,310926.18,311082.91
Bankstown,2020-04-27,20.9,12.2,17.58,1,0,,343224.11,312997.45,342521.13
Bankstown,2020-04-28,22.3,15.6,18.83,2,0,,345588.15,343224.11,338707.44
Bankstown,2020-04-29,27.9,15.6,20.3,3,0,,348858.59,345588.15,335608.96
Bankstown,2020-04-30,18.8,10.8,14.8,4,0,,371411.33,348858.59,338394.59
Bankstown,2020-05-01,16.6,8.9,13.44,5,0,,371234.88,371411.33,336426.99
Bankstown,2020-05-02,18.3,12.3,14.79,6,0,,345933.53,371234.88,310926.18
Bankstown,2020-05-03,18.8,7.9,13.02,7,0,,334799.07,345933.53,312997.45
Bankstown,2020-05-04,18.7,7.7,13.21,1,0,,368316.66,334799.07,343224.11
Bankstown,2020-05-05,19.8,10.2,13.81,2,0,,368280.18,368316.66,345588.15
Bankstown,2020-05-06,22.7,7.6,13.2,3,0,,361817.55,368280.18,348858.59
Bankstown,2020-05-07,24.2,7.4,14.41,4,0,,362491.69,361817.55,371411.33
Bankstown,2020-05-08,27.1,10.1,18.29,5,0,,344573.61,362491.69,371234.88
Bankstown,2020-05-09,25.4,9.8,17.88,6,0,,329483.17,344573.61,345933.53
Bankstown,2020-05-10,18.0,8.3,13.29,7,0,,331538.71,329483.17,334799.07
Bankstown,2020-05-11,18.2,6.5,11.22,1,0,,381089.46,331538.71,368316.66
Bankstown,2020-05-12,20.2,5.2,12.13,2,0,,388104.62,381089.46,368280.18
Bankstown,2020-05-13,18.9,6.4,10.91,3,0,,394337.77,388104.62,361817.55
Bankstown,2020-05-14,17.3,6.4,12.31,4,0,,399014.26,394337.77,362491.69
Bankstown,2020-05-15,16.2,6.4,12.65,5,0,,395835.61,399014.26,344573.61
Bankstown,2020-05-16,18.8,7.1,12.37,6,0,,364424.76,395835.61,329483.17
Bankstown,2020-05-17,20.5,6.1,12.0,7,0,,352528.49,364424.76,331538.71
Bankstown,2020-05-18,19.3,8.4,13.0,1,0,,387702.59,352528.49,381089.46
Bankstown,2020-05-19,21.5,11.2,15.08,2,0,,375588.71,387702.59,388104.62
Bankstown,2020-05-20,24.4,9.3,15.71,3,0,,368143.61,375588.71,394337.77
Bankstown,2020-05-21,18.1,9.7,14.55,4,0,,392309.86,368143.61,399014.26
Bankstown,2020-05-22,16.1,8.9,12.05,5,0,,415461.87,392309.86,395835.61
Bankstown,2020-05-23,17.4,11.5,14.21,6,0,,385744.65,415461.87,364424.76
Bankstown,2020-05-24,17.5,12.8,15.49,7,0,,368027.6,385744.65,352528.49
Bankstown,2020-05-25,16.5,12.7,14.53,1,0,,411570.18,368027.6,387702.59
Bankstown,2020-05-26,18.7,12.6,15.15,2,0,,402827.08,411570.18,375588.71
Bankstown,2020-05-27,18.4,9.8,13.84,3,0,,391485.36,402827.08,368143.61
Bankstown,2020-05-28,21.5,8.2,13.13,4,0,,387532.48,391485.36,392309.86
Bankstown,2020-05-29,16.1,9.6,12.82,5,0,,400136.14,387532.48,415461.87
Bankstown,2020-05-30,20.2,6.9,12.69,6,0,,363861.07,400136.14,385744.65
Bankstown,2020-05-31,21.5,8.9,12.85,7,0,,350264.32,363861.07,368027.6
Bankstown,2020-06-01,22.3,8.4,14.18,1,0,,381336.2,350264.32,411570.18
Bankstown,2020-06-02,15.8,7.1,10.9,2,0,,430252.07,381336.2,402827.08
Bankstown,2020-06-03,18.2,5.6,12.68,3,0,,412571.27,430252.07,391485.36
Bankstown,2020-06-04,16.1,5.9,11.59,4,0,,423958.16,412571.27,387532.48
Bankstown,2020-06-05,18.9,3.4,9.21,5,0,,420999.72,423958.16,400136.14
Bankstown,2020-06-06,18.4,3.5,9.27,6,0,,394284.44,420999.72,363861.07
Bankstown,2020-06-07,16.4,5.4,10.2,7,0,,394904.78,394284.44,350264.32
Bankstown,2020-06-08,17.0,9.0,12.66,1,1,Queen's Birthday,380658.08,394904.78,381336.2
Bankstown,2020-06-09,18.4,7.3,12.58,2,0,,415314.24,380658.08,430252.07
Bankstown,2020-06-10,16.2,11.1,14.33,3,0,,416480.85,415314.24,412571.27
Bankstown,2020-06-11,20.5,10.4,14.96,4,0,,399017.49,416480.85,423958.16
Bankstown,2020-06-12,16.7,10.6,13.29,5,0,,413070.32,399017.49,420999.72
Bankstown,2020-06-13,19.7,8.4,13.74,6,0,,371535.7,413070.32,394284.44
Bankstown,2020-06-14,21.0,6.9,14.43,7,0,,355660.89,371535.7,394904.78
Bankstown,2020-06-15,20.3,6.0,12.14,1,0,,396667.55,355660.89,380658.08
Bankstown,2020-06-16,21.0,5.3,11.02,2,0,,396151.92,396667.55,415314.24
Bankstown,2020-06-17,17.4,6.2,11.87,3,0,,423104.11,396151.92,416480.85
Bankstown,2020-06-18,18.2,7.1,12.32,4,0,,407013.14,423104.11,399017.49
Bankstown,2020-06-19,19.2,4.9,10.6,5,0,,407228.07,407013.14,413070.32
Bankstown,2020-06-20,19.8,5.3,12.04,6,0,,377645.12,407228.07,371535.7
Bankstown,2020-06-21,18.4,10.1,12.83,7,0,,379272.22,377645.12,355660.89
Bankstown,2020-06-22,16.2,4.6,10.42,1,0,,429172.56,379272.22,396667.55
Bankstown,2020-06-23,16.4,5.1,10.52,2,0,,442233.42,429172.56,396151.92
Bankstown,2020-06-24,18.1,4.0,11.36,3,0,,436668.37,442233.42,423104.11
Bankstown,2020-06-25,18.0,6.0,12.09,4,0,,424800.75,436668.37,407013.14
Bankstown,2020-06-26,17.7,5.6,10.49,5,0,,427745.99,424800.75,407228.07
Bankstown,2020-06-27,16.0,8.8,11.57,6,0,,409995.24,427745.99,377645.12
Bankstown,2020-06-28,16.0,8.0,11.94,7,0,,399048.86,409995.24,379272.22
Bankstown,2020-06-29,15.4,7.1,11.14,1,0,,430407.44,399048.86,429172.56
Bankstown,2020-06-30,18.5,5.0,10.29,2,0,,429540.55,430407.44,442233.42
Bankstown,2020-07-01,21.1,4.3,11.84,3,0,,413898.88,429540.55,436668.37
Bankstown,2020-07-02,22.7,5.1,13.53,4,0,,396559.91,413898.88,424800.75
Bankstown,2020-07-03,17.8,6.0,12.78,5,0,,401989.2,396559.91,427745.99
Bankstown,2020-07-04,16.0,6.7,11.12,6,0,,399109.58,401989.2,409995.24
Bankstown,2020-07-05,18.1,5.4,10.94,7,0,,391142.32,399109.58,399048.86
Bankstown,2020-07-06,17.6,7.4,11.23,1,0,,429753.28,391142.32,430407.44
Bankstown,2020-07-07,16.5,9.1,12.38,2,0,,436239.4,429753.28,429540.55
Bankstown,2020-07-08,15.1,7.3,11.78,3,0,,435959.55,436239.4,413898.88
Bankstown,2020-07-09,17.7,4.9,10.49,4,0,,429995.72,435959.55,396559.91
Bankstown,2020-07-10,17.4,7.0,12.14,5,0,,428737.6,429995.72,401989.2
Bankstown,2020-07-11,15.2,9.1,12.51,6,0,,404782.43,428737.6,399109.58
Bankstown,2020-07-12,17.4,6.3,10.71,7,0,,393279.13,404782.43,391142.32
Bankstown,2020-07-13,17.0,5.6,11.21,1,0,,421683.57,393279.13,429753.28
Bankstown,2020-07-14,15.9,10.8,13.1,2,0,,444173.44,421683.57,436239.4
Bankstown,2020-07-15,15.7,10.4,12.86,3,0,,436731.96,444173.44,435959.55
Bankstown,2020-07-16,15.8,9.2,12.54,4,0,,435455.21,436731.96,429995.72
Bankstown,2020-07-17,15.4,9.8,12.74,5,0,,432362.89,435455.21,428737.6
Bankstown,2020-07-18,17.8,7.5,12.0,6,0,,392802.47,432362.89,404782.43
Bankstown,2020-07-19,18.8,3.7,11.65,7,0,,373466.09,392802.47,393279.13
Bankstown,2020-07-20,17.9,4.8,11.95,1,0,,407403.53,373466.09,421683.57
Bankstown,2020-07-21,16.2,5.3,10.35,2,0,,436682.75,407403.53,444173.44
Bankstown,2020-07-22,18.4,4.9,9.94,3,0,,436782.21,436682.75,436731.96
Bankstown,2020-07-23,19.3,3.3,8.57,4,0,,433838.1,436782.21,435455.21
Bankstown,2020-07-24,18.5,4.7,10.46,5,0,,425691.49,433838.1,432362.89
Bankstown,2020-07-25,18.4,4.9,11.34,6,0,,407676.38,425691.49,392802.47
Bankstown,2020-07-26,16.0,11.2,14.37,7,0,,407459.53,407676.38,373466.09
Bankstown,2020-07-27,16.8,12.5,14.78,1,0,,431745.29,407459.53,407403.53
Bankstown,2020-07-28,18.3,12.8,15.2,2,0,,417990.93,431745.29,436682.75
Bankstown,2020-07-29,18.7,7.9,12.45,3,0,,402245.84,417990.93,436782.21
Bankstown,2020-07-30,17.6,8.2,13.39,4,0,,411551.02,402245.84,433838.1
Bankstown,2020-07-31,16.8,6.0,10.06,5,0,,413731.88,411551.02,425691.49
Bankstown,2020-08-01,19.7,3.9,9.48,6,0,,387241.18,413731.88,407676.38
Bankstown,2020-08-02,19.9,3.7,9.78,7,0,,381432.46,387241.18,407459.53
Bankstown,2020-08-03,21.0,3.8,11.07,1,0,,411279.63,381432.46,431745.29
Bankstown,2020-08-04,21.4,3.6,12.84,2,0,,402116.74,411279.63,417990.93
Bankstown,2020-08-05,17.3,4.4,10.92,3,0,,424607.82,402116.74,402245.84
Bankstown,2020-08-06,14.9,4.5,9.32,4,0,,439711.13,424607.82,411551.02
Bankstown,2020-08-07,13.7,7.3,10.96,5,0,,469385.45,439711.13,413731.88
Bankstown,2020-08-08,16.1,9.6,12.6,6,0,,400631.25,469385.45,387241.18
Bankstown,2020-08-09,14.0,5.5,10.63,7,0,,411278.61,400631.25,381432.46
Bankstown,2020-08-10,15.7,10.6,13.44,1,0,,430235.73,411278.61,411279.63
Bankstown,2020-08-11,17.5,8.6,12.33,2,0,,420126.8,430235.73,402116.74
Bankstown,2020-08-12,18.1,7.7,12.17,3,0,,422763.8,420126.8,424607.82
Bankstown,2020-08-13,22.4,6.7,13.33,4,0,,386654.57,422763.8,439711.13
Bankstown,2020-08-14,17.8,7.1,12.87,5,0,,415078.55,386654.57,469385.45
Bankstown,2020-08-15,19.1,11.3,14.8,6,0,,373947.58,415078.55,400631.25
Bankstown,2020-08-16,19.8,9.3,15.35,7,0,,350649.79,373947.58,411278.61
Bankstown,2020-08-17,19.2,9.8,14.82,1,0,,377047.1,350649.79,430235.73
Bankstown,2020-08-18,20.7,8.3,14.11,2,0,,386658.63,377047.1,420126.8
Bankstown,2020-08-19,20.7,7.0,13.68,3,0,,390713.69,386658.63,422763.8
Bankstown,2020-08-20,17.6,8.2,13.73,4,0,,397194.98,390713.69,386654.57
Bankstown,2020-08-21,17.7,5.0,13.37,5,0,,402909.58,397194.98,415078.55
Bankstown,2020-08-22,14.8,7.5,11.53,6,0,,398089.52,402909.58,373947.58
Bankstown,2020-08-23,16.5,4.1,12.22,7,0,,383008.81,398089.52,350649.79
Bankstown,2020-08-24,17.4,7.2,11.59,1,0,,408180.12,383008.81,377047.1
Bankstown,2020-08-25,15.5,2.4,8.69,2,0,,423099.19,408180.12,386658.63
Bankstown,2020-08-26,18.4,3.1,9.57,3,0,,414436.69,423099.19,390713.69
Bankstown,2020-08-27,21.2,2.2,10.06,4,0,,402407.65,414436.69,397194.98
Bankstown,2020-08-28,17.9,6.2,12.71,5,0,,384701.19,402407.65,402909.58
Bankstown,2020-08-29,21.3,3.8,12.41,6,0,,358868.9,384701.19,398089.52
Bankstown,2020-08-30,25.4,4.0,12.34,7,0,,334280.32,358868.9,383008.81
Bankstown,2020-08-31,21.2,9.6,15.22,1,0,,362977.76,334280.32,408180.12
Bankstown,2020-09-01,17.1,7.8,13.41,2,0,,377228.1,362977.76,423099.19
Bankstown,2020-09-02,23.9,5.3,14.2,3,0,,372252.73,377228.1,414436.69
Bankstown,2020-09-03,30.2,9.9,21.38,4,0,,355342.05,372252.73,402407.65
Bankstown,2020-09-04,20.3,12.5,15.97,5,0,,362520.97,355342.05,384701.19
Bankstown,2020-09-05,20.8,8.4,14.6,6,0,,326546.04,362520.97,358868.9
Bankstown,2020-09-06,19.3,7.6,12.9,7,0,,332994.18,326546.04,334280.32
Bankstown,2020-09-07,21.8,6.6,13.77,1,0,,351267.09,332994.18,362977.76
Bankstown,2020-09-08,23.8,7.1,14.55,2,0,,351668.35,351267.09,377228.1
Bankstown,2020-09-09,17.9,12.3,14.28,3,0,,386275.84,351668.35,372252.73
Bankstown,2020-09-10,17.3,12.8,14.81,4,0,,373591.31,386275.84,355342.05
Bankstown,2020-09-11,19.7,10.1,14.82,5,0,,363679.8,373591.31,362520.97
Bankstown,2020-09-12,22.7,7.1,13.98,6,0,,331826.52,363679.8,326546.04
Bankstown,2020-09-13,24.8,8.7,14.74,7,0,,327233.32,331826.52,332994.18
Bankstown,2020-09-14,19.7,7.8,14.02,1,0,,342381.11,327233.32,351267.09
Bankstown,2020-09-15,21.8,13.2,17.53,2,0,,351069.22,342381.11,351668.35
Bankstown,2020-09-16,27.6,9.9,16.66,3,0,,344098.39,351069.22,386275.84
Bankstown,2020-09-17,30.5,11.0,18.45,4,0,,345760.57,344098.39,373591.31
Bankstown,2020-09-18,17.3,13.9,15.83,5,0,,360757.01,345760.57,363679.8
Bankstown,2020-09-19,22.0,15.1,18.12,6,0,,326669.88,360757.01,331826.52
Bankstown,2020-09-20,21.3,12.9,16.89,7,0,,326151.07,326669.88,327233.32
Bankstown,2020-09-21,28.3,11.4,20.15,1,0,,345116.75,326151.07,342381.11
Bankstown,2020-09-22,26.0,15.1,22.02,2,0,,337858.11,345116.75,351069.22
Bankstown,2020-09-23,23.0,9.5,17.18,3,0,,335747.82,337858.11,344098.39
Bankstown,2020-09-24,20.8,9.7,15.25,4,0,,339255.03,335747.82,345760.57
Bankstown,2020-09-25,23.0,7.8,15.42,5,0,,358364.32,339255.03,360757.01
Bankstown,2020-09-26,17.2,9.8,13.2,6,0,,336388.84,358364.32,326669.88
Bankstown,2020-09-27,17.2,9.3,12.99,7,0,,328268.04,336388.84,326151.07
Bankstown,2020-09-28,19.4,5.5,12.81,1,0,,345109.74,328268.04,345116.75
Bankstown,2020-09-29,19.1,10.2,14.7,2,0,,347825.59,345109.74,337858.11
Bankstown,2020-09-30,20.8,8.5,15.36,3,0,,364059.33,347825.59,335747.82
Bankstown,2020-10-01,25.1,10.4,16.87,4,0,,334328.48,364059.33,339255.03
Bankstown,2020-10-02,26.4,8.1,15.16,5,0,,330072.88,334328.48,358364.32
Bankstown,2020-10-03,28.6,9.0,17.76,6,0,,307718.76,330072.88,336388.84
Bankstown,2020-10-04,29.5,12.2,19.61,7,0,,300445.28,307718.76,328268.04
Bankstown,2020-10-05,32.7,12.0,20.21,1,1,Labour Day,308683.56,300445.28,345109.74
Bankstown,2020-10-06,19.5,15.6,17.15,2,0,,343251.5,308683.56,347825.59
Bankstown,2020-10-07,20.9,16.7,18.18,3,0,,351851.53,343251.5,364059.33
Bankstown,2020-10-08,27.8,14.3,21.35,4,0,,345785.69,351851.53,334328.48
Bankstown,2020-10-09,22.7,9.8,17.65,5,0,,327913.86,345785.69,330072.88
Bankstown,2020-10-10,25.6,11.6,18.34,6,0,,301915.1,327913.86,307718.76
Bankstown,2020-10-11,27.2,9.6,18.4,7,0,,298637.41,301915.1,300445.28
Bankstown,2020-10-12,24.1,14.4,19.31,1,0,,335360.27,298637.41,308683.56
Bankstown,2020-10-13,29.0,11.7,17.87,2,0,,342544.18,335360.27,343251.5
Bankstown,2020-10-14,21.1,15.8,18.09,3,0,,337821.5,342544.18,351851.53
Bankstown,2020-10-15,26.5,12.8,18.66,4,0,,341512.81,337821.5,345785.69
Bankstown,2020-10-16,20.1,15.2,17.41,5,0,,348096.72,341512.81,327913.86
Bankstown,2020-10-17,26.4,15.1,19.97,6,0,,322285.44,348096.72,301915.1
Bankstown,2020-10-18,24.8,15.4,18.82,7,0,,314285.46,322285.44,298637.41
Bankstown,2020-10-19,19.3,15.1,16.88,1,0,,337841.12,314285.46,335360.27
Bankstown,2020-10-20,21.3,13.8,17.64,2,0,,342267.69,337841.12,342544.18
Bankstown,2020-10-21,23.1,11.1,16.58,3,0,,334760.3,342267.69,337821.5
Bankstown,2020-10-22,23.0,13.2,18.38,4,0,,345535.84,334760.3,341512.81
Bankstown,2020-10-23,26.3,15.1,20.01,5,0,,344404.54,345535.84,348096.72
Bankstown,2020-10-24,24.9,14.8,19.94,6,0,,336031.33,344404.54,322285.44
Bankstown,2020-10-25,15.3,12.7,14.11,7,0,,333182.74,336031.33,314285.46
Bankstown,2020-10-26,16.3,13.7,14.4,1,0,,369140.38,333182.74,337841.12
Bankstown,2020-10-27,18.6,13.8,15.48,2,0,,356502.47,369140.38,342267.69
Bankstown,2020-10-28,19.7,12.8,16.29,3,0,,352400.41,356502.47,334760.3
Bankstown,2020-10-29,19.8,13.3,16.49,4,0,,347001.23,352400.41,345535.84
Bankstown,2020-10-30,21.4,10.5,16.48,5,0,,334454.3,347001.23,344404.54
Bankstown,2020-10-31,22.9,14.3,17.82,6,0,,324302.15,334454.3,336031.33
Bankstown,2020-11-01,19.1,13.6,16.8,7,0,,316437.29,324302.15,333182.74
Bankstown,2020-11-02,20.5,12.1,16.89,1,0,,334505.68,316437.29,369140.38
Bankstown,2020-11-03,21.6,11.4,16.91,2,0,,331932.35,334505.68,356502.47
Bankstown,2020-11-04,25.2,11.0,18.21,3,0,,335236.97,331932.35,352400.41
Bankstown,2020-11-05,21.1,12.5,15.1,4,0,,363272.76,335236.97,347001.23
Bankstown,2020-11-06,19.0,12.0,15.59,5,0,,331717.62,363272.76,334454.3
Bankstown,2020-11-07,19.3,10.8,16.18,6,0,,311069.35,331717.62,324302.15
Bankstown,2020-11-08,19.4,13.9,16.78,7,0,,299669.36,311069.35,316437.29
Bankstown,2020-11-09,20.6,11.8,16.14,1,0,,330919.36,299669.36,334505.68
Bankstown,2020-11-10,21.6,9.9,16.58,2,0,,332456.91,330919.36,331932.35
Bankstown,2020-11-11,24.1,11.6,18.58,3,0,,339454.87,332456.91,335236.97
Bankstown,2020-11-12,31.0,15.7,23.43,4,0,,356875.17,339454.87,363272.76
Bankstown,2020-11-13,28.8,15.7,21.55,5,0,,350597.69,356875.17,331717.62
Bankstown,2020-11-14,25.5,14.6,19.79,6,0,,312887.39,350597.69,311069.35
Bankstown,2020-11-15,28.3,14.0,19.76,7,0,,323469.25,312887.39,299669.36
Bankstown,2020-11-16,37.8,16.3,25.65,1,0,,400224.25,323469.25,330919.36
Bankstown,2020-11-17,22.1,16.5,19.4,2,0,,351900.63,400224.25,332456.91
Bankstown,2020-11-18,23.5,16.4,19.58,3,0,,342657.67,351900.63,339454.87
Bankstown,2020-11-19,24.9,13.1,19.68,4,0,,352233.97,342657.67,356875.17
Bankstown,2020-11-20,31.4,16.6,23.71,5,0,,388636.91,352233.97,350597.69
Bankstown,2020-11-21,22.8,18.4,20.16,6,0,,333144.55,388636.91,312887.39
Bankstown,2020-11-22,26.5,16.3,22.62,7,0,,342333.12,333144.55,323469.25
Bankstown,2020-11-23,25.8,19.1,22.1,1,0,,369630.89,342333.12,400224.25
Bankstown,2020-11-24,22.3,18.1,19.84,2,0,,344736.46,369630.89,351900.63
Bankstown,2020-11-25,23.4,16.7,19.99,3,0,,350373.4,344736.46,342657.67
Bankstown,2020-11-26,32.5,14.8,22.89,4,0,,389245.17,350373.4,352233.97
Bankstown,2020-11-27,26.3,18.6,21.77,5,0,,381849.07,389245.17,388636.91
Bankstown,2020-11-28,40.4,18.3,30.08,6,0,,439991.19,381849.07,333144.55
Bankstown,2020-11-29,40.1,19.7,28.79,7,0,,428264.18,439991.19,342333.12
Bankstown,2020-11-30,22.6,18.6,20.28,1,0,,363821.77,428264.18,369630.89
Bankstown,2020-12-01,27.9,17.5,23.17,2,0,,399333.33,363821.77,344736.46
Bankstown,2020-12-02,22.1,16.9,19.67,3,0,,368069.12,399333.33,350373.4
Bankstown,2020-12-03,21.4,17.4,19.95,4,0,,363723.79,368069.12,389245.17
Bankstown,2020-12-04,32.7,16.8,23.76,5,0,,376492.83,363723.79,381849.07
Bankstown,2020-12-05,24.9,19.1,21.63,6,0,,346175.83,376492.83,439991.19
Bankstown,2020-12-06,29.6,16.8,25.2,7,0,,323389.88,346175.83,428264.18
Bankstown,2020-12-07,29.5,13.5,22.86,1,0,,355564.67,323389.88,363821.77
Bankstown,2020-12-08,21.2,15.0,18.29,2,0,,333831.27,355564.67,399333.33
Bankstown,2020-12-09,25.0,13.1,19.56,3,0,,339382.2,333831.27,368069.12
Bankstown,2020-12-10,26.8,14.6,20.13,4,0,,350904.09,339382.2,363723.79
Bankstown,2020-12-11,21.2,17.3,19.0,5,0,,341723.11,350904.09,376492.83
Bankstown,2020-12-12,22.8,15.3,18.54,6,0,,318940.56,341723.11,346175.83
Bankstown,2020-12-13,24.3,14.4,18.89,7,0,,312304.75,318940.56,323389.88
Bankstown,2020-12-14,24.0,17.8,20.34,1,0,,356144.12,312304.75,355564.67
Bankstown,2020-12-15,25.6,18.9,21.34,2,0,,374841.17,356144.12,333831.27
Bankstown,2020-12-16,27.3,21.9,23.23,3,0,,392538.96,374841.17,339382.2
Bankstown,2020-12-17,31.9,21.3,25.95,4,0,,417543.91,392538.96,350904.09
Bankstown,2020-12-18,32.3,19.4,24.45,5,0,,409050.25,417543.91,341723.11
Bankstown,2020-12-19,19.9,17.7,18.73,6,0,,339148.37,409050.25,318940.56
Bankstown,2020-12-20,23.3,17.8,19.76,7,0,,327559.78,339148.37,312304.75
Bankstown,2020-12-21,23.2,17.8,19.79,1,0,,364705.65,327559.78,356144.12
Bankstown,2020-12-22,27.8,17.7,21.31,2,0,,352004.77,364705.65,374841.17
Bankstown,2020-12-23,24.1,15.9,20.42,3,0,,331308.82,352004.77,392538.96
Bankstown,2020-12-24,26.1,15.3,21.42,4,0,,332197.28,331308.82,417543.91
Bankstown,2020-12-25,21.3,17.3,19.14,5,1,Christmas Day,290102.22,332197.28,409050.25
Bankstown,2020-12-26,24.4,17.0,19.33,6,1,Boxing Day,296719.2,290102.22,339148.37
Bankstown,2020-12-27,30.2,15.8,21.85,7,0,,317503.11,296719.2,327559.78
Bankstown,2020-12-28,26.4,16.9,20.65,1,1,Boxing Day (observed),322861.85,317503.11,364705.65
Bankstown,2020-12-29,20.3,16.9,18.36,2,0,,327193.07,322861.85,352004.77
Bankstown,2020-12-30,23.3,17.1,19.43,3,0,,329192.35,327193.07,331308.82
Bankstown,2020-12-31,22.9,15.5,20.17,4,0,,326846.72,329192.35,332197.28
Bankstown,2021-01-01,21.4,17.3,19.4,5,1,New Year's Day,310182.12,326846.72,290102.22
Bankstown,2021-01-02,22.1,16.7,19.0,6,0,,315759.2,310182.12,296719.2
Bankstown,2021-01-03,25.5,19.5,21.42,7,0,,324110.19,315759.2,317503.11
Bankstown,2021-01-04,28.0,18.3,21.46,1,0,,358428.8,324110.19,322861.85
Bankstown,2021-01-05,28.2,17.6,22.29,2,0,,360502.36,358428.8,327193.07
Bankstown,2021-01-06,23.3,18.4,21.06,3,0,,348951.79,360502.36,329192.35
Bankstown,2021-01-07,22.1,17.7,19.71,4,0,,337831.45,348951.79,326846.72
Bankstown,2021-01-08,21.4,17.4,19.72,5,0,,332025.44,337831.45,310182.12
Bankstown,2021-01-09,24.0,14.2,19.96,6,0,,318285.9,332025.44,315759.2
Bankstown,2021-01-10,26.9,14.5,20.88,7,0,,319658.78,318285.9,324110.19
Bankstown,2021-01-11,27.3,15.9,22.21,1,0,,362113.08,319658.78,358428.8
Bankstown,2021-01-12,30.1,16.1,23.85,2,0,,386818.9,362113.08,360502.36
Bankstown,2021-01-13,28.7,18.9,24.26,3,0,,396276.48,386818.9,348951.79
Bankstown,2021-01-14,32.8,20.3,24.95,4,0,,414681.19,396276.48,337831.45
Bankstown,2021-01-15,28.1,20.5,23.69,5,0,,389512.72,414681.19,332025.44
Bankstown,2021-01-16,25.6,15.5,21.06,6,0,,308640.29,389512.72,318285.9
Bankstown,2021-01-17,24.2,12.2,19.96,7,0,,309423.89,308640.29,319658.78
Bankstown,2021-01-18,29.3,16.1,23.0,1,0,,376581.88,309423.89,362113.08
Bankstown,2021-01-19,23.5,16.8,20.84,2,0,,360490.41,376581.88,386818.9
Bankstown,2021-01-20,22.3,13.9,18.64,3,0,,349841.26,360490.41,396276.48
Bankstown,2021-01-21,26.4,11.8,20.14,4,0,,355764.1,349841.26,414681.19
Bankstown,2021-01-22,33.7,16.3,25.09,5,0,,402784.1,355764.1,389512.72
Bankstown,2021-01-23,32.0,21.0,26.04,6,0,,400888.55,402784.1,308640.29
Bankstown,2021-01-24,34.9,20.6,27.64,7,0,,414246.09,400888.55,309423.89
Bankstown,2021-01-25,31.9,21.4,26.44,1,0,,448290.15,414246.09,376581.88
Bankstown,2021-01-26,38.5,20.1,27.88,2,1,Australia Day,436769.68,448290.15,360490.41
Bankstown,2021-01-27,24.2,18.8,21.15,3,0,,395062.47,436769.68,349841.26
Bankstown,2021-01-28,22.2,18.5,20.01,4,0,,365146.71,395062.47,355764.1
Bankstown,2021-01-29,21.2,18.5,20.12,5,0,,367247.2,365146.71,402784.1
Bankstown,2021-01-30,30.2,21.3,24.14,6,0,,357311.22,367247.2,400888.55
Bankstown,2021-01-31,22.8,21.1,22.02,7,0,,341456.12,357311.22,414246.09
Bankstown,2021-02-01,27.2,18.6,22.86,1,0,,375803.9,341456.12,448290.15
Bankstown,2021-02-02,23.3,17.5,20.04,2,0,,355162.09,375803.9,436769.68
Bankstown,2021-02-03,23.9,16.9,20.05,3,0,,347299.42,355162.09,395062.47
Bankstown,2021-02-04,27.6,15.9,22.28,4,0,,375599.02,347299.42,365146.71
Bankstown,2021-02-05,27.8,18.4,24.19,5,0,,393493.57,375599.02,367247.2
Bankstown,2021-02-06,25.1,19.7,23.11,6,0,,356565.56,393493.57,357311.22
Bankstown,2021-02-07,26.5,17.5,21.46,7,0,,334011.56,356565.56,341456.12
Bankstown,2021-02-08,22.8,19.0,20.93,1,0,,359521.94,334011.56,375803.9
Bankstown,2021-02-09,24.4,15.6,20.67,2,0,,355550.63,359521.94,355162.09
Bankstown,2021-02-10,24.2,15.7,19.7,3,0,,353246.82,355550.63,347299.42
Bankstown,2021-02-11,26.7,15.7,21.97,4,0,,363002.66,353246.82,375599.02
Bankstown,2021-02-12,33.5,17.9,24.45,5,0,,386642.7,363002.66,393493.57
Bankstown,2021-02-13,22.8,18.2,20.67,6,0,,348600.89,386642.7,356565.56
Bankstown,2021-02-14,23.3,16.6,19.99,7,0,,309960.14,348600.89,334011.56
Bankstown,2021-02-15,23.3,19.0,20.39,1,0,,341570.6,309960.14,359521.94
Bankstown,2021-02-16,25.1,18.5,20.64,2,0,,354149.16,341570.6,355550.63
Bankstown,2021-02-17,24.2,17.0,19.98,3,0,,352861.99,354149.16,353246.82
Bankstown,2021-02-18,24.3,15.6,20.99,4,0,,356547.77,352861.99,363002.66
Bankstown,2021-02-19,26.7,19.4,22.9,5,0,,375632.48,356547.77,386642.7
Bankstown,2021-02-20,28.6,18.6,22.4,6,0,,359980.9,375632.48,348600.89
Bankstown,2021-02-21,26.7,19.5,23.17,7,0,,360496.63,359980.9,309960.14
Bankstown,2021-02-22,27.6,19.1,22.69,1,0,,389603.3,360496.63,341570.6
Bankstown,2021-02-23,20.8,17.3,19.49,2,0,,361997.62,389603.3,354149.16
Bankstown,2021-02-24,21.7,16.3,18.81,3,0,,357768.58,361997.62,352861.99
Bankstown,2021-02-25,23.0,15.6,19.02,4,0,,367888.01,357768.58,356547.77
Bankstown,2021-02-26,25.8,15.6,20.42,5,0,,359876.1,367888.01,375632.48
Bankstown,2021-02-27,23.1,19.6,21.01,6,0,,345049.08,359876.1,359980.9
Bankstown,2021-02-28,25.8,18.2,22.03,7,0,,340637.28,345049.08,360496.63
Bankstown,2021-03-01,30.3,17.8,23.09,1,0,,409099.74,340637.28,389603.3
Bankstown,2021-03-02,22.8,17.7,20.67,2,0,,359845.91,409099.74,361997.62
Bankstown,2021-03-03,21.6,17.7,19.33,3,0,,349888.88,359845.91,357768.58
Bankstown,2021-03-04,28.4,14.3,20.76,4,0,,349077.97,349888.88,367888.01
Bankstown,2021-03-05,23.7,13.7,19.46,5,0,,344091.64,349077.97,359876.1
Bankstown,2021-03-06,22.7,17.6,19.84,6,0,,317764.8,344091.64,345049.08
Bankstown,2021-03-07,25.5,14.8,20.86,7,0,,313878.15,317764.8,340637.28
Bankstown,2021-03-08,30.7,16.9,22.66,1,0,,369495.46,313878.15,409099.74
Bankstown,2021-03-09,27.5,16.5,22.37,2,0,,367196.18,369495.46,359845.91
Bankstown,2021-03-10,25.3,18.4,22.05,3,0,,365308.94,367196.18,349888.88
Bankstown,2021-03-11,25.7,17.8,21.77,4,0,,376411.19,365308.94,349077.97
Bankstown,2021-03-12,27.0,20.3,22.61,5,0,,376612.53,376411.19,344091.64
Bankstown,2021-03-13,30.2,17.8,23.65,6,0,,366092.77,376612.53,317764.8
Bankstown,2021-03-14,24.4,14.6,18.04,7,0,,340444.05,366092.77,313878.15
Bankstown,2021-03-15,21.5,11.7,17.12,1,0,,332669.89,340444.05,369495.46
Bankstown,2021-03-16,21.3,14.2,18.26,2,0,,351858.01,332669.89,367196.18
Bankstown,2021-03-17,22.6,16.1,19.41,3,0,,356553.02,351858.01,365308.94
Bankstown,2021-03-18,18.6,18.6,18.6,4,0,,7094.51,356553.02,376411.19
